window_id,packet_count,byte_count,mean_pkt_size,syn_count,synack_count,fin_count,rst_count,ack_count,psh_count,icmp_count,udp_count,unique_src,unique_dst_ports,new_connections,syn_to_synack_ratio,iat_mean,iat_std,attack_type,is_attack
0,10,2950,295.0,1,1,2,0,9,4,0,0,2,2,1,1.0,0.0036,0.0036,BENIGN,0
1,9,1587,176.33,1,1,2,0,8,3,0,0,2,2,1,1.0,0.004,0.005,BENIGN,0
3,8,1062,132.75,1,1,2,0,7,2,0,0,2,2,1,1.0,0.0046,0.0066,BENIGN,0
4,19,3530,185.79,2,2,4,0,17,7,0,0,2,3,2,1.0,0.0465,0.1764,BENIGN,0
6,10,2340,234.0,1,1,2,0,9,4,0,0,2,2,1,1.0,0.0036,0.0036,BENIGN,0
7,8,904,113.0,1,1,2,0,7,2,0,0,2,2,1,1.0,0.0046,0.0066,BENIGN,0
8,9,1623,180.33,1,1,2,0,8,3,0,0,2,2,1,1.0,0.004,0.005,BENIGN,0
10,10,1842,184.2,1,1,2,0,9,4,0,0,2,2,1,1.0,0.0036,0.0036,BENIGN,0
11,20,4925,246.25,2,2,4,0,18,8,0,0,3,3,2,1.0,0.0348,0.1327,BENIGN,0
12,9,1195,132.78,1,1,2,0,8,3,0,0,2,2,1,1.0,0.004,0.005,BENIGN,0
14,10,1354,135.4,1,1,2,0,9,4,0,0,2,2,1,1.0,0.0036,0.0036,BENIGN,0
15,10,2017,201.7,1,1,2,0,9,4,0,0,2,2,1,1.0,0.0036,0.0036,BENIGN,0
16,10,2186,218.6,1,1,2,0,9,4,0,0,2,2,1,1.0,0.0036,0.0036,BENIGN,0
17,10,2344,234.4,1,1,2,0,9,4,0,0,2,2,1,1.0,0.0036,0.0036,BENIGN,0
19,10,1727,172.7,1,1,2,0,9,4,0,0,2,2,1,1.0,0.0036,0.0036,BENIGN,0
20,10,1175,117.5,1,1,2,0,9,4,0,0,2,2,1,1.0,0.0036,0.0036,BENIGN,0
21,9,1763,195.89,1,1,2,0,8,3,0,0,2,2,1,1.0,0.004,0.005,BENIGN,0
23,10,1944,194.4,1,1,2,0,9,4,0,0,2,2,1,1.0,0.0036,0.0036,BENIGN,0
24,9,1057,117.44,1,1,2,0,8,3,0,0,2,2,1,1.0,0.004,0.005,BENIGN,0
25,10,2632,263.2,1,1,2,0,9,4,0,0,2,2,1,1.0,0.0036,0.0036,BENIGN,0
26,10,2595,259.5,1,1,2,0,9,4,0,0,2,2,1,1.0,0.0036,0.0036,BENIGN,0
27,10,1635,163.5,1,1,2,0,9,4,0,0,2,2,1,1.0,0.0036,0.0036,BENIGN,0
28,5,533,106.6,1,1,0,0,4,2,0,0,2,2,1,1.0,0.0025,0.0026,BENIGN,0
29,4,204,51.0,0,0,2,0,3,0,1,0,3,2,0,0.0,0.0033,0.0033,BENIGN,0
30,69,13603,197.14,8,8,14,0,61,24,0,0,2,9,8,1.0,0.0054,0.0071,BENIGN,0
31,9,1265,140.56,1,1,2,0,8,3,0,0,3,3,1,1.0,0.1243,0.3182,BENIGN,0
32,4,375,93.75,0,0,2,0,4,1,0,0,2,2,0,0.0,0.006,0.0071,BENIGN,0
33,10,1579,157.9,1,1,2,0,9,4,0,0,2,2,1,1.0,0.0036,0.0036,BENIGN,0
34,10,1831,183.1,1,1,2,0,9,4,0,0,2,2,1,1.0,0.0036,0.0036,BENIGN,0
35,8,684,85.5,1,1,2,0,7,2,0,0,2,2,1,1.0,0.0046,0.0066,BENIGN,0
36,11,1167,106.09,1,1,2,0,9,4,1,0,3,2,1,1.0,0.004,0.0037,BENIGN,0
37,9,1762,195.78,1,1,2,0,8,3,0,0,2,2,1,1.0,0.004,0.005,BENIGN,0
39,9,1796,199.56,1,1,2,0,8,3,0,0,2,2,1,1.0,0.004,0.005,BENIGN,0
40,9,959,106.56,1,1,2,0,8,3,0,0,2,2,1,1.0,0.004,0.005,BENIGN,0
41,9,935,103.89,1,1,2,0,7,2,1,0,2,2,1,1.0,0.005,0.0063,BENIGN,0
42,10,1814,181.4,1,1,2,0,9,4,0,0,2,2,1,1.0,0.0036,0.0036,BENIGN,0
43,10,2739,273.9,1,1,2,0,9,4,0,0,2,2,1,1.0,0.0036,0.0036,BENIGN,0
44,10,1934,193.4,1,1,2,0,8,3,1,0,2,2,1,1.0,0.0044,0.0049,BENIGN,0
45,8,937,117.12,1,1,2,0,7,2,0,0,2,2,1,1.0,0.0046,0.0066,BENIGN,0
46,8,1012,126.5,1,1,2,0,7,2,0,0,2,2,1,1.0,0.0046,0.0066,BENIGN,0
48,10,2077,207.7,1,1,2,0,9,4,0,0,2,2,1,1.0,0.0036,0.0036,BENIGN,0
49,10,2935,293.5,1,1,2,0,9,4,0,0,2,2,1,1.0,0.0036,0.0036,BENIGN,0
50,10,1792,179.2,1,1,2,0,9,4,0,0,2,2,1,1.0,0.0036,0.0036,BENIGN,0
52,8,1007,125.88,1,1,2,0,7,2,0,0,2,2,1,1.0,0.0046,0.0066,BENIGN,0
53,8,1187,148.38,1,1,2,0,7,2,0,0,2,2,1,1.0,0.0046,0.0066,BENIGN,0
54,8,906,113.25,1,1,2,0,7,2,0,0,2,2,1,1.0,0.0046,0.0066,BENIGN,0
55,9,1074,119.33,1,1,2,0,7,2,1,0,2,2,1,1.0,0.005,0.0063,BENIGN,0
56,8,1106,138.25,1,1,2,0,7,2,0,0,2,2,1,1.0,0.0046,0.0066,BENIGN,0
57,10,2829,282.9,1,1,2,0,9,4,0,0,2,2,1,1.0,0.0036,0.0036,BENIGN,0
58,9,1538,170.89,1,1,2,0,8,3,0,0,2,2,1,1.0,0.004,0.005,BENIGN,0
59,11,2908,264.36,1,1,2,0,9,4,1,0,2,2,1,1.0,0.004,0.0037,BENIGN,0
60,9,1245,138.33,1,1,2,0,8,3,0,0,2,2,1,1.0,0.004,0.005,BENIGN,0
61,32,5948,185.88,4,4,6,0,28,11,0,0,2,5,4,1.0,0.0044,0.0057,BENIGN,0
62,32,6440,201.25,3,3,8,0,29,11,0,0,2,5,3,1.0,0.0054,0.0066,BENIGN,0
63,8,1045,130.62,1,1,2,0,7,2,0,0,2,2,1,1.0,0.0046,0.0066,BENIGN,0
64,9,2003,222.56,1,1,2,0,8,3,0,0,2,2,1,1.0,0.004,0.005,BENIGN,0
65,8,1139,142.38,1,1,2,0,7,2,0,0,2,2,1,1.0,0.0046,0.0066,BENIGN,0
67,10,2497,249.7,1,1,2,0,9,4,0,0,2,2,1,1.0,0.0036,0.0036,BENIGN,0
68,64,12133,189.58,7,7,14,0,56,21,1,0,3,8,7,1.0,0.0053,0.0083,BENIGN,0
70,8,998,124.75,1,1,2,0,7,2,0,0,2,2,1,1.0,0.0046,0.0066,BENIGN,0
71,9,1662,184.67,1,1,2,0,8,3,0,0,2,2,1,1.0,0.004,0.005,BENIGN,0
72,10,2719,271.9,1,1,2,0,9,4,0,0,2,2,1,1.0,0.0036,0.0036,BENIGN,0
73,10,2480,248.0,1,1,2,0,9,4,0,0,2,2,1,1.0,0.0036,0.0036,BENIGN,0
74,10,1654,165.4,1,1,2,0,8,3,1,0,3,2,1,1.0,0.0044,0.0049,BENIGN,0
76,10,1220,122.0,1,1,2,0,9,4,0,0,2,2,1,1.0,0.0036,0.0036,BENIGN,0
77,8,619,77.38,1,1,2,0,7,2,0,0,2,2,1,1.0,0.0046,0.0066,BENIGN,0
78,10,2702,270.2,1,1,2,0,9,4,0,0,2,2,1,1.0,0.0036,0.0036,BENIGN,0
79,10,2854,285.4,1,1,2,0,9,4,0,0,2,2,1,1.0,0.0036,0.0036,BENIGN,0
81,8,1236,154.5,1,1,2,0,7,2,0,0,2,2,1,1.0,0.0046,0.0066,BENIGN,0
82,10,2639,263.9,1,1,2,0,9,4,0,0,2,2,1,1.0,0.0036,0.0036,BENIGN,0
83,8,687,85.88,1,1,2,0,7,2,0,0,2,2,1,1.0,0.0046,0.0066,BENIGN,0
84,8,1187,148.38,1,1,2,0,7,2,0,0,2,2,1,1.0,0.0046,0.0066,BENIGN,0
85,8,1047,130.88,1,1,2,0,7,2,0,0,2,2,1,1.0,0.0046,0.0066,BENIGN,0
87,8,862,107.75,1,1,2,0,7,2,0,0,2,2,1,1.0,0.0046,0.0066,BENIGN,0
88,16,1463,91.44,2,2,4,0,14,4,0,0,3,3,2,1.0,0.043,0.144,BENIGN,0
89,9,2008,223.11,1,1,2,0,8,3,0,0,2,2,1,1.0,0.004,0.005,BENIGN,0
90,8,948,118.5,1,1,2,0,7,2,0,0,2,2,1,1.0,0.0046,0.0066,BENIGN,0
92,8,977,122.12,1,1,2,0,7,2,0,0,2,2,1,1.0,0.0046,0.0066,BENIGN,0
94,44,7936,180.36,5,5,10,0,39,14,0,0,2,6,5,1.0,0.0206,0.0989,BENIGN,0
95,45,8691,193.13,5,5,10,0,40,15,0,0,2,6,5,1.0,0.0177,0.0804,BENIGN,0
97,9,1491,165.67,1,1,2,0,8,3,0,0,2,2,1,1.0,0.004,0.005,BENIGN,0
98,10,2794,279.4,1,1,2,0,9,4,0,0,2,2,1,1.0,0.0036,0.0036,BENIGN,0
99,9,1499,166.56,1,1,2,0,8,3,0,0,2,2,1,1.0,0.004,0.005,BENIGN,0
101,82,15554,189.68,9,9,18,0,73,28,0,0,2,10,9,1.0,0.0051,0.0073,BENIGN,0
102,10,2406,240.6,1,1,2,0,9,4,0,0,2,2,1,1.0,0.0036,0.0036,BENIGN,0
103,9,1921,213.44,1,1,2,0,8,3,0,0,2,2,1,1.0,0.004,0.005,BENIGN,0
104,8,1131,141.38,1,1,2,0,7,2,0,0,2,2,1,1.0,0.0046,0.0066,BENIGN,0
106,8,827,103.38,1,1,2,0,7,2,0,0,2,2,1,1.0,0.0046,0.0066,BENIGN,0
107,9,1917,213.0,1,1,2,0,8,3,0,0,2,2,1,1.0,0.004,0.005,BENIGN,0
109,9,964,107.11,1,1,2,0,8,3,0,0,2,2,1,1.0,0.004,0.005,BENIGN,0
110,9,1195,132.78,1,1,2,0,8,3,0,0,2,2,1,1.0,0.004,0.005,BENIGN,0
111,19,4272,224.84,2,2,4,0,17,7,0,0,2,3,2,1.0,0.0397,0.1482,BENIGN,0
112,10,2808,280.8,1,1,2,0,9,4,0,0,2,2,1,1.0,0.0036,0.0036,BENIGN,0
113,9,1876,208.44,1,1,2,0,8,3,0,0,2,2,1,1.0,0.004,0.005,BENIGN,0
115,21,3903,185.86,2,2,4,0,18,8,1,0,2,3,2,1.0,0.0374,0.1467,BENIGN,0
116,9,1270,141.11,1,1,2,0,8,3,0,0,2,2,1,1.0,0.004,0.005,BENIGN,0
118,9,1110,123.33,1,1,2,0,8,3,0,0,2,2,1,1.0,0.004,0.005,BENIGN,0
119,9,1995,221.67,1,1,2,0,8,3,0,0,2,2,1,1.0,0.004,0.005,BENIGN,0
120,10,1190,119.0,1,1,2,0,8,3,1,0,2,2,1,1.0,0.0044,0.0049,BENIGN,0
122,8,748,93.5,1,1,2,0,7,2,0,0,2,2,1,1.0,0.0046,0.0066,BENIGN,0
124,10,1841,184.1,1,1,2,0,9,4,0,0,2,2,1,1.0,0.0036,0.0036,BENIGN,0
125,10,1847,184.7,1,1,2,0,9,4,0,0,2,2,1,1.0,0.0036,0.0036,BENIGN,0
126,9,1191,132.33,1,1,2,0,7,2,1,0,2,2,1,1.0,0.005,0.0063,BENIGN,0
128,10,1680,168.0,1,1,2,0,9,4,0,0,2,2,1,1.0,0.0036,0.0036,BENIGN,0
129,8,949,118.62,1,1,2,0,7,2,0,0,2,2,1,1.0,0.0046,0.0066,BENIGN,0
130,8,801,100.12,1,1,2,0,7,2,0,0,2,2,1,1.0,0.0046,0.0066,BENIGN,0
131,9,1431,159.0,1,1,2,0,8,3,0,0,2,2,1,1.0,0.004,0.005,BENIGN,0
132,8,928,116.0,1,1,2,0,7,2,0,0,2,2,1,1.0,0.0046,0.0066,BENIGN,0
133,8,1266,158.25,1,1,2,0,7,2,0,0,2,2,1,1.0,0.0046,0.0066,BENIGN,0
134,9,1504,167.11,1,1,2,0,8,3,0,0,2,2,1,1.0,0.004,0.005,BENIGN,0
136,10,1747,174.7,1,1,2,0,8,3,1,0,3,2,1,1.0,0.0044,0.0049,BENIGN,0
137,8,760,95.0,1,1,2,0,7,2,0,0,2,2,1,1.0,0.0046,0.0066,BENIGN,0
139,9,1000,111.11,1,1,2,0,8,3,0,0,2,2,1,1.0,0.004,0.005,BENIGN,0
140,8,807,100.88,1,1,2,0,7,2,0,0,2,2,1,1.0,0.0046,0.0066,BENIGN,0
141,9,1274,141.56,1,1,2,0,8,3,0,0,2,2,1,1.0,0.004,0.005,BENIGN,0
142,9,1059,117.67,1,1,2,0,8,3,0,0,2,2,1,1.0,0.004,0.005,BENIGN,0
143,10,998,99.8,1,1,2,0,8,3,1,0,2,2,1,1.0,0.0044,0.0049,BENIGN,0
145,9,1939,215.44,1,1,2,0,8,3,0,0,2,2,1,1.0,0.004,0.005,BENIGN,0
146,20,4253,212.65,2,2,4,0,18,8,0,0,2,3,2,1.0,0.0355,0.1354,BENIGN,0
148,10,2232,223.2,1,1,2,0,9,4,0,0,2,2,1,1.0,0.0036,0.0036,BENIGN,0
149,9,1820,202.22,1,1,2,0,8,3,0,0,2,2,1,1.0,0.004,0.005,BENIGN,0
151,130,7037,54.13,67,1,2,54,63,4,0,0,3,122,67,67.0,0.0075,0.014,SYN_SCAN,1
152,156,7166,45.94,84,1,2,64,72,3,0,0,3,149,84,84.0,0.0064,0.0055,SYN_SCAN,1
153,157,7228,46.04,84,1,2,64,73,4,0,0,3,149,84,84.0,0.0063,0.0055,SYN_SCAN,1
154,42,3009,71.64,19,1,2,15,23,3,0,0,3,35,19,19.0,0.0174,0.0727,SYN_SCAN,1
156,9,1336,148.44,1,1,2,0,8,3,0,0,2,2,1,1.0,0.004,0.005,BENIGN,0
157,10,1337,133.7,1,1,2,0,8,3,1,0,3,2,1,1.0,0.0044,0.0049,BENIGN,0
159,13,2158,166.0,2,2,2,0,11,4,0,0,2,3,2,1.0,0.069,0.2164,BENIGN,0
160,18,3613,200.72,2,2,4,0,16,6,0,0,2,4,2,1.0,0.0585,0.2161,BENIGN,0
161,77,15228,197.77,8,8,18,0,69,26,0,0,2,10,8,1.0,0.0125,0.0632,BENIGN,0
162,10,2002,200.2,1,1,2,0,9,4,0,0,2,2,1,1.0,0.0036,0.0036,BENIGN,0
163,10,2888,288.8,1,1,2,0,9,4,0,0,2,2,1,1.0,0.0036,0.0036,BENIGN,0
164,10,1777,177.7,1,1,2,0,9,4,0,0,2,2,1,1.0,0.0036,0.0036,BENIGN,0
165,8,1070,133.75,1,1,2,0,7,2,0,0,2,2,1,1.0,0.0046,0.0066,BENIGN,0
166,9,1215,135.0,1,1,2,0,8,3,0,0,2,2,1,1.0,0.004,0.005,BENIGN,0
168,89,16110,181.01,10,10,20,0,79,29,0,0,2,11,10,1.0,0.0055,0.008,BENIGN,0
169,9,1094,121.56,1,1,2,0,7,2,1,0,2,2,1,1.0,0.005,0.0063,BENIGN,0
170,8,713,89.12,1,1,2,0,7,2,0,0,2,2,1,1.0,0.0046,0.0066,BENIGN,0
172,16,3992,249.5,2,2,2,0,14,7,0,0,3,3,2,1.0,0.0492,0.172,BENIGN,0
173,11,896,81.45,1,1,4,0,10,2,0,0,2,3,1,1.0,0.0652,0.1844,BENIGN,0
174,9,1492,165.78,1,1,2,0,8,3,0,0,2,2,1,1.0,0.004,0.005,BENIGN,0
175,8,764,95.5,1,1,2,0,7,2,0,0,2,2,1,1.0,0.0046,0.0066,BENIGN,0
177,8,790,98.75,1,1,2,0,7,2,0,0,2,2,1,1.0,0.0046,0.0066,BENIGN,0
178,8,851,106.38,1,1,2,0,7,2,0,0,2,2,1,1.0,0.0046,0.0066,BENIGN,0
179,8,1052,131.5,1,1,2,0,7,2,0,0,2,2,1,1.0,0.0046,0.0066,BENIGN,0
180,81,15204,187.7,9,9,18,0,72,27,0,0,2,10,9,1.0,0.0048,0.0069,BENIGN,0
181,8,974,121.75,1,1,2,0,7,2,0,0,2,2,1,1.0,0.0046,0.0066,BENIGN,0
182,8,854,106.75,1,1,2,0,7,2,0,0,2,2,1,1.0,0.0046,0.0066,BENIGN,0
183,10,1925,192.5,1,1,2,0,9,4,0,0,2,2,1,1.0,0.0036,0.0036,BENIGN,0
184,9,884,98.22,1,1,2,0,7,2,1,0,2,2,1,1.0,0.005,0.0063,BENIGN,0
185,8,810,101.25,1,1,2,0,7,2,0,0,2,2,1,1.0,0.0046,0.0066,BENIGN,0
186,9,2035,226.11,1,1,2,0,8,3,0,0,2,2,1,1.0,0.004,0.005,BENIGN,0
188,9,1346,149.56,1,1,2,0,8,3,0,0,2,2,1,1.0,0.004,0.005,BENIGN,0
189,8,1289,161.12,1,1,2,0,7,2,0,0,2,2,1,1.0,0.0046,0.0066,BENIGN,0
190,10,2162,216.2,1,1,2,0,9,4,0,0,2,2,1,1.0,0.0036,0.0036,BENIGN,0
191,10,1584,158.4,1,1,2,0,9,4,0,0,2,2,1,1.0,0.0036,0.0036,BENIGN,0
192,18,3039,168.83,2,2,4,0,16,6,0,0,3,3,2,1.0,0.038,0.1359,BENIGN,0
193,10,2714,271.4,1,1,2,0,9,4,0,0,2,2,1,1.0,0.0036,0.0036,BENIGN,0
194,10,2391,239.1,1,1,2,0,9,4,0,0,2,2,1,1.0,0.0036,0.0036,BENIGN,0
196,10,1598,159.8,1,1,2,0,9,4,0,0,2,2,1,1.0,0.0036,0.0036,BENIGN,0
197,8,929,116.12,1,1,2,0,7,2,0,0,2,2,1,1.0,0.0046,0.0066,BENIGN,0
198,99,18431,186.17,11,11,22,0,88,33,0,0,2,12,11,1.0,0.0046,0.0066,BENIGN,0
199,20,4385,219.25,2,2,4,0,17,7,1,0,3,3,2,1.0,0.0471,0.1831,BENIGN,0
201,9,1220,135.56,1,1,2,0,7,2,1,0,2,2,1,1.0,0.005,0.0063,BENIGN,0
202,10,1981,198.1,1,1,2,0,9,4,0,0,2,2,1,1.0,0.0036,0.0036,BENIGN,0
203,73,12781,175.08,9,8,16,0,64,24,0,0,2,9,9,1.125,0.0066,0.0094,BENIGN,0
204,27,4788,177.33,2,3,6,0,25,10,0,0,2,4,2,0.667,0.0309,0.1272,BENIGN,0
206,10,1751,175.1,1,1,2,0,9,4,0,0,2,2,1,1.0,0.0036,0.0036,BENIGN,0
207,8,881,110.12,1,1,2,0,7,2,0,0,2,2,1,1.0,0.0046,0.0066,BENIGN,0
208,18,2999,166.61,2,2,4,0,16,6,0,0,3,3,2,1.0,0.0422,0.153,BENIGN,0
209,8,740,92.5,1,1,2,0,7,2,0,0,2,2,1,1.0,0.0046,0.0066,BENIGN,0
210,9,1132,125.78,1,1,2,0,8,3,0,0,2,2,1,1.0,0.004,0.005,BENIGN,0
212,10,1908,190.8,1,1,2,0,9,4,0,0,2,2,1,1.0,0.0036,0.0036,BENIGN,0
213,10,1766,176.6,1,1,2,0,9,4,0,0,2,2,1,1.0,0.0036,0.0036,BENIGN,0
215,8,636,79.5,1,1,2,0,7,2,0,0,2,2,1,1.0,0.0046,0.0066,BENIGN,0
216,8,878,109.75,1,1,2,0,7,2,0,0,2,2,1,1.0,0.0046,0.0066,BENIGN,0
218,9,948,105.33,1,1,2,0,8,3,0,0,2,2,1,1.0,0.004,0.005,BENIGN,0
219,8,1037,129.62,1,1,2,0,7,2,0,0,2,2,1,1.0,0.0046,0.0066,BENIGN,0
220,11,2928,266.18,1,1,2,0,9,4,1,0,2,2,1,1.0,0.004,0.0037,BENIGN,0
221,9,1066,118.44,1,1,2,0,8,3,0,0,2,2,1,1.0,0.004,0.005,BENIGN,0
222,10,2256,225.6,1,1,2,0,9,4,0,0,2,2,1,1.0,0.0036,0.0036,BENIGN,0
223,10,1894,189.4,1,1,2,0,9,4,0,0,2,2,1,1.0,0.0036,0.0036,BENIGN,0
225,10,1542,154.2,1,1,2,0,9,4,0,0,2,2,1,1.0,0.0036,0.0036,BENIGN,0
227,10,1156,115.6,1,1,2,0,9,4,0,0,2,2,1,1.0,0.0036,0.0036,BENIGN,0
228,8,860,107.5,1,1,2,0,7,2,0,0,2,2,1,1.0,0.0046,0.0066,BENIGN,0
230,8,831,103.88,1,1,2,0,7,2,0,0,2,2,1,1.0,0.0046,0.0066,BENIGN,0
231,9,1569,174.33,1,1,2,0,8,3,0,0,2,2,1,1.0,0.004,0.005,BENIGN,0
232,9,1718,190.89,1,1,2,0,8,3,0,0,2,2,1,1.0,0.004,0.005,BENIGN,0
233,10,2342,234.2,1,1,2,0,9,4,0,0,2,2,1,1.0,0.0036,0.0036,BENIGN,0
235,8,647,80.88,1,1,2,0,7,2,0,0,2,2,1,1.0,0.0046,0.0066,BENIGN,0
236,9,1197,133.0,1,1,2,0,8,3,0,0,2,2,1,1.0,0.004,0.005,BENIGN,0
237,9,862,95.78,1,1,2,0,7,2,1,0,2,2,1,1.0,0.005,0.0063,BENIGN,0
238,10,2031,203.1,1,1,2,0,9,4,0,0,2,2,1,1.0,0.0036,0.0036,BENIGN,0
239,9,1215,135.0,1,1,2,0,7,2,1,0,3,2,1,1.0,0.005,0.0063,BENIGN,0
240,9,1048,116.44,1,1,2,0,8,3,0,0,2,2,1,1.0,0.004,0.005,BENIGN,0
242,9,1140,126.67,1,1,2,0,8,3,0,0,2,2,1,1.0,0.004,0.005,BENIGN,0
243,21,4349,207.1,2,2,4,0,18,8,1,0,3,3,2,1.0,0.0377,0.1479,BENIGN,0
244,9,1949,216.56,1,1,2,0,8,3,0,0,2,2,1,1.0,0.004,0.005,BENIGN,0
245,10,1521,152.1,1,1,2,0,9,4,0,0,2,2,1,1.0,0.0036,0.0036,BENIGN,0
247,9,2145,238.33,1,1,2,0,8,3,0,0,2,2,1,1.0,0.004,0.005,BENIGN,0
248,19,4111,216.37,2,2,4,0,17,7,0,0,3,3,2,1.0,0.0439,0.1656,BENIGN,0
250,73,12818,175.59,8,8,16,0,65,25,0,0,3,9,8,1.0,0.0098,0.0457,BENIGN,0
251,8,1060,132.5,1,1,2,0,7,2,0,0,2,2,1,1.0,0.0046,0.0066,BENIGN,0
252,14,1522,108.71,2,2,3,0,12,4,0,0,3,3,2,1.0,0.0033,0.0039,HTTP_ATTACK,1
253,24,2512,104.67,4,4,4,0,20,8,0,0,2,5,4,1.0,0.0356,0.0822,HTTP_ATTACK,1
254,32,3268,102.12,5,5,6,0,27,10,0,0,3,6,5,1.0,0.0262,0.0699,HTTP_ATTACK,1
255,27,3891,144.11,4,4,5,0,23,9,0,0,3,5,4,1.0,0.0227,0.0657,HTTP_ATTACK,1
256,28,3079,109.96,4,4,5,0,24,10,0,0,3,5,4,1.0,0.0272,0.0693,HTTP_ATTACK,1
257,9,1232,136.89,1,1,2,0,8,3,0,0,2,2,1,1.0,0.004,0.005,BENIGN,0
259,12,2565,213.75,2,2,2,0,10,4,0,0,2,3,2,1.0,0.0691,0.2081,BENIGN,0
260,14,3140,224.29,1,1,2,0,12,6,1,0,2,3,1,1.0,0.0758,0.2475,BENIGN,0
261,3,120,40.0,0,0,2,0,3,0,0,0,2,2,0,0.0,0.001,0.0,BENIGN,0
262,11,2108,191.64,1,1,2,0,9,4,1,0,2,2,1,1.0,0.004,0.0037,BENIGN,0
263,9,1746,194.0,1,1,2,0,8,3,0,0,2,2,1,1.0,0.004,0.005,BENIGN,0
265,9,698,77.56,1,1,2,0,7,2,1,0,2,2,1,1.0,0.005,0.0063,BENIGN,0
266,8,1095,136.88,1,1,2,0,7,2,0,0,2,2,1,1.0,0.0046,0.0066,BENIGN,0
267,10,1720,172.0,1,1,2,0,8,3,1,0,2,2,1,1.0,0.0044,0.0049,BENIGN,0
269,10,2061,206.1,1,1,2,0,9,4,0,0,2,2,1,1.0,0.0036,0.0036,BENIGN,0
270,10,1504,150.4,1,1,2,0,9,4,0,0,2,2,1,1.0,0.0036,0.0036,BENIGN,0
271,18,2688,149.33,2,2,4,0,16,6,0,0,2,3,2,1.0,0.0379,0.1357,BENIGN,0
272,8,1026,128.25,1,1,2,0,7,2,0,0,2,2,1,1.0,0.0046,0.0066,BENIGN,0
274,9,910,101.11,1,1,2,0,7,2,1,0,2,2,1,1.0,0.005,0.0063,BENIGN,0
275,10,2360,236.0,1,1,2,0,9,4,0,0,2,2,1,1.0,0.0036,0.0036,BENIGN,0
276,20,4159,207.95,2,2,4,0,18,8,0,0,2,3,2,1.0,0.0333,0.1261,BENIGN,0
277,10,1487,148.7,1,1,2,0,9,4,0,0,2,2,1,1.0,0.0036,0.0036,BENIGN,0
278,8,830,103.75,1,1,2,0,7,2,0,0,2,2,1,1.0,0.0046,0.0066,BENIGN,0
279,5,826,165.2,1,1,0,0,4,2,0,0,2,2,1,1.0,0.0025,0.0026,BENIGN,0
280,3,120,40.0,0,0,2,0,3,0,0,0,2,2,0,0.0,0.001,0.0,BENIGN,0
281,8,1047,130.88,1,1,2,0,7,2,0,0,2,2,1,1.0,0.0046,0.0066,BENIGN,0
282,9,1745,193.89,1,1,2,0,8,3,0,0,2,2,1,1.0,0.004,0.005,BENIGN,0
283,10,1114,111.4,1,1,2,0,9,4,0,0,2,2,1,1.0,0.0036,0.0036,BENIGN,0
284,17,2650,155.88,2,2,4,0,15,5,0,0,3,3,2,1.0,0.0418,0.1457,BENIGN,0
286,10,1958,195.8,1,1,2,0,8,3,1,0,2,2,1,1.0,0.0044,0.0049,BENIGN,0
287,18,1863,103.5,2,2,4,0,15,5,1,0,2,3,2,1.0,0.0427,0.1528,BENIGN,0
288,9,2040,226.67,1,1,2,0,8,3,0,0,2,2,1,1.0,0.004,0.005,BENIGN,0
289,9,1539,171.0,1,1,2,0,8,3,0,0,2,2,1,1.0,0.004,0.005,BENIGN,0
290,9,1173,130.33,1,1,2,0,8,3,0,0,2,2,1,1.0,0.004,0.005,BENIGN,0
291,8,1198,149.75,1,1,2,0,7,2,0,0,2,2,1,1.0,0.0046,0.0066,BENIGN,0
292,9,2086,231.78,1,1,2,0,8,3,0,0,2,2,1,1.0,0.004,0.005,BENIGN,0
294,19,3173,167.0,2,2,4,0,17,7,0,0,2,3,2,1.0,0.0474,0.1799,BENIGN,0
296,9,1141,126.78,1,1,2,0,8,3,0,0,2,2,1,1.0,0.004,0.005,BENIGN,0
297,5,1003,200.6,1,1,0,0,4,2,0,0,2,2,1,1.0,0.0025,0.0026,BENIGN,0
298,3,120,40.0,0,0,2,0,3,0,0,0,2,2,0,0.0,0.001,0.0,BENIGN,0
299,9,1638,182.0,1,1,2,0,8,3,0,0,2,2,1,1.0,0.004,0.005,BENIGN,0
300,9,1876,208.44,1,1,2,0,8,3,0,0,2,2,1,1.0,0.004,0.005,BENIGN,0
301,8,1102,137.75,1,1,2,0,7,2,0,0,2,2,1,1.0,0.0046,0.0066,BENIGN,0
303,130,67395,518.42,1,1,2,0,9,4,120,0,3,2,1,1.0,0.0076,0.0197,ICMP_FLOOD,1
304,176,93894,533.49,1,1,2,0,8,3,167,0,3,2,1,1.0,0.0057,0.0011,ICMP_FLOOD,1
305,185,95670,517.14,2,2,4,0,17,7,166,0,3,3,2,1.0,0.0054,0.0016,ICMP_FLOOD,1
306,59,28862,489.19,1,1,2,0,9,4,49,0,3,2,1,1.0,0.0155,0.0749,ICMP_FLOOD,1
308,18,1984,110.22,2,2,4,0,16,6,0,0,2,3,2,1.0,0.0425,0.1541,BENIGN,0
309,9,1065,118.33,1,1,2,0,7,2,1,0,2,2,1,1.0,0.005,0.0063,BENIGN,0
310,10,1666,166.6,1,1,2,0,9,4,0,0,2,2,1,1.0,0.0036,0.0036,BENIGN,0
311,10,1113,111.3,1,1,2,0,9,4,0,0,2,2,1,1.0,0.0036,0.0036,BENIGN,0
312,9,1408,156.44,1,1,2,0,8,3,0,0,2,2,1,1.0,0.004,0.005,BENIGN,0
313,10,2127,212.7,1,1,2,0,9,4,0,0,2,2,1,1.0,0.0036,0.0036,BENIGN,0
314,9,995,110.56,1,1,2,0,8,3,0,0,2,2,1,1.0,0.004,0.005,BENIGN,0
316,9,1124,124.89,1,1,2,0,8,3,0,0,2,2,1,1.0,0.004,0.005,BENIGN,0
317,14,1894,135.29,2,2,2,0,12,5,0,0,2,3,2,1.0,0.0549,0.1782,BENIGN,0
318,5,1152,230.4,0,0,2,0,5,2,0,0,2,2,0,0.0,0.0045,0.0045,BENIGN,0
319,11,1714,155.82,2,1,2,0,9,4,0,0,2,2,2,2.0,0.0815,0.2339,BENIGN,0
320,79,14139,178.97,8,9,18,0,71,26,0,0,2,10,8,0.889,0.0107,0.0424,BENIGN,0
322,8,751,93.88,1,1,2,0,7,2,0,0,2,2,1,1.0,0.0046,0.0066,BENIGN,0
323,10,2404,240.4,1,1,2,0,9,4,0,0,2,2,1,1.0,0.0036,0.0036,BENIGN,0
324,9,1301,144.56,1,1,2,0,7,2,1,0,3,2,1,1.0,0.005,0.0063,BENIGN,0
325,19,3975,209.21,2,2,4,0,17,7,0,0,2,3,2,1.0,0.0463,0.1755,BENIGN,0
327,8,862,107.75,1,1,2,0,7,2,0,0,2,2,1,1.0,0.0046,0.0066,BENIGN,0
328,9,1812,201.33,1,1,2,0,8,3,0,0,2,2,1,1.0,0.004,0.005,BENIGN,0
329,10,1642,164.2,1,1,2,0,9,4,0,0,2,2,1,1.0,0.0036,0.0036,BENIGN,0
330,10,2465,246.5,1,1,2,0,9,4,0,0,2,2,1,1.0,0.0036,0.0036,BENIGN,0
332,18,2489,138.28,2,2,4,0,16,6,0,0,2,3,2,1.0,0.0389,0.1399,BENIGN,0
334,9,1724,191.56,1,1,2,0,8,3,0,0,2,2,1,1.0,0.004,0.005,BENIGN,0
335,8,870,108.75,1,1,2,0,7,2,0,0,2,2,1,1.0,0.0046,0.0066,BENIGN,0
336,9,1130,125.56,1,1,2,0,8,3,0,0,2,2,1,1.0,0.004,0.005,BENIGN,0
338,18,3390,188.33,2,2,4,0,16,6,0,0,3,3,2,1.0,0.0374,0.1335,BENIGN,0
339,9,1254,139.33,1,1,2,0,8,3,0,0,2,2,1,1.0,0.004,0.005,BENIGN,0
341,10,2059,205.9,1,1,2,0,9,4,0,0,2,2,1,1.0,0.0036,0.0036,BENIGN,0
342,10,2735,273.5,1,1,2,0,9,4,0,0,2,2,1,1.0,0.0036,0.0036,BENIGN,0
344,8,749,93.62,1,1,2,0,7,2,0,0,2,2,1,1.0,0.0046,0.0066,BENIGN,0
345,9,1727,191.89,1,1,2,0,8,3,0,0,2,2,1,1.0,0.004,0.005,BENIGN,0
346,18,2781,154.5,2,2,4,0,16,6,0,0,2,3,2,1.0,0.0457,0.1669,BENIGN,0
348,8,820,102.5,1,1,2,0,7,2,0,0,2,2,1,1.0,0.0046,0.0066,BENIGN,0
349,91,17577,193.15,10,10,20,0,81,31,0,0,2,11,10,1.0,0.0058,0.009,BENIGN,0
350,10,2872,287.2,1,1,2,0,9,4,0,0,2,2,1,1.0,0.0036,0.0036,BENIGN,0
352,9,1975,219.44,1,1,2,0,8,3,0,0,2,2,1,1.0,0.004,0.005,BENIGN,0
353,8,744,93.0,1,1,2,0,7,2,0,0,2,2,1,1.0,0.0046,0.0066,BENIGN,0
354,9,1872,208.0,1,1,2,0,8,3,0,0,2,2,1,1.0,0.004,0.005,BENIGN,0
355,10,1840,184.0,1,1,2,0,8,3,1,0,2,2,1,1.0,0.0044,0.0049,BENIGN,0
356,8,765,95.62,1,1,2,0,7,2,0,0,2,2,1,1.0,0.0046,0.0066,BENIGN,0
358,10,1202,120.2,1,1,2,0,9,4,0,0,2,2,1,1.0,0.0036,0.0036,BENIGN,0
359,9,2013,223.67,1,1,2,0,8,3,0,0,2,2,1,1.0,0.004,0.005,BENIGN,0
360,9,1765,196.11,1,1,2,0,8,3,0,0,2,2,1,1.0,0.004,0.005,BENIGN,0
361,10,1004,100.4,1,1,2,0,8,3,1,0,2,2,1,1.0,0.0044,0.0049,BENIGN,0
362,9,1554,172.67,1,1,2,0,8,3,0,0,2,2,1,1.0,0.004,0.005,BENIGN,0
364,9,1607,178.56,1,1,2,0,8,3,0,0,2,2,1,1.0,0.004,0.005,BENIGN,0
365,8,703,87.88,1,1,2,0,7,2,0,0,2,2,1,1.0,0.0046,0.0066,BENIGN,0
366,8,1109,138.62,1,1,2,0,7,2,0,0,2,2,1,1.0,0.0046,0.0066,BENIGN,0
367,5,513,102.6,1,1,0,0,4,2,0,0,2,2,1,1.0,0.0025,0.0026,BENIGN,0
368,3,120,40.0,0,0,2,0,3,0,0,0,2,2,0,0.0,0.001,0.0,BENIGN,0
369,8,995,124.38,1,1,2,0,7,2,0,0,2,2,1,1.0,0.0046,0.0066,BENIGN,0
370,10,2124,212.4,1,1,2,0,9,4,0,0,2,2,1,1.0,0.0036,0.0036,BENIGN,0
371,10,2206,220.6,1,1,2,0,9,4,0,0,2,2,1,1.0,0.0036,0.0036,BENIGN,0
372,9,1488,165.33,1,1,2,0,8,3,0,0,2,2,1,1.0,0.004,0.005,BENIGN,0
374,8,1073,134.12,1,1,2,0,7,2,0,0,2,2,1,1.0,0.0046,0.0066,BENIGN,0
375,10,2041,204.1,1,1,2,0,9,4,0,0,2,2,1,1.0,0.0036,0.0036,BENIGN,0
376,10,1882,188.2,1,1,2,0,9,4,0,0,2,2,1,1.0,0.0036,0.0036,BENIGN,0
377,8,1210,151.25,1,1,2,0,7,2,0,0,2,2,1,1.0,0.0046,0.0066,BENIGN,0
378,10,1996,199.6,1,1,2,0,8,3,1,0,2,2,1,1.0,0.0044,0.0049,BENIGN,0
379,8,1225,153.12,1,1,2,0,7,2,0,0,2,2,1,1.0,0.0046,0.0066,BENIGN,0
380,15,1455,97.0,2,2,2,0,13,6,0,0,3,3,2,1.0,0.0429,0.0864,SLOW_ATTACK,1
381,12,1551,129.25,1,1,2,0,11,6,0,0,3,2,1,1.0,0.0727,0.1468,SLOW_ATTACK,1
382,18,3022,167.89,2,2,4,0,16,6,0,0,3,3,2,1.0,0.0427,0.1551,BENIGN,0
383,1,40,40.0,0,0,1,0,1,0,0,0,1,1,0,0.0,1.0,0.0,SLOW_ATTACK,1
384,8,850,106.25,1,1,2,0,7,2,0,0,2,2,1,1.0,0.0046,0.0066,BENIGN,0
385,10,1895,189.5,1,1,2,0,9,4,0,0,2,2,1,1.0,0.0036,0.0036,BENIGN,0
386,8,721,90.12,1,1,2,0,7,2,0,0,2,2,1,1.0,0.0046,0.0066,BENIGN,0
387,9,1235,137.22,1,1,2,0,8,3,0,0,2,2,1,1.0,0.004,0.005,BENIGN,0
389,16,1380,86.25,2,2,4,0,14,4,0,0,3,3,2,1.0,0.0449,0.1511,BENIGN,0
390,9,1786,198.44,1,1,2,0,8,3,0,0,2,2,1,1.0,0.004,0.005,BENIGN,0
391,9,1009,112.11,1,1,2,0,8,3,0,0,2,2,1,1.0,0.004,0.005,BENIGN,0
392,15,2564,170.93,2,2,2,0,13,6,0,0,3,3,2,1.0,0.0429,0.0654,SLOW_ATTACK,1
393,3,161,53.67,0,0,0,0,3,3,0,0,1,1,0,0.0,0.4,0.0,SLOW_ATTACK,1
394,9,2017,224.11,1,1,2,0,8,3,0,0,2,2,1,1.0,0.004,0.005,BENIGN,0
395,10,1216,121.6,1,1,3,0,9,3,0,0,3,2,1,1.0,0.0798,0.2144,SLOW_ATTACK,1
396,8,1060,132.5,1,1,2,0,7,2,0,0,2,2,1,1.0,0.0046,0.0066,BENIGN,0
398,19,2588,136.21,2,2,4,0,17,7,0,0,2,3,2,1.0,0.0467,0.1769,BENIGN,0
400,10,1972,197.2,1,1,2,0,9,4,0,0,2,2,1,1.0,0.0036,0.0036,BENIGN,0
401,12,1417,118.08,2,2,2,0,10,3,0,0,3,3,2,1.0,0.0182,0.0257,SLOW_ATTACK,1
402,10,1188,118.8,1,1,2,0,9,4,0,0,3,2,1,1.0,0.0654,0.1276,SLOW_ATTACK,1
403,2,114,57.0,0,0,0,0,2,2,0,0,1,1,0,0.0,0.4,0.0,SLOW_ATTACK,1
404,10,1656,165.6,1,1,3,0,9,3,0,0,3,2,1,1.0,0.0113,0.0212,SLOW_ATTACK,1
406,10,2421,242.1,1,1,2,0,9,4,0,0,2,2,1,1.0,0.0036,0.0036,BENIGN,0
408,9,1455,161.67,1,1,2,0,8,3,0,0,2,2,1,1.0,0.004,0.005,BENIGN,0
409,9,1721,191.22,1,1,2,0,8,3,0,0,2,2,1,1.0,0.004,0.005,BENIGN,0
411,10,2205,220.5,1,1,2,0,9,4,0,0,2,2,1,1.0,0.0036,0.0036,BENIGN,0
412,14,1611,115.07,2,2,2,0,12,5,0,0,3,3,2,1.0,0.0549,0.1048,SLOW_ATTACK,1
413,12,1882,156.83,1,1,2,0,11,6,0,0,3,2,1,1.0,0.0524,0.1172,SLOW_ATTACK,1
414,11,2291,208.27,1,1,2,0,10,5,0,0,3,2,1,1.0,0.0065,0.0096,SLOW_ATTACK,1
415,10,1130,113.0,1,1,3,0,9,3,0,0,3,2,1,1.0,0.0348,0.0871,SLOW_ATTACK,1
416,9,934,103.78,1,1,2,0,7,2,1,0,2,2,1,1.0,0.005,0.0063,BENIGN,0
417,9,987,109.67,1,1,2,0,8,3,0,0,2,2,1,1.0,0.004,0.005,BENIGN,0
418,8,774,96.75,1,1,2,0,7,2,0,0,2,2,1,1.0,0.0046,0.0066,BENIGN,0
419,10,1212,121.2,1,1,2,0,9,4,0,0,2,2,1,1.0,0.0036,0.0036,BENIGN,0
421,13,1179,90.69,2,2,2,0,11,4,0,0,3,3,2,1.0,0.05,0.1083,SLOW_ATTACK,1
422,11,1002,91.09,1,1,2,0,10,5,0,0,3,2,1,1.0,0.08,0.1385,SLOW_ATTACK,1
423,10,1906,190.6,1,1,2,0,9,4,0,0,2,2,1,1.0,0.0036,0.0036,BENIGN,0
424,1,40,40.0,0,0,1,0,1,0,0,0,1,1,0,0.0,1.0,0.0,SLOW_ATTACK,1
425,8,840,105.0,1,1,2,0,7,2,0,0,2,2,1,1.0,0.0046,0.0066,BENIGN,0
426,8,681,85.12,1,1,2,0,7,2,0,0,2,2,1,1.0,0.0046,0.0066,BENIGN,0
427,10,1957,195.7,1,1,2,0,9,4,0,0,2,2,1,1.0,0.0036,0.0036,BENIGN,0
428,8,1204,150.5,1,1,2,0,7,2,0,0,2,2,1,1.0,0.0046,0.0066,BENIGN,0
429,8,1094,136.75,1,1,2,0,7,2,0,0,2,2,1,1.0,0.0046,0.0066,BENIGN,0
430,8,816,102.0,1,1,2,0,7,2,0,0,2,2,1,1.0,0.0046,0.0066,BENIGN,0
431,9,1248,138.67,1,1,2,0,8,3,0,0,2,2,1,1.0,0.004,0.005,BENIGN,0
432,9,1807,200.78,1,1,2,0,8,3,0,0,2,2,1,1.0,0.004,0.005,BENIGN,0
433,8,1199,149.88,1,1,2,0,7,2,0,0,2,2,1,1.0,0.0046,0.0066,BENIGN,0
434,12,1977,164.75,2,2,2,0,10,4,0,0,3,3,2,1.0,0.0463,0.1212,SLOW_ATTACK,1
435,12,846,70.5,1,1,2,0,11,5,0,0,3,2,1,1.0,0.0818,0.1263,SLOW_ATTACK,1
436,11,1088,98.91,1,1,2,0,10,5,0,0,3,2,1,1.0,0.0524,0.1189,SLOW_ATTACK,1
437,1,40,40.0,0,0,1,0,1,0,0,0,1,1,0,0.0,1.0,0.0,SLOW_ATTACK,1
438,18,2950,163.89,2,2,4,0,16,6,0,0,3,3,2,1.0,0.0466,0.1704,BENIGN,0
440,9,1209,134.33,1,1,2,0,8,3,0,0,2,2,1,1.0,0.004,0.005,BENIGN,0
441,8,723,90.38,1,1,2,0,7,2,0,0,2,2,1,1.0,0.0046,0.0066,BENIGN,0
442,8,924,115.5,1,1,2,0,7,2,0,0,2,2,1,1.0,0.0046,0.0066,BENIGN,0
443,9,1807,200.78,1,1,2,0,8,3,0,0,2,2,1,1.0,0.004,0.005,BENIGN,0
444,4,170,42.5,1,1,0,0,3,1,0,0,2,2,1,1.0,0.0667,0.0236,SLOW_ATTACK,1
445,10,709,70.9,1,1,2,0,9,4,0,0,3,2,1,1.0,0.0634,0.1262,SLOW_ATTACK,1
446,10,913,91.3,1,1,2,0,9,4,0,0,3,2,1,1.0,0.0606,0.1248,SLOW_ATTACK,1
447,11,1756,159.64,1,1,3,0,9,3,1,0,4,2,1,1.0,0.0311,0.0801,SLOW_ATTACK,1
448,9,1561,173.44,1,1,2,0,8,3,0,0,2,2,1,1.0,0.004,0.005,BENIGN,0
449,9,1029,114.33,1,1,2,0,8,3,0,0,2,2,1,1.0,0.004,0.005,BENIGN,0
450,8,1197,149.62,1,1,2,0,7,2,0,0,2,2,1,1.0,0.0046,0.0066,BENIGN,0
451,8,1166,145.75,1,1,2,0,7,2,0,0,2,2,1,1.0,0.0046,0.0066,BENIGN,0
453,145,9914,68.37,18,18,36,0,127,37,0,0,3,19,18,1.0,0.0065,0.0204,SLOW_ATTACK,1
454,212,14458,68.2,27,27,52,0,185,53,0,0,3,28,27,1.0,0.0047,0.006,SLOW_ATTACK,1
455,203,12643,62.28,25,25,50,0,178,53,0,0,2,26,25,1.0,0.0049,0.0063,SLOW_ATTACK,1
456,75,5287,70.49,9,9,18,0,66,21,0,0,3,10,9,1.0,0.0087,0.0384,SLOW_ATTACK,1
457,11,2752,250.18,1,1,3,0,10,4,0,0,3,2,1,1.0,0.0154,0.0356,SLOW_ATTACK,1
459,8,754,94.25,1,1,2,0,7,2,0,0,2,2,1,1.0,0.0046,0.0066,BENIGN,0
460,10,1186,118.6,1,1,2,0,9,4,0,0,2,2,1,1.0,0.0036,0.0036,BENIGN,0
462,8,1089,136.12,1,1,2,0,7,2,0,0,2,2,1,1.0,0.0046,0.0066,BENIGN,0
463,9,1043,115.89,1,1,2,0,7,2,1,0,2,2,1,1.0,0.005,0.0063,BENIGN,0
465,15,1561,104.07,2,2,2,0,13,6,0,0,3,3,2,1.0,0.0429,0.0896,SLOW_ATTACK,1
466,3,161,53.67,0,0,0,0,3,3,0,0,1,1,0,0.0,0.4,0.0,SLOW_ATTACK,1
467,9,1595,177.22,1,1,2,0,8,3,0,0,2,2,1,1.0,0.004,0.005,BENIGN,0
468,12,2205,183.75,1,1,3,0,10,4,1,0,4,2,1,1.0,0.0574,0.1689,SLOW_ATTACK,1
469,10,2871,287.1,1,1,2,0,9,4,0,0,2,2,1,1.0,0.0036,0.0036,BENIGN,0
471,9,1754,194.89,1,1,2,0,8,3,0,0,2,2,1,1.0,0.004,0.005,BENIGN,0
473,9,1665,185.0,1,1,2,0,8,3,0,0,2,2,1,1.0,0.004,0.005,BENIGN,0
474,8,1082,135.25,1,1,2,0,7,2,0,0,2,2,1,1.0,0.0046,0.0066,BENIGN,0
475,16,1778,111.12,2,2,4,0,14,4,0,0,2,3,2,1.0,0.0575,0.1983,BENIGN,0
477,9,1968,218.67,1,1,2,0,8,3,0,0,2,2,1,1.0,0.004,0.005,BENIGN,0
478,14,2080,148.57,2,2,2,0,11,4,1,0,3,3,2,1.0,0.0475,0.0994,SLOW_ATTACK,1
479,10,1261,126.1,1,1,2,0,9,4,0,0,3,2,1,1.0,0.0444,0.0753,SLOW_ATTACK,1
480,10,958,95.8,1,1,2,0,9,4,0,0,3,2,1,1.0,0.0444,0.0749,SLOW_ATTACK,1
481,9,929,103.22,1,1,3,0,8,2,0,0,3,2,1,1.0,0.0838,0.2097,SLOW_ATTACK,1
482,9,1189,132.11,1,1,2,0,8,3,0,0,2,2,1,1.0,0.004,0.005,BENIGN,0
483,10,1412,141.2,1,1,2,0,9,4,0,0,2,2,1,1.0,0.0036,0.0036,BENIGN,0
485,10,2155,215.5,1,1,2,0,8,3,1,0,2,2,1,1.0,0.0044,0.0049,BENIGN,0
486,10,1891,189.1,1,1,2,0,9,4,0,0,2,2,1,1.0,0.0036,0.0036,BENIGN,0
487,8,1031,128.88,1,1,2,0,7,2,0,0,2,2,1,1.0,0.0046,0.0066,BENIGN,0
488,8,1079,134.88,1,1,2,0,7,2,0,0,2,2,1,1.0,0.0046,0.0066,BENIGN,0
489,9,920,102.22,1,1,2,0,8,3,0,0,2,2,1,1.0,0.004,0.005,BENIGN,0
490,8,1116,139.5,1,1,2,0,7,2,0,0,2,2,1,1.0,0.0046,0.0066,BENIGN,0
492,14,2589,184.93,2,2,2,0,12,5,0,0,3,3,2,1.0,0.0249,0.0347,SLOW_ATTACK,1
493,10,1316,131.6,1,1,2,0,9,4,0,0,3,2,1,1.0,0.0491,0.1242,SLOW_ATTACK,1
494,2,114,57.0,0,0,0,0,2,2,0,0,1,1,0,0.0,0.4,0.0,SLOW_ATTACK,1
495,11,1793,163.0,1,1,3,0,9,3,1,0,3,2,1,1.0,0.0325,0.0844,SLOW_ATTACK,1
496,9,1395,155.0,1,1,2,0,8,3,0,0,2,2,1,1.0,0.004,0.005,BENIGN,0
497,57,9386,164.67,7,7,12,0,50,18,0,0,2,8,7,1.0,0.0046,0.0061,BENIGN,0
498,32,6058,189.31,3,3,8,0,29,11,0,0,3,5,3,1.0,0.0176,0.0698,BENIGN,0
499,8,1025,128.12,1,1,2,0,7,2,0,0,2,2,1,1.0,0.0046,0.0066,BENIGN,0
500,10,1480,148.0,1,1,2,0,9,4,0,0,2,2,1,1.0,0.0036,0.0036,BENIGN,0
501,8,1147,143.38,1,1,2,0,7,2,0,0,2,2,1,1.0,0.0046,0.0066,BENIGN,0
502,18,2780,154.44,2,2,4,0,16,6,0,0,2,3,2,1.0,0.0409,0.1478,BENIGN,0
503,7,1519,217.0,1,1,0,0,6,4,0,0,2,2,1,1.0,0.003,0.0022,BENIGN,0
504,3,120,40.0,0,0,2,0,3,0,0,0,2,2,0,0.0,0.001,0.0,BENIGN,0
505,10,2733,273.3,1,1,2,0,9,4,0,0,2,2,1,1.0,0.0036,0.0036,BENIGN,0
506,8,749,93.62,1,1,2,0,7,2,0,0,2,2,1,1.0,0.0046,0.0066,BENIGN,0
507,8,809,101.12,1,1,2,0,7,2,0,0,2,2,1,1.0,0.0046,0.0066,BENIGN,0
508,8,897,112.12,1,1,2,0,7,2,0,0,2,2,1,1.0,0.0046,0.0066,BENIGN,0
510,8,1130,141.25,1,1,2,0,7,2,0,0,2,2,1,1.0,0.0046,0.0066,BENIGN,0
511,9,1682,186.89,1,1,2,0,8,3,0,0,2,2,1,1.0,0.004,0.005,BENIGN,0
512,10,2014,201.4,1,1,2,0,9,4,0,0,2,2,1,1.0,0.0036,0.0036,BENIGN,0
514,72,12899,179.15,8,8,16,0,64,24,0,0,2,9,8,1.0,0.0048,0.006,BENIGN,0
515,10,2368,236.8,1,1,2,0,9,4,0,0,2,2,1,1.0,0.0036,0.0036,BENIGN,0
516,10,1783,178.3,1,1,2,0,9,4,0,0,2,2,1,1.0,0.0036,0.0036,BENIGN,0
518,9,1415,157.22,1,1,2,0,8,3,0,0,2,2,1,1.0,0.004,0.005,BENIGN,0
519,9,955,106.11,1,1,2,0,8,3,0,0,2,2,1,1.0,0.004,0.005,BENIGN,0
521,10,1893,189.3,1,1,2,0,9,4,0,0,2,2,1,1.0,0.0036,0.0036,BENIGN,0
522,10,1972,197.2,1,1,2,0,9,4,0,0,2,2,1,1.0,0.0036,0.0036,BENIGN,0
523,10,2086,208.6,1,1,2,0,9,4,0,0,2,2,1,1.0,0.0036,0.0036,BENIGN,0
524,8,794,99.25,1,1,2,0,7,2,0,0,2,2,1,1.0,0.0046,0.0066,BENIGN,0
525,9,2130,236.67,1,1,2,0,8,3,0,0,2,2,1,1.0,0.004,0.005,BENIGN,0
526,10,1845,184.5,1,1,2,0,9,4,0,0,2,2,1,1.0,0.0036,0.0036,BENIGN,0
527,8,712,89.0,1,1,2,0,7,2,0,0,2,2,1,1.0,0.0046,0.0066,BENIGN,0
528,9,1395,155.0,1,1,2,0,8,3,0,0,2,2,1,1.0,0.004,0.005,BENIGN,0
530,8,618,77.25,1,1,2,0,7,2,0,0,2,2,1,1.0,0.0046,0.0066,BENIGN,0
531,9,1270,141.11,1,1,2,0,8,3,0,0,2,2,1,1.0,0.004,0.005,BENIGN,0
532,9,2064,229.33,1,1,2,0,8,3,0,0,2,2,1,1.0,0.004,0.005,BENIGN,0
533,8,954,119.25,1,1,2,0,7,2,0,0,2,2,1,1.0,0.0046,0.0066,BENIGN,0
534,9,1839,204.33,1,1,2,0,8,3,0,0,2,2,1,1.0,0.004,0.005,BENIGN,0
536,8,924,115.5,1,1,2,0,7,2,0,0,2,2,1,1.0,0.0046,0.0066,BENIGN,0
537,10,2482,248.2,1,1,2,0,9,4,0,0,2,2,1,1.0,0.0036,0.0036,BENIGN,0
539,10,1438,143.8,1,1,2,0,9,4,0,0,2,2,1,1.0,0.0036,0.0036,BENIGN,0
540,17,2286,134.47,2,2,4,0,15,5,0,0,2,3,2,1.0,0.0489,0.1731,BENIGN,0
542,8,1024,128.0,1,1,2,0,7,2,0,0,2,2,1,1.0,0.0046,0.0066,BENIGN,0
544,9,1332,148.0,1,1,2,0,8,3,0,0,2,2,1,1.0,0.004,0.005,BENIGN,0
545,9,1873,208.11,1,1,2,0,8,3,0,0,2,2,1,1.0,0.004,0.005,BENIGN,0
547,9,1393,154.78,1,1,2,0,8,3,0,0,2,2,1,1.0,0.004,0.005,BENIGN,0
549,9,1140,126.67,1,1,2,0,8,3,0,0,2,2,1,1.0,0.004,0.005,BENIGN,0
550,14,1729,123.5,2,2,3,0,12,4,0,0,3,3,2,1.0,0.0345,0.1047,STEALTH_WEB,1
551,8,1030,128.75,1,1,2,0,7,2,0,0,2,2,1,1.0,0.0046,0.0066,BENIGN,0
552,10,1482,148.2,1,1,2,0,9,4,0,0,2,2,1,1.0,0.0036,0.0036,BENIGN,0
554,14,1518,108.43,2,2,3,0,12,4,0,0,3,3,2,1.0,0.029,0.0855,STEALTH_WEB,1
555,2,80,40.0,1,1,0,0,1,0,0,0,2,2,1,1.0,0.001,0.0,BENIGN,0
556,8,1956,244.5,0,0,2,0,8,4,0,0,2,2,0,0.0,0.0043,0.0038,BENIGN,0
557,9,1094,121.56,1,1,2,0,8,3,0,0,2,2,1,1.0,0.004,0.005,BENIGN,0
558,14,1901,135.79,2,2,3,0,12,4,0,0,3,3,2,1.0,0.0163,0.042,STEALTH_WEB,1
559,9,1957,217.44,1,1,2,0,8,3,0,0,2,2,1,1.0,0.004,0.005,BENIGN,0
560,9,1398,155.33,1,1,2,0,8,3,0,0,2,2,1,1.0,0.004,0.005,BENIGN,0
562,10,2352,235.2,1,1,2,0,9,4,0,0,2,2,1,1.0,0.0036,0.0036,BENIGN,0
563,6,643,107.17,1,1,1,0,5,2,0,0,2,2,1,1.0,0.004,0.0038,STEALTH_WEB,1
564,10,1184,118.4,1,1,2,0,8,3,1,0,3,2,1,1.0,0.0044,0.0049,BENIGN,0
565,9,1477,164.11,1,1,2,0,8,3,0,0,2,2,1,1.0,0.004,0.005,BENIGN,0
566,10,1135,113.5,1,1,2,0,8,3,1,0,3,2,1,1.0,0.0044,0.0049,BENIGN,0
567,6,634,105.67,1,1,1,0,5,2,0,0,2,2,1,1.0,0.004,0.0038,STEALTH_WEB,1
568,10,1204,120.4,1,1,2,0,9,4,0,0,2,2,1,1.0,0.0036,0.0036,BENIGN,0
569,8,1220,152.5,1,1,2,0,7,2,0,0,2,2,1,1.0,0.0046,0.0066,BENIGN,0
570,13,2661,204.69,2,2,2,0,11,4,0,0,3,3,2,1.0,0.0415,0.1275,STEALTH_WEB,1
571,3,514,171.33,0,0,1,0,3,2,0,0,2,2,0,0.0,0.0085,0.0015,STEALTH_WEB,1
572,18,3408,189.33,2,2,4,0,16,6,0,0,3,3,2,1.0,0.0523,0.1933,BENIGN,0
574,18,2099,116.61,2,2,4,0,15,5,1,0,2,3,2,1.0,0.0475,0.1721,BENIGN,0
575,15,1812,120.8,2,2,3,0,13,5,0,0,3,3,2,1.0,0.0161,0.0437,STEALTH_WEB,1
576,8,1116,139.5,1,1,2,0,7,2,0,0,2,2,1,1.0,0.0046,0.0066,BENIGN,0
577,9,1497,166.33,1,1,2,0,8,3,0,0,2,2,1,1.0,0.004,0.005,BENIGN,0
578,8,1095,136.88,1,1,2,0,7,2,0,0,2,2,1,1.0,0.0046,0.0066,BENIGN,0
579,6,643,107.17,1,1,1,0,5,2,0,0,2,2,1,1.0,0.004,0.0038,STEALTH_WEB,1
580,10,2688,268.8,1,1,2,0,9,4,0,0,2,2,1,1.0,0.0036,0.0036,BENIGN,0
581,8,847,105.88,1,1,2,0,7,2,0,0,2,2,1,1.0,0.0046,0.0066,BENIGN,0
583,16,2635,164.69,2,2,3,0,14,6,0,0,3,3,2,1.0,0.0602,0.2112,STEALTH_WEB,1
584,19,3039,159.95,2,2,4,0,17,7,0,0,2,3,2,1.0,0.0358,0.132,BENIGN,0
586,80,14346,179.32,9,9,18,0,71,26,0,0,2,10,9,1.0,0.0052,0.0081,BENIGN,0
587,8,884,110.5,1,1,2,0,7,2,0,0,2,2,1,1.0,0.0046,0.0066,BENIGN,0
588,23,2941,127.87,3,3,5,0,19,6,1,0,3,4,3,1.0,0.0356,0.147,STEALTH_WEB,1
589,10,1130,113.0,1,1,2,0,9,4,0,0,2,2,1,1.0,0.0036,0.0036,BENIGN,0
591,16,2707,169.19,2,2,3,0,13,5,1,0,3,3,2,1.0,0.0549,0.1895,STEALTH_WEB,1
592,10,2777,277.7,1,1,2,0,9,4,0,0,2,2,1,1.0,0.0036,0.0036,BENIGN,0
593,10,1736,173.6,1,1,2,0,9,4,0,0,2,2,1,1.0,0.0036,0.0036,BENIGN,0
594,8,1071,133.88,1,1,2,0,7,2,0,0,2,2,1,1.0,0.0046,0.0066,BENIGN,0
595,10,1852,185.2,1,1,2,0,9,4,0,0,2,2,1,1.0,0.0036,0.0036,BENIGN,0
596,6,634,105.67,1,1,1,0,5,2,0,0,2,2,1,1.0,0.004,0.0038,STEALTH_WEB,1
597,9,1288,143.11,1,1,2,0,7,2,1,0,3,2,1,1.0,0.005,0.0063,BENIGN,0
598,10,1591,159.1,1,1,2,0,9,4,0,0,2,2,1,1.0,0.0036,0.0036,BENIGN,0
599,9,1931,214.56,1,1,2,0,8,3,0,0,2,2,1,1.0,0.004,0.005,BENIGN,0
600,14,1642,117.29,2,2,3,0,12,4,0,0,3,3,2,1.0,0.0295,0.0874,STEALTH_WEB,1
601,136,6198,45.57,71,1,2,57,64,2,1,0,3,129,71,71.0,0.0061,0.0054,STEALTH_WEB,1
602,167,7494,44.87,85,1,2,73,82,4,0,0,3,159,85,85.0,0.006,0.0054,STEALTH_WEB,1
603,155,6791,43.81,84,1,2,64,71,2,0,0,3,149,84,84.0,0.0064,0.0055,STEALTH_WEB,1
604,48,5165,107.6,16,3,5,10,32,9,0,0,3,27,16,5.333,0.0205,0.0805,STEALTH_WEB,1
605,8,861,107.62,1,1,2,0,7,2,0,0,2,2,1,1.0,0.0046,0.0066,BENIGN,0
607,16,3544,221.5,2,2,3,0,14,6,0,0,3,3,2,1.0,0.0496,0.1717,STEALTH_WEB,1
608,8,802,100.25,1,1,2,0,7,2,0,0,2,2,1,1.0,0.0046,0.0066,BENIGN,0
609,10,1105,110.5,1,1,2,0,9,4,0,0,2,2,1,1.0,0.0036,0.0036,BENIGN,0
611,8,1182,147.75,1,1,2,0,7,2,0,0,2,2,1,1.0,0.0046,0.0066,BENIGN,0
612,15,1827,121.8,2,2,3,0,13,5,0,0,3,3,2,1.0,0.019,0.0542,STEALTH_WEB,1
613,9,1869,207.67,1,1,2,0,8,3,0,0,2,2,1,1.0,0.004,0.005,BENIGN,0
614,10,2478,247.8,1,1,2,0,9,4,0,0,2,2,1,1.0,0.0036,0.0036,BENIGN,0
615,8,1167,145.88,1,1,2,0,7,2,0,0,2,2,1,1.0,0.0046,0.0066,BENIGN,0
616,9,905,100.56,1,1,2,0,7,2,1,0,2,2,1,1.0,0.005,0.0063,BENIGN,0
617,18,2032,112.89,3,3,3,0,15,5,0,0,3,4,3,1.0,0.0336,0.1163,STEALTH_WEB,1
618,95,18487,194.6,10,10,22,0,85,32,0,0,3,12,10,1.0,0.0071,0.0246,BENIGN,0
620,8,960,120.0,1,1,2,0,7,2,0,0,2,2,1,1.0,0.0046,0.0066,BENIGN,0
621,11,2282,207.45,1,1,2,0,9,4,1,0,2,2,1,1.0,0.004,0.0037,BENIGN,0
622,9,1342,149.11,1,1,2,0,8,3,0,0,2,2,1,1.0,0.004,0.005,BENIGN,0
623,8,987,123.38,1,1,2,0,7,2,0,0,2,2,1,1.0,0.0046,0.0066,BENIGN,0
625,8,966,120.75,1,1,2,0,7,2,0,0,2,2,1,1.0,0.0046,0.0066,BENIGN,0
626,10,2024,202.4,1,1,2,0,9,4,0,0,2,2,1,1.0,0.0036,0.0036,BENIGN,0
627,9,1447,160.78,1,1,2,0,8,3,0,0,2,2,1,1.0,0.004,0.005,BENIGN,0
628,5,1112,222.4,1,1,0,0,4,2,0,0,2,2,1,1.0,0.0025,0.0026,BENIGN,0
629,3,120,40.0,0,0,2,0,3,0,0,0,2,2,0,0.0,0.001,0.0,BENIGN,0
630,8,1040,130.0,1,1,2,0,7,2,0,0,2,2,1,1.0,0.0046,0.0066,BENIGN,0
632,10,1414,141.4,1,1,2,0,9,4,0,0,2,2,1,1.0,0.0036,0.0036,BENIGN,0
633,10,2683,268.3,1,1,2,0,9,4,0,0,2,2,1,1.0,0.0036,0.0036,BENIGN,0
634,9,988,109.78,1,1,2,0,8,3,0,0,2,2,1,1.0,0.004,0.005,BENIGN,0
635,5,1103,220.6,1,1,0,0,4,2,0,0,2,2,1,1.0,0.0025,0.0026,BENIGN,0
636,13,1809,139.15,1,1,4,0,12,4,0,0,2,3,1,1.0,0.0721,0.229,BENIGN,0
638,18,1639,91.06,2,2,4,0,15,5,1,0,3,3,2,1.0,0.0395,0.1401,BENIGN,0
639,9,1249,138.78,1,1,2,0,8,3,0,0,2,2,1,1.0,0.004,0.005,BENIGN,0
640,9,1923,213.67,1,1,2,0,8,3,0,0,2,2,1,1.0,0.004,0.005,BENIGN,0
642,9,1969,218.78,1,1,2,0,8,3,0,0,2,2,1,1.0,0.004,0.005,BENIGN,0
644,8,974,121.75,1,1,2,0,7,2,0,0,2,2,1,1.0,0.0046,0.0066,BENIGN,0
645,10,2535,253.5,1,1,2,0,9,4,0,0,2,2,1,1.0,0.0036,0.0036,BENIGN,0
646,10,1678,167.8,1,1,2,0,9,4,0,0,2,2,1,1.0,0.0036,0.0036,BENIGN,0
647,8,1153,144.12,1,1,2,0,7,2,0,0,2,2,1,1.0,0.0046,0.0066,BENIGN,0
648,19,4255,223.95,2,2,4,0,17,7,0,0,3,3,2,1.0,0.0418,0.1567,BENIGN,0
649,10,2996,299.6,1,1,2,0,9,4,0,0,2,2,1,1.0,0.0036,0.0036,BENIGN,0
650,4,248,62.0,1,1,0,0,3,1,0,0,2,2,1,1.0,0.001,0.0,BENIGN,0
651,4,789,197.25,0,0,2,0,4,1,0,0,2,2,0,0.0,0.0073,0.009,BENIGN,0
652,10,1536,153.6,1,1,2,0,9,4,0,0,2,2,1,1.0,0.0036,0.0036,BENIGN,0
653,10,2901,290.1,1,1,2,0,9,4,0,0,2,2,1,1.0,0.0036,0.0036,BENIGN,0
655,9,1651,183.44,1,1,2,0,8,3,0,0,2,2,1,1.0,0.004,0.005,BENIGN,0
657,9,1012,112.44,1,1,2,0,8,3,0,0,2,2,1,1.0,0.004,0.005,BENIGN,0
658,18,2809,156.06,2,2,4,0,16,6,0,0,2,3,2,1.0,0.0459,0.1675,BENIGN,0
660,89,16139,181.34,10,10,20,0,79,29,0,0,2,11,10,1.0,0.0047,0.0063,BENIGN,0
662,10,1776,177.6,1,1,2,0,8,3,1,0,2,2,1,1.0,0.0044,0.0049,BENIGN,0
663,10,2217,221.7,1,1,2,0,9,4,0,0,2,2,1,1.0,0.0036,0.0036,BENIGN,0
665,17,2436,143.29,2,2,4,0,15,5,0,0,2,3,2,1.0,0.0425,0.1483,BENIGN,0
667,9,1108,123.11,1,1,2,0,8,3,0,0,2,2,1,1.0,0.004,0.005,BENIGN,0
669,11,1237,112.45,1,1,2,0,9,4,1,0,2,2,1,1.0,0.004,0.0037,BENIGN,0
670,8,788,98.5,1,1,2,0,7,2,0,0,2,2,1,1.0,0.0046,0.0066,BENIGN,0
671,8,789,98.62,1,1,2,0,7,2,0,0,2,2,1,1.0,0.0046,0.0066,BENIGN,0
672,63,11743,186.4,7,7,14,0,56,21,0,0,2,8,7,1.0,0.005,0.0071,BENIGN,0
673,10,2638,263.8,1,1,2,0,9,4,0,0,2,2,1,1.0,0.0036,0.0036,BENIGN,0
674,10,1161,116.1,1,1,2,0,9,4,0,0,2,2,1,1.0,0.0036,0.0036,BENIGN,0
675,9,1103,122.56,1,1,2,0,8,3,0,0,2,2,1,1.0,0.004,0.005,BENIGN,0
676,8,1198,149.75,1,1,2,0,7,2,0,0,2,2,1,1.0,0.0046,0.0066,BENIGN,0
677,10,2039,203.9,1,1,2,0,9,4,0,0,2,2,1,1.0,0.0036,0.0036,BENIGN,0
678,9,1840,204.44,1,1,2,0,8,3,0,0,2,2,1,1.0,0.004,0.005,BENIGN,0
679,10,2888,288.8,1,1,2,0,9,4,0,0,2,2,1,1.0,0.0036,0.0036,BENIGN,0
680,9,2081,231.22,1,1,2,0,8,3,0,0,2,2,1,1.0,0.004,0.005,BENIGN,0
682,10,1961,196.1,1,1,2,0,9,4,0,0,2,2,1,1.0,0.0036,0.0036,BENIGN,0
684,9,1991,221.22,1,1,2,0,8,3,0,0,2,2,1,1.0,0.004,0.005,BENIGN,0
685,9,1237,137.44,1,1,2,0,8,3,0,0,2,2,1,1.0,0.004,0.005,BENIGN,0
686,10,1520,152.0,1,1,2,0,9,4,0,0,2,2,1,1.0,0.0036,0.0036,BENIGN,0
687,9,1133,125.89,1,1,2,0,8,3,0,0,2,2,1,1.0,0.004,0.005,BENIGN,0
688,8,741,92.62,1,1,2,0,7,2,0,0,2,2,1,1.0,0.0046,0.0066,BENIGN,0
689,2,80,40.0,1,1,0,0,1,0,0,0,2,2,1,1.0,0.001,0.0,BENIGN,0
690,17,3411,200.65,1,1,4,0,16,7,0,0,3,3,1,1.0,0.0591,0.2128,BENIGN,0
692,16,1788,111.75,2,2,4,0,14,4,0,0,3,3,2,1.0,0.0435,0.1457,BENIGN,0
694,11,2487,226.09,1,1,2,0,9,4,1,0,2,2,1,1.0,0.004,0.0037,BENIGN,0
695,9,1062,118.0,1,1,2,0,7,2,1,0,2,2,1,1.0,0.005,0.0063,BENIGN,0
696,8,853,106.62,1,1,2,0,7,2,0,0,2,2,1,1.0,0.0046,0.0066,BENIGN,0
697,9,867,96.33,1,1,2,0,8,3,0,0,2,2,1,1.0,0.004,0.005,BENIGN,0
698,9,1624,180.44,1,1,2,0,8,3,0,0,2,2,1,1.0,0.004,0.005,BENIGN,0
700,9,1130,125.56,1,1,2,0,8,3,0,0,2,2,1,1.0,0.004,0.005,BENIGN,0
701,9,1024,113.78,1,1,2,0,8,3,0,0,2,2,1,1.0,0.004,0.005,BENIGN,0
702,34,5005,147.21,5,5,6,0,29,12,0,0,3,6,5,1.0,0.0229,0.0559,HTTP_ATTACK,1
703,26,2961,113.88,4,4,5,0,22,8,0,0,3,5,4,1.0,0.0257,0.0626,HTTP_ATTACK,1
704,24,2553,106.38,4,4,4,0,20,8,0,0,2,5,4,1.0,0.035,0.0825,HTTP_ATTACK,1
705,34,4578,134.65,5,5,6,0,29,12,0,0,3,6,5,1.0,0.0262,0.0665,HTTP_ATTACK,1
706,14,1907,136.21,2,2,3,0,12,4,0,0,3,3,2,1.0,0.0063,0.0086,HTTP_ATTACK,1
707,8,914,114.25,1,1,2,0,7,2,0,0,2,2,1,1.0,0.0046,0.0066,BENIGN,0
709,19,4063,213.84,2,2,4,0,16,6,1,0,2,3,2,1.0,0.0493,0.1857,BENIGN,0
711,10,2199,219.9,1,1,2,0,9,4,0,0,2,2,1,1.0,0.0036,0.0036,BENIGN,0
712,10,1828,182.8,1,1,2,0,9,4,0,0,2,2,1,1.0,0.0036,0.0036,BENIGN,0
713,8,709,88.62,1,1,2,0,7,2,0,0,2,2,1,1.0,0.0046,0.0066,BENIGN,0
715,9,1189,132.11,1,1,2,0,8,3,0,0,2,2,1,1.0,0.004,0.005,BENIGN,0
716,8,1290,161.25,1,1,2,0,7,2,0,0,2,2,1,1.0,0.0046,0.0066,BENIGN,0
717,10,1890,189.0,1,1,2,0,9,4,0,0,2,2,1,1.0,0.0036,0.0036,BENIGN,0
718,9,1509,167.67,1,1,2,0,8,3,0,0,2,2,1,1.0,0.004,0.005,BENIGN,0
720,11,1694,154.0,1,1,2,0,9,4,1,0,2,2,1,1.0,0.004,0.0037,BENIGN,0
721,9,1740,193.33,1,1,2,0,8,3,0,0,2,2,1,1.0,0.004,0.005,BENIGN,0
723,10,1493,149.3,1,1,2,0,9,4,0,0,2,2,1,1.0,0.0036,0.0036,BENIGN,0
724,10,1944,194.4,1,1,2,0,9,4,0,0,2,2,1,1.0,0.0036,0.0036,BENIGN,0
725,10,1265,126.5,1,1,2,0,9,4,0,0,2,2,1,1.0,0.0036,0.0036,BENIGN,0
727,18,3495,194.17,2,2,4,0,16,6,0,0,2,3,2,1.0,0.0476,0.1743,BENIGN,0
729,8,946,118.25,1,1,2,0,7,2,0,0,2,2,1,1.0,0.0046,0.0066,BENIGN,0
730,11,1578,143.45,1,1,2,0,9,4,1,0,3,2,1,1.0,0.004,0.0037,BENIGN,0
731,8,1202,150.25,1,1,2,0,7,2,0,0,2,2,1,1.0,0.0046,0.0066,BENIGN,0
733,10,1585,158.5,1,1,2,0,9,4,0,0,2,2,1,1.0,0.0036,0.0036,BENIGN,0
735,18,3605,200.28,2,2,4,0,16,6,0,0,3,3,2,1.0,0.0463,0.1694,BENIGN,0
736,89,15930,178.99,10,10,20,0,79,29,0,0,2,11,10,1.0,0.0055,0.0075,BENIGN,0
737,9,1947,216.33,1,1,2,0,8,3,0,0,2,2,1,1.0,0.004,0.005,BENIGN,0
738,9,1234,137.11,1,1,2,0,8,3,0,0,2,2,1,1.0,0.004,0.005,BENIGN,0
740,9,1018,113.11,1,1,2,0,8,3,0,0,2,2,1,1.0,0.004,0.005,BENIGN,0
741,10,1757,175.7,1,1,2,0,9,4,0,0,2,2,1,1.0,0.0036,0.0036,BENIGN,0
743,10,2867,286.7,1,1,2,0,9,4,0,0,2,2,1,1.0,0.0036,0.0036,BENIGN,0
744,10,2657,265.7,1,1,2,0,9,4,0,0,2,2,1,1.0,0.0036,0.0036,BENIGN,0
746,11,1330,120.91,1,1,2,0,9,4,1,0,2,2,1,1.0,0.004,0.0037,BENIGN,0
747,15,2290,152.67,2,2,2,0,13,6,0,0,2,3,2,1.0,0.0494,0.1653,BENIGN,0
748,12,1178,98.17,1,1,4,0,11,3,0,0,3,3,1,1.0,0.0575,0.1712,BENIGN,0
750,74,14595,197.23,8,8,16,0,65,25,1,0,2,9,8,1.0,0.0043,0.0059,BENIGN,0
751,9,2085,231.67,1,1,2,0,8,3,0,0,2,2,1,1.0,0.004,0.005,BENIGN,0
752,8,1216,152.0,1,1,2,0,7,2,0,0,2,2,1,1.0,0.0046,0.0066,BENIGN,0
753,8,949,118.62,1,1,2,0,7,2,0,0,2,2,1,1.0,0.0046,0.0066,BENIGN,0
754,10,2417,241.7,1,1,2,0,9,4,0,0,2,2,1,1.0,0.0036,0.0036,BENIGN,0
755,16,3675,229.69,2,2,2,0,14,7,0,0,3,3,2,1.0,0.0444,0.153,BENIGN,0
756,12,1304,108.67,1,1,4,0,11,3,0,0,2,3,1,1.0,0.0818,0.2479,BENIGN,0
757,5,784,156.8,1,1,0,0,4,2,0,0,2,2,1,1.0,0.0025,0.0026,BENIGN,0
758,4,204,51.0,0,0,2,0,3,0,1,0,2,2,0,0.0,0.0033,0.0033,BENIGN,0
759,10,2876,287.6,1,1,2,0,9,4,0,0,2,2,1,1.0,0.0036,0.0036,BENIGN,0
760,10,2713,271.3,1,1,2,0,9,4,0,0,2,2,1,1.0,0.0036,0.0036,BENIGN,0
761,10,2881,288.1,1,1,2,0,9,4,0,0,2,2,1,1.0,0.0036,0.0036,BENIGN,0
762,10,2879,287.9,1,1,2,0,9,4,0,0,2,2,1,1.0,0.0036,0.0036,BENIGN,0
764,8,1132,141.5,1,1,2,0,7,2,0,0,2,2,1,1.0,0.0046,0.0066,BENIGN,0
765,8,926,115.75,1,1,2,0,7,2,0,0,2,2,1,1.0,0.0046,0.0066,BENIGN,0
767,81,15469,190.98,9,9,18,0,72,27,0,0,2,10,9,1.0,0.0058,0.0095,BENIGN,0
768,10,2792,279.2,1,1,2,0,9,4,0,0,2,2,1,1.0,0.0036,0.0036,BENIGN,0
770,9,1084,120.44,1,1,2,0,8,3,0,0,2,2,1,1.0,0.004,0.005,BENIGN,0
771,8,1151,143.88,1,1,2,0,7,2,0,0,2,2,1,1.0,0.0046,0.0066,BENIGN,0
772,18,2805,155.83,2,2,4,0,16,6,0,0,2,3,2,1.0,0.0483,0.1774,BENIGN,0
774,8,707,88.38,1,1,2,0,7,2,0,0,2,2,1,1.0,0.0046,0.0066,BENIGN,0
775,11,1567,142.45,1,1,2,0,9,4,1,0,3,2,1,1.0,0.004,0.0037,BENIGN,0
776,10,1803,180.3,1,1,2,0,9,4,0,0,2,2,1,1.0,0.0036,0.0036,BENIGN,0
778,8,1008,126.0,1,1,2,0,7,2,0,0,2,2,1,1.0,0.0046,0.0066,BENIGN,0
780,8,1183,147.88,1,1,2,0,7,2,0,0,2,2,1,1.0,0.0046,0.0066,BENIGN,0
781,9,1617,179.67,1,1,2,0,8,3,0,0,2,2,1,1.0,0.004,0.005,BENIGN,0
782,8,876,109.5,1,1,2,0,7,2,0,0,2,2,1,1.0,0.0046,0.0066,BENIGN,0
783,16,3900,243.75,2,2,2,0,14,7,0,0,2,3,2,1.0,0.0458,0.1591,BENIGN,0
784,4,204,51.0,0,0,2,0,3,0,1,0,2,2,0,0.0,0.0033,0.0033,BENIGN,0
785,10,2500,250.0,1,1,2,0,9,4,0,0,2,2,1,1.0,0.0036,0.0036,BENIGN,0
786,5,1106,221.2,1,1,0,0,4,2,0,0,2,2,1,1.0,0.0025,0.0026,BENIGN,0
787,3,120,40.0,0,0,2,0,3,0,0,0,2,2,0,0.0,0.001,0.0,BENIGN,0
788,10,2513,251.3,1,1,2,0,9,4,0,0,2,2,1,1.0,0.0036,0.0036,BENIGN,0
789,8,1060,132.5,1,1,2,0,7,2,0,0,2,2,1,1.0,0.0046,0.0066,BENIGN,0
791,9,1380,153.33,1,1,2,0,8,3,0,0,2,2,1,1.0,0.004,0.005,BENIGN,0
792,10,1323,132.3,1,1,2,0,9,4,0,0,2,2,1,1.0,0.0036,0.0036,BENIGN,0
793,8,1213,151.62,1,1,2,0,7,2,0,0,2,2,1,1.0,0.0046,0.0066,BENIGN,0
794,10,2279,227.9,1,1,2,0,9,4,0,0,2,2,1,1.0,0.0036,0.0036,BENIGN,0
795,10,2981,298.1,1,1,2,0,9,4,0,0,2,2,1,1.0,0.0036,0.0036,BENIGN,0
796,9,1813,201.44,1,1,2,0,8,3,0,0,2,2,1,1.0,0.004,0.005,BENIGN,0
797,9,1013,112.56,1,1,2,0,8,3,0,0,2,2,1,1.0,0.004,0.005,BENIGN,0
798,10,1443,144.3,1,1,2,0,9,4,0,0,2,2,1,1.0,0.0036,0.0036,BENIGN,0
799,9,1228,136.44,1,1,2,0,8,3,0,0,2,2,1,1.0,0.004,0.005,BENIGN,0
801,155,80103,516.79,1,1,2,0,8,3,146,0,3,2,1,1.0,0.0056,0.0012,ICMP_FLOOD,1
802,175,96034,548.77,1,1,2,0,7,2,167,0,3,2,1,1.0,0.0057,0.0011,ICMP_FLOOD,1
803,176,101341,575.8,1,1,2,0,9,4,166,0,3,2,1,1.0,0.0057,0.0012,ICMP_FLOOD,1
804,22,11677,530.77,0,0,0,0,0,0,22,0,1,0,0,0.0,0.006,0.0,ICMP_FLOOD,1
805,10,1335,133.5,1,1,2,0,9,4,0,0,2,2,1,1.0,0.0036,0.0036,BENIGN,0
806,9,949,105.44,1,1,2,0,8,3,0,0,2,2,1,1.0,0.004,0.005,BENIGN,0
807,9,1910,212.22,1,1,2,0,8,3,0,0,2,2,1,1.0,0.004,0.005,BENIGN,0
808,9,1880,208.89,1,1,2,0,8,3,0,0,2,2,1,1.0,0.004,0.005,BENIGN,0
809,10,2849,284.9,1,1,2,0,9,4,0,0,2,2,1,1.0,0.0036,0.0036,BENIGN,0
811,8,1233,154.12,1,1,2,0,7,2,0,0,2,2,1,1.0,0.0046,0.0066,BENIGN,0
812,8,1061,132.62,1,1,2,0,7,2,0,0,2,2,1,1.0,0.0046,0.0066,BENIGN,0
813,9,1436,159.56,1,1,2,0,8,3,0,0,2,2,1,1.0,0.004,0.005,BENIGN,0
814,8,1028,128.5,1,1,2,0,7,2,0,0,2,2,1,1.0,0.0046,0.0066,BENIGN,0
815,9,1992,221.33,1,1,2,0,8,3,0,0,2,2,1,1.0,0.004,0.005,BENIGN,0
817,9,1786,198.44,1,1,2,0,8,3,0,0,2,2,1,1.0,0.004,0.005,BENIGN,0
818,8,892,111.5,1,1,2,0,7,2,0,0,2,2,1,1.0,0.0046,0.0066,BENIGN,0
819,8,705,88.12,1,1,2,0,7,2,0,0,2,2,1,1.0,0.0046,0.0066,BENIGN,0
821,20,2675,133.75,2,2,4,0,17,7,1,0,2,3,2,1.0,0.0429,0.1652,BENIGN,0
822,10,2886,288.6,1,1,2,0,9,4,0,0,2,2,1,1.0,0.0036,0.0036,BENIGN,0
824,8,1044,130.5,1,1,2,0,7,2,0,0,2,2,1,1.0,0.0046,0.0066,BENIGN,0
825,8,864,108.0,1,1,2,0,7,2,0,0,2,2,1,1.0,0.0046,0.0066,BENIGN,0
826,10,2684,268.4,1,1,2,0,9,4,0,0,2,2,1,1.0,0.0036,0.0036,BENIGN,0
828,11,2663,242.09,1,1,2,0,9,4,1,0,3,2,1,1.0,0.004,0.0037,BENIGN,0
830,8,857,107.12,1,1,2,0,7,2,0,0,2,2,1,1.0,0.0046,0.0066,BENIGN,0
831,8,1256,157.0,1,1,2,0,7,2,0,0,2,2,1,1.0,0.0046,0.0066,BENIGN,0
832,9,1196,132.89,1,1,2,0,8,3,0,0,2,2,1,1.0,0.004,0.005,BENIGN,0
833,11,1710,155.45,1,1,2,0,9,4,1,0,2,2,1,1.0,0.004,0.0037,BENIGN,0
834,8,1231,153.88,1,1,2,0,7,2,0,0,2,2,1,1.0,0.0046,0.0066,BENIGN,0
835,8,874,109.25,1,1,2,0,7,2,0,0,2,2,1,1.0,0.0046,0.0066,BENIGN,0
836,10,2323,232.3,1,1,2,0,9,4,0,0,2,2,1,1.0,0.0036,0.0036,BENIGN,0
837,10,2740,274.0,1,1,2,0,9,4,0,0,2,2,1,1.0,0.0036,0.0036,BENIGN,0
838,9,1233,137.0,1,1,2,0,8,3,0,0,2,2,1,1.0,0.004,0.005,BENIGN,0
839,9,1236,137.33,1,1,2,0,8,3,0,0,2,2,1,1.0,0.004,0.005,BENIGN,0
840,10,1168,116.8,1,1,2,0,9,4,0,0,2,2,1,1.0,0.0036,0.0036,BENIGN,0
841,8,869,108.62,1,1,2,0,7,2,0,0,2,2,1,1.0,0.0046,0.0066,BENIGN,0
842,10,1639,163.9,1,1,2,0,9,4,0,0,2,2,1,1.0,0.0036,0.0036,BENIGN,0
843,9,1585,176.11,1,1,2,0,8,3,0,0,2,2,1,1.0,0.004,0.005,BENIGN,0
844,11,2354,214.0,1,1,2,0,9,4,1,0,2,2,1,1.0,0.004,0.0037,BENIGN,0
845,8,1095,136.88,1,1,2,0,7,2,0,0,2,2,1,1.0,0.0046,0.0066,BENIGN,0
846,9,1011,112.33,1,1,2,0,8,3,0,0,2,2,1,1.0,0.004,0.005,BENIGN,0
847,4,342,85.5,1,1,0,0,3,1,0,0,2,2,1,1.0,0.001,0.0,BENIGN,0
848,4,658,164.5,0,0,2,0,4,1,0,0,2,2,0,0.0,0.0073,0.009,BENIGN,0
849,10,2407,240.7,1,1,2,0,9,4,0,0,2,2,1,1.0,0.0036,0.0036,BENIGN,0
850,8,1115,139.38,1,1,2,0,7,2,0,0,2,2,1,1.0,0.0046,0.0066,BENIGN,0
851,9,905,100.56,1,1,2,0,8,3,0,0,2,2,1,1.0,0.004,0.005,BENIGN,0
852,9,1973,219.22,1,1,2,0,8,3,0,0,2,2,1,1.0,0.004,0.005,BENIGN,0
853,7,1742,248.86,1,1,0,0,6,4,0,0,2,2,1,1.0,0.003,0.0022,BENIGN,0
854,4,204,51.0,0,0,2,0,3,0,1,0,2,2,0,0.0,0.0033,0.0033,BENIGN,0
855,8,807,100.88,1,1,2,0,7,2,0,0,2,2,1,1.0,0.0046,0.0066,BENIGN,0
856,9,1143,127.0,1,1,2,0,8,3,0,0,2,2,1,1.0,0.004,0.005,BENIGN,0
857,1,40,40.0,1,0,0,0,0,0,0,0,1,1,1,1.0,1.0,0.0,BENIGN,0
858,8,980,122.5,0,1,2,0,8,3,0,0,2,2,0,0.0,0.0044,0.0052,BENIGN,0
859,10,1387,138.7,1,1,2,0,9,4,0,0,2,2,1,1.0,0.0036,0.0036,BENIGN,0
860,11,1669,151.73,1,1,2,0,9,4,1,0,3,2,1,1.0,0.004,0.0037,BENIGN,0
861,8,839,104.88,1,1,2,0,7,2,0,0,2,2,1,1.0,0.0046,0.0066,BENIGN,0
863,10,2745,274.5,1,1,2,0,9,4,0,0,2,2,1,1.0,0.0036,0.0036,BENIGN,0
864,8,713,89.12,1,1,2,0,7,2,0,0,2,2,1,1.0,0.0046,0.0066,BENIGN,0
866,10,1859,185.9,1,1,2,0,9,4,0,0,2,2,1,1.0,0.0036,0.0036,BENIGN,0
867,10,2013,201.3,1,1,2,0,8,3,1,0,2,2,1,1.0,0.0044,0.0049,BENIGN,0
868,10,1166,116.6,1,1,2,0,9,4,0,0,2,2,1,1.0,0.0036,0.0036,BENIGN,0
869,9,1106,122.89,1,1,2,0,8,3,0,0,2,2,1,1.0,0.004,0.005,BENIGN,0
870,9,1304,144.89,1,1,2,0,8,3,0,0,2,2,1,1.0,0.004,0.005,BENIGN,0
871,8,1151,143.88,1,1,2,0,7,2,0,0,2,2,1,1.0,0.0046,0.0066,BENIGN,0
872,10,2569,256.9,1,1,2,0,9,4,0,0,2,2,1,1.0,0.0036,0.0036,BENIGN,0
874,9,1933,214.78,1,1,2,0,8,3,0,0,2,2,1,1.0,0.004,0.005,BENIGN,0
875,9,1557,173.0,1,1,2,0,8,3,0,0,2,2,1,1.0,0.004,0.005,BENIGN,0
876,10,1742,174.2,1,1,2,0,9,4,0,0,2,2,1,1.0,0.0036,0.0036,BENIGN,0
877,9,1719,191.0,1,1,2,0,8,3,0,0,2,2,1,1.0,0.004,0.005,BENIGN,0
878,9,1802,200.22,1,1,2,0,8,3,0,0,2,2,1,1.0,0.004,0.005,BENIGN,0
879,8,946,118.25,1,1,2,0,7,2,0,0,2,2,1,1.0,0.0046,0.0066,BENIGN,0
881,11,1572,142.91,1,1,2,0,9,4,1,0,3,2,1,1.0,0.004,0.0037,BENIGN,0
882,8,897,112.12,1,1,2,0,7,2,0,0,2,2,1,1.0,0.0046,0.0066,BENIGN,0
883,85,16010,188.35,10,10,18,0,75,28,0,0,2,11,10,1.0,0.0061,0.0091,BENIGN,0
884,6,1560,260.0,0,0,2,0,6,3,0,0,2,2,0,0.0,0.0058,0.0056,BENIGN,0
885,9,1013,112.56,1,1,2,0,7,2,1,0,2,2,1,1.0,0.005,0.0063,BENIGN,0
886,10,1709,170.9,1,1,2,0,9,4,0,0,2,2,1,1.0,0.0036,0.0036,BENIGN,0
888,10,1745,174.5,1,1,2,0,9,4,0,0,2,2,1,1.0,0.0036,0.0036,BENIGN,0
889,8,934,116.75,1,1,2,0,7,2,0,0,2,2,1,1.0,0.0046,0.0066,BENIGN,0
891,17,2846,167.41,2,2,4,0,15,5,0,0,3,3,2,1.0,0.0403,0.1399,BENIGN,0
893,9,1396,155.11,1,1,2,0,8,3,0,0,2,2,1,1.0,0.004,0.005,BENIGN,0
894,9,949,105.44,1,1,2,0,7,2,1,0,2,2,1,1.0,0.005,0.0063,BENIGN,0
896,9,972,108.0,1,1,2,0,8,3,0,0,2,2,1,1.0,0.004,0.005,BENIGN,0
897,10,1841,184.1,1,1,2,0,9,4,0,0,2,2,1,1.0,0.0036,0.0036,BENIGN,0
898,9,796,88.44,1,1,2,0,7,2,1,0,2,2,1,1.0,0.005,0.0063,BENIGN,0
900,8,695,86.88,1,1,2,0,7,2,0,0,2,2,1,1.0,0.0046,0.0066,BENIGN,0
901,10,2444,244.4,1,1,2,0,9,4,0,0,2,2,1,1.0,0.0036,0.0036,BENIGN,0
903,9,1672,185.78,1,1,2,0,8,3,0,0,2,2,1,1.0,0.004,0.005,BENIGN,0
904,10,1678,167.8,1,1,2,0,9,4,0,0,2,2,1,1.0,0.0036,0.0036,BENIGN,0
905,9,1307,145.22,1,1,2,0,8,3,0,0,2,2,1,1.0,0.004,0.005,BENIGN,0
906,10,2752,275.2,1,1,2,0,9,4,0,0,2,2,1,1.0,0.0036,0.0036,BENIGN,0
907,10,1346,134.6,1,1,2,0,9,4,0,0,2,2,1,1.0,0.0036,0.0036,BENIGN,0
908,8,834,104.25,1,1,2,0,7,2,0,0,2,2,1,1.0,0.0046,0.0066,BENIGN,0
909,9,1287,143.0,1,1,2,0,8,3,0,0,2,2,1,1.0,0.004,0.005,BENIGN,0
911,9,1803,200.33,1,1,2,0,8,3,0,0,2,2,1,1.0,0.004,0.005,BENIGN,0
912,8,712,89.0,1,1,2,0,7,2,0,0,2,2,1,1.0,0.0046,0.0066,BENIGN,0
913,19,2989,157.32,2,2,4,0,16,6,1,0,2,3,2,1.0,0.0046,0.005,BENIGN,0
914,45,8400,186.67,5,5,10,0,40,15,0,0,2,6,5,1.0,0.0037,0.0048,BENIGN,0
915,61,11306,185.34,7,7,12,0,54,22,0,0,2,8,7,1.0,0.0056,0.009,BENIGN,0
916,39,6840,175.38,4,4,10,0,35,12,0,0,2,6,4,1.0,0.0066,0.0109,BENIGN,0
917,9,2012,223.56,1,1,2,0,8,3,0,0,2,2,1,1.0,0.004,0.005,BENIGN,0
918,8,967,120.88,1,1,2,0,7,2,0,0,2,2,1,1.0,0.0046,0.0066,BENIGN,0
919,8,1137,142.12,1,1,2,0,7,2,0,0,2,2,1,1.0,0.0046,0.0066,BENIGN,0
920,9,1328,147.56,1,1,2,0,8,3,0,0,2,2,1,1.0,0.004,0.005,BENIGN,0
921,10,2541,254.1,1,1,2,0,9,4,0,0,2,2,1,1.0,0.0036,0.0036,BENIGN,0
922,8,771,96.38,1,1,2,0,7,2,0,0,2,2,1,1.0,0.0046,0.0066,BENIGN,0
924,8,966,120.75,1,1,2,0,7,2,0,0,2,2,1,1.0,0.0046,0.0066,BENIGN,0
925,8,988,123.5,1,1,2,0,7,2,0,0,2,2,1,1.0,0.0046,0.0066,BENIGN,0
926,8,727,90.88,1,1,2,0,7,2,0,0,2,2,1,1.0,0.0046,0.0066,BENIGN,0
927,8,873,109.12,1,1,2,0,7,2,0,0,2,2,1,1.0,0.0046,0.0066,BENIGN,0
928,8,896,112.0,1,1,2,0,7,2,0,0,2,2,1,1.0,0.0046,0.0066,BENIGN,0
929,11,2523,229.36,1,1,2,0,9,4,1,0,3,2,1,1.0,0.004,0.0037,BENIGN,0
930,10,1143,114.3,1,1,2,0,9,4,0,0,2,2,1,1.0,0.0036,0.0036,BENIGN,0
931,10,2683,268.3,1,1,2,0,9,4,0,0,2,2,1,1.0,0.0036,0.0036,BENIGN,0
932,10,1640,164.0,1,1,2,0,9,4,0,0,2,2,1,1.0,0.0036,0.0036,BENIGN,0
933,9,1183,131.44,1,1,2,0,8,3,0,0,2,2,1,1.0,0.004,0.005,BENIGN,0
934,11,1281,116.45,1,1,2,0,9,4,1,0,2,2,1,1.0,0.004,0.0037,BENIGN,0
935,8,900,112.5,1,1,2,0,7,2,0,0,2,2,1,1.0,0.0046,0.0066,BENIGN,0
936,55,10107,183.76,6,6,12,0,49,19,0,0,2,7,6,1.0,0.0058,0.009,BENIGN,0
937,36,6760,187.78,4,4,8,0,32,12,0,0,3,5,4,1.0,0.0254,0.1166,BENIGN,0
938,8,695,86.88,1,1,2,0,7,2,0,0,2,2,1,1.0,0.0046,0.0066,BENIGN,0
939,9,1597,177.44,1,1,2,0,8,3,0,0,2,2,1,1.0,0.004,0.005,BENIGN,0
940,9,1679,186.56,1,1,2,0,8,3,0,0,2,2,1,1.0,0.004,0.005,BENIGN,0
942,8,1212,151.5,1,1,2,0,7,2,0,0,2,2,1,1.0,0.0046,0.0066,BENIGN,0
943,11,2367,215.18,1,1,2,0,9,4,1,0,2,2,1,1.0,0.004,0.0037,BENIGN,0
944,19,3609,189.95,2,2,4,0,17,7,0,0,3,3,2,1.0,0.0373,0.1384,BENIGN,0
945,10,2388,238.8,1,1,2,0,9,4,0,0,2,2,1,1.0,0.0036,0.0036,BENIGN,0
946,10,2873,287.3,1,1,2,0,9,4,0,0,2,2,1,1.0,0.0036,0.0036,BENIGN,0
947,9,1223,135.89,1,1,2,0,8,3,0,0,2,2,1,1.0,0.004,0.005,BENIGN,0
948,11,2150,195.45,1,1,2,0,9,4,1,0,2,2,1,1.0,0.004,0.0037,BENIGN,0
949,10,2442,244.2,1,1,2,0,9,4,0,0,2,2,1,1.0,0.0036,0.0036,BENIGN,0
950,8,1111,138.88,1,1,2,0,7,2,0,0,2,2,1,1.0,0.0046,0.0066,BENIGN,0
952,10,1856,185.6,1,1,2,0,9,4,0,0,2,2,1,1.0,0.0036,0.0036,BENIGN,0
953,87,6951,79.9,11,11,20,0,76,24,0,0,3,12,11,1.0,0.0043,0.0058,CONN_FLOOD,1
954,200,12500,62.5,25,25,50,0,175,50,0,0,2,27,25,1.0,0.0049,0.0062,CONN_FLOOD,1
955,208,13644,65.6,26,26,52,0,182,52,0,0,3,28,26,1.0,0.0047,0.0061,CONN_FLOOD,1
956,140,9661,69.01,17,17,36,0,123,35,0,0,3,19,17,1.0,0.0046,0.0059,CONN_FLOOD,1
957,10,1927,192.7,1,1,2,0,9,4,0,0,2,2,1,1.0,0.0036,0.0036,BENIGN,0
958,9,1133,125.89,1,1,2,0,8,3,0,0,2,2,1,1.0,0.004,0.005,BENIGN,0
959,9,1581,175.67,1,1,2,0,8,3,0,0,2,2,1,1.0,0.004,0.005,BENIGN,0
960,8,760,95.0,1,1,2,0,7,2,0,0,2,2,1,1.0,0.0046,0.0066,BENIGN,0
961,53,9613,181.38,6,6,12,0,47,17,0,0,2,7,6,1.0,0.005,0.0061,BENIGN,0
962,36,6720,186.67,4,4,8,0,32,12,0,0,2,5,4,1.0,0.0047,0.006,BENIGN,0
963,10,1543,154.3,1,1,2,0,9,4,0,0,2,2,1,1.0,0.0036,0.0036,BENIGN,0
964,10,2943,294.3,1,1,2,0,9,4,0,0,2,2,1,1.0,0.0036,0.0036,BENIGN,0
965,18,2935,163.06,2,2,4,0,16,6,0,0,2,3,2,1.0,0.0387,0.1387,BENIGN,0
967,9,1694,188.22,1,1,2,0,8,3,0,0,2,2,1,1.0,0.004,0.005,BENIGN,0
968,9,1036,115.11,1,1,2,0,8,3,0,0,2,2,1,1.0,0.004,0.005,BENIGN,0
969,9,1525,169.44,1,1,2,0,8,3,0,0,2,2,1,1.0,0.004,0.005,BENIGN,0
971,9,1729,192.11,1,1,2,0,8,3,0,0,2,2,1,1.0,0.004,0.005,BENIGN,0
972,9,1985,220.56,1,1,2,0,8,3,0,0,2,2,1,1.0,0.004,0.005,BENIGN,0
974,10,2096,209.6,1,1,2,0,8,3,1,0,2,2,1,1.0,0.0044,0.0049,BENIGN,0
975,10,1936,193.6,1,1,2,0,9,4,0,0,2,2,1,1.0,0.0036,0.0036,BENIGN,0
976,9,1441,160.11,1,1,2,0,8,3,0,0,2,2,1,1.0,0.004,0.005,BENIGN,0
977,10,1138,113.8,2,2,2,0,8,2,0,0,2,3,2,1.0,0.0932,0.252,BENIGN,0
978,8,1508,188.5,0,0,2,0,8,4,0,0,2,2,0,0.0,0.0043,0.0038,BENIGN,0
979,8,615,76.88,1,1,2,0,7,2,0,0,2,2,1,1.0,0.0046,0.0066,BENIGN,0
980,8,1095,136.88,1,1,2,0,7,2,0,0,2,2,1,1.0,0.0046,0.0066,BENIGN,0
981,8,1196,149.5,1,1,2,0,7,2,0,0,2,2,1,1.0,0.0046,0.0066,BENIGN,0
983,18,3080,171.11,2,2,4,0,16,6,0,0,2,3,2,1.0,0.0414,0.1496,BENIGN,0
984,10,2807,280.7,1,1,2,0,9,4,0,0,2,2,1,1.0,0.0036,0.0036,BENIGN,0
985,9,1647,183.0,1,1,2,0,8,3,0,0,2,2,1,1.0,0.004,0.005,BENIGN,0
986,9,1601,177.89,1,1,2,0,8,3,0,0,2,2,1,1.0,0.004,0.005,BENIGN,0
987,9,1527,169.67,1,1,2,0,8,3,0,0,2,2,1,1.0,0.004,0.005,BENIGN,0
988,11,1464,133.09,1,1,2,0,9,4,1,0,2,2,1,1.0,0.004,0.0037,BENIGN,0
989,8,827,103.38,1,1,2,0,7,2,0,0,2,2,1,1.0,0.0046,0.0066,BENIGN,0
991,8,1156,144.5,1,1,2,0,7,2,0,0,2,2,1,1.0,0.0046,0.0066,BENIGN,0
993,20,5398,269.9,2,2,4,0,18,8,0,0,3,3,2,1.0,0.0355,0.1354,BENIGN,0
994,8,808,101.0,1,1,2,0,7,2,0,0,2,2,1,1.0,0.0046,0.0066,BENIGN,0
996,72,12634,175.47,8,8,16,0,63,23,1,0,2,9,8,1.0,0.0062,0.009,BENIGN,0
997,10,2845,284.5,1,1,2,0,9,4,0,0,2,2,1,1.0,0.0036,0.0036,BENIGN,0
998,10,1176,117.6,1,1,2,0,9,4,0,0,2,2,1,1.0,0.0036,0.0036,BENIGN,0
999,8,853,106.62,1,1,2,0,7,2,0,0,2,2,1,1.0,0.0046,0.0066,BENIGN,0
1000,50,7970,159.4,6,6,10,0,44,17,0,0,3,7,6,1.0,0.0201,0.0602,SLOW_ATTACK,1
1001,38,5970,157.11,4,4,8,0,34,14,0,0,4,5,4,1.0,0.0226,0.0804,SLOW_ATTACK,1
1002,9,1564,173.78,1,1,2,0,8,3,0,0,2,2,1,1.0,0.004,0.005,BENIGN,0
1003,9,970,107.78,1,1,3,0,8,2,0,0,3,2,1,1.0,0.0967,0.2438,SLOW_ATTACK,1
1004,9,1975,219.44,1,1,2,0,8,3,0,0,2,2,1,1.0,0.004,0.005,BENIGN,0
1006,10,1256,125.6,1,1,2,0,9,4,0,0,2,2,1,1.0,0.0036,0.0036,BENIGN,0
1007,10,2608,260.8,1,1,2,0,9,4,0,0,2,2,1,1.0,0.0036,0.0036,BENIGN,0
1008,15,2288,152.53,2,2,2,0,13,6,0,0,3,3,2,1.0,0.0429,0.1023,SLOW_ATTACK,1
1009,12,1990,165.83,1,1,2,0,11,6,0,0,3,2,1,1.0,0.0727,0.1261,SLOW_ATTACK,1
1011,10,1764,176.4,1,1,3,0,9,3,0,0,3,2,1,1.0,0.0158,0.0338,SLOW_ATTACK,1
1012,11,1709,155.36,1,1,2,0,9,4,1,0,2,2,1,1.0,0.004,0.0037,BENIGN,0
1013,8,1077,134.62,1,1,2,0,7,2,0,0,2,2,1,1.0,0.0046,0.0066,BENIGN,0
1015,18,3543,196.83,2,2,4,0,16,6,0,0,3,3,2,1.0,0.0518,0.1913,BENIGN,0
1017,9,770,85.56,1,1,2,0,7,2,1,0,2,2,1,1.0,0.005,0.0063,BENIGN,0
1018,9,1804,200.44,1,1,2,0,8,3,0,0,2,2,1,1.0,0.004,0.005,BENIGN,0
1020,10,2428,242.8,1,1,2,0,9,4,0,0,2,2,1,1.0,0.0036,0.0036,BENIGN,0
1021,13,1281,98.54,2,2,2,0,11,4,0,0,3,3,2,1.0,0.0239,0.0309,SLOW_ATTACK,1
1022,12,1793,149.42,1,1,2,0,11,6,0,0,3,2,1,1.0,0.0397,0.114,SLOW_ATTACK,1
1023,10,1038,103.8,1,1,2,0,9,4,0,0,3,2,1,1.0,0.0473,0.1225,SLOW_ATTACK,1
1024,64,12067,188.55,7,7,15,0,57,21,0,0,3,8,7,1.0,0.0081,0.0276,SLOW_ATTACK,1
1025,9,913,101.44,1,1,2,0,7,2,1,0,3,2,1,1.0,0.005,0.0063,BENIGN,0
1026,9,1205,133.89,1,1,2,0,8,3,0,0,2,2,1,1.0,0.004,0.005,BENIGN,0
1027,9,1575,175.0,1,1,2,0,8,3,0,0,2,2,1,1.0,0.004,0.005,BENIGN,0
1029,8,875,109.38,1,1,2,0,7,2,0,0,2,2,1,1.0,0.0046,0.0066,BENIGN,0
1030,10,1425,142.5,1,1,2,0,9,4,0,0,2,2,1,1.0,0.0036,0.0036,BENIGN,0
1031,9,1308,145.33,1,1,2,0,8,3,0,0,2,2,1,1.0,0.004,0.005,BENIGN,0
1032,16,4101,256.31,2,2,2,0,14,7,0,0,2,3,2,1.0,0.0484,0.1689,BENIGN,0
1033,8,336,42.0,1,1,2,0,7,2,0,0,3,3,1,1.0,0.1233,0.1398,SLOW_ATTACK,1
1034,10,1083,108.3,1,1,2,0,9,4,0,0,3,2,1,1.0,0.0575,0.1238,SLOW_ATTACK,1
1035,10,1790,179.0,1,1,2,0,9,4,0,0,3,2,1,1.0,0.0832,0.2241,SLOW_ATTACK,1
1036,1,40,40.0,0,0,1,0,1,0,0,0,1,1,0,0.0,1.0,0.0,SLOW_ATTACK,1
1037,10,2867,286.7,1,1,2,0,9,4,0,0,2,2,1,1.0,0.0036,0.0036,BENIGN,0
1038,9,1960,217.78,1,1,2,0,8,3,0,0,2,2,1,1.0,0.004,0.005,BENIGN,0
1039,10,2582,258.2,1,1,2,0,9,4,0,0,2,2,1,1.0,0.0036,0.0036,BENIGN,0
1040,9,1442,160.22,1,1,2,0,8,3,0,0,2,2,1,1.0,0.004,0.005,BENIGN,0
1041,9,1935,215.0,1,1,2,0,8,3,0,0,2,2,1,1.0,0.004,0.005,BENIGN,0
1042,9,1980,220.0,1,1,2,0,8,3,0,0,2,2,1,1.0,0.004,0.005,BENIGN,0
1043,4,170,42.5,1,1,0,0,3,1,0,0,2,2,1,1.0,0.0667,0.0236,SLOW_ATTACK,1
1044,10,1068,106.8,1,1,2,0,9,4,0,0,3,2,1,1.0,0.0444,0.1142,SLOW_ATTACK,1
1045,11,1896,172.36,1,1,2,0,10,5,0,0,3,2,1,1.0,0.0579,0.1218,SLOW_ATTACK,1
1046,10,996,99.6,1,1,3,0,9,3,0,0,3,2,1,1.0,0.0269,0.0649,SLOW_ATTACK,1
1047,8,727,90.88,1,1,2,0,7,2,0,0,2,2,1,1.0,0.0046,0.0066,BENIGN,0
1048,8,1103,137.88,1,1,2,0,7,2,0,0,2,2,1,1.0,0.0046,0.0066,BENIGN,0
1049,9,1812,201.33,1,1,2,0,8,3,0,0,2,2,1,1.0,0.004,0.005,BENIGN,0
1050,10,1515,151.5,1,1,2,0,9,4,0,0,2,2,1,1.0,0.0036,0.0036,BENIGN,0
1051,10,1997,199.7,1,1,2,0,9,4,0,0,2,2,1,1.0,0.0036,0.0036,BENIGN,0
1052,9,1539,171.0,1,1,2,0,8,3,0,0,2,2,1,1.0,0.004,0.005,BENIGN,0
1053,4,170,42.5,1,1,0,0,3,1,0,0,2,2,1,1.0,0.0667,0.0236,SLOW_ATTACK,1
1054,10,754,75.4,1,1,2,0,9,4,0,0,3,2,1,1.0,0.0528,0.1235,SLOW_ATTACK,1
1055,19,2823,148.58,2,2,4,0,17,7,0,0,4,3,2,1.0,0.0527,0.1314,SLOW_ATTACK,1
1056,1,40,40.0,0,0,1,0,1,0,0,0,1,1,0,0.0,1.0,0.0,SLOW_ATTACK,1
1057,14,2927,209.07,2,2,2,0,12,5,0,0,2,3,2,1.0,0.0538,0.1762,BENIGN,0
1058,15,3051,203.4,1,1,4,0,13,5,1,0,2,3,1,1.0,0.0601,0.1996,BENIGN,0
1060,80,14342,179.28,9,9,18,0,71,26,0,0,2,10,9,1.0,0.0045,0.0068,BENIGN,0
1061,81,14124,174.37,9,9,18,0,72,27,0,0,3,10,9,1.0,0.0115,0.063,BENIGN,0
1063,8,780,97.5,1,1,2,0,7,2,0,0,2,2,1,1.0,0.0046,0.0066,BENIGN,0
1064,10,1786,178.6,1,1,2,0,9,4,0,0,2,2,1,1.0,0.0036,0.0036,BENIGN,0
1066,11,1196,108.73,2,2,2,0,9,2,0,0,3,3,2,1.0,0.0716,0.1718,SLOW_ATTACK,1
1067,11,922,83.82,1,1,2,0,10,5,0,0,3,2,1,1.0,0.08,0.13,SLOW_ATTACK,1
1068,12,2944,245.33,1,1,2,0,11,6,0,0,3,2,1,1.0,0.0364,0.0982,SLOW_ATTACK,1
1069,11,1255,114.09,1,1,3,0,10,4,0,0,3,2,1,1.0,0.0537,0.1505,SLOW_ATTACK,1
1070,11,1587,144.27,1,1,2,0,9,4,1,0,2,2,1,1.0,0.004,0.0037,BENIGN,0
1071,10,2874,287.4,1,1,2,0,9,4,0,0,2,2,1,1.0,0.0036,0.0036,BENIGN,0
1073,9,2084,231.56,1,1,2,0,8,3,0,0,2,2,1,1.0,0.004,0.005,BENIGN,0
1074,9,2061,229.0,1,1,2,0,8,3,0,0,2,2,1,1.0,0.004,0.005,BENIGN,0
1075,10,1827,182.7,1,1,2,0,9,4,0,0,2,2,1,1.0,0.0036,0.0036,BENIGN,0
1076,14,1745,124.64,2,2,2,0,12,5,0,0,3,3,2,1.0,0.0462,0.0866,SLOW_ATTACK,1
1077,19,3186,167.68,2,2,4,0,17,7,0,0,3,3,2,1.0,0.0373,0.0954,SLOW_ATTACK,1
1078,11,1800,163.64,1,1,2,0,10,5,0,0,3,2,1,1.0,0.0973,0.2811,SLOW_ATTACK,1
1079,1,40,40.0,0,0,1,0,1,0,0,0,1,1,0,0.0,1.0,0.0,SLOW_ATTACK,1
1080,8,944,118.0,1,1,2,0,7,2,0,0,2,2,1,1.0,0.0046,0.0066,BENIGN,0
1081,10,2763,276.3,1,1,2,0,9,4,0,0,2,2,1,1.0,0.0036,0.0036,BENIGN,0
1082,72,13809,191.79,8,8,16,0,64,24,0,0,2,9,8,1.0,0.0051,0.0076,BENIGN,0
1083,8,872,109.0,1,1,2,0,7,2,0,0,2,2,1,1.0,0.0046,0.0066,BENIGN,0
1084,18,3652,202.89,2,2,4,0,16,6,0,0,2,3,2,1.0,0.0381,0.1365,BENIGN,0
1085,4,170,42.5,1,1,0,0,3,1,0,0,2,2,1,1.0,0.0667,0.0236,SLOW_ATTACK,1
1086,22,2716,123.45,2,2,4,0,19,9,1,0,3,3,2,1.0,0.0458,0.1011,SLOW_ATTACK,1
1087,1,62,62.0,0,0,0,0,1,1,0,0,1,1,0,0.0,1.0,0.0,SLOW_ATTACK,1
1088,9,1270,141.11,1,1,3,0,8,2,0,0,3,2,1,1.0,0.005,0.0063,SLOW_ATTACK,1
1089,8,1251,156.38,1,1,2,0,7,2,0,0,2,2,1,1.0,0.0046,0.0066,BENIGN,0
1090,9,2103,233.67,1,1,2,0,8,3,0,0,2,2,1,1.0,0.004,0.005,BENIGN,0
1092,18,3108,172.67,2,2,4,0,16,6,0,0,2,3,2,1.0,0.041,0.1481,BENIGN,0
1093,4,170,42.5,1,1,0,0,3,1,0,0,2,2,1,1.0,0.0667,0.0236,SLOW_ATTACK,1
1094,13,1756,135.08,1,1,2,0,11,6,1,0,3,2,1,1.0,0.0333,0.0704,SLOW_ATTACK,1
1095,11,1888,171.64,1,1,2,0,10,5,0,0,3,2,1,1.0,0.068,0.1325,SLOW_ATTACK,1
1096,1,40,40.0,0,0,1,0,1,0,0,0,1,1,0,0.0,1.0,0.0,SLOW_ATTACK,1
1097,8,804,100.5,1,1,2,0,7,2,0,0,2,2,1,1.0,0.0046,0.0066,BENIGN,0
1098,8,772,96.5,1,1,2,0,7,2,0,0,2,2,1,1.0,0.0046,0.0066,BENIGN,0
1099,9,1128,125.33,1,1,2,0,7,2,1,0,2,2,1,1.0,0.005,0.0063,BENIGN,0
1100,10,1425,142.5,1,1,2,0,9,4,0,0,2,2,1,1.0,0.0036,0.0036,BENIGN,0
1101,8,1116,139.5,1,1,2,0,7,2,0,0,2,2,1,1.0,0.0046,0.0066,BENIGN,0
1102,9,2116,235.11,1,1,2,0,8,3,0,0,2,2,1,1.0,0.004,0.005,BENIGN,0
1103,9,2004,222.67,1,1,2,0,8,3,0,0,2,2,1,1.0,0.004,0.005,BENIGN,0
1104,157,8005,50.99,80,1,2,68,76,3,1,0,3,149,80,80.0,0.006,0.0054,SLOW_ATTACK,1
1105,154,6160,40.0,84,0,0,70,70,0,0,0,2,153,84,84.0,0.0065,0.0055,SLOW_ATTACK,1
1106,157,8189,52.16,84,1,2,64,73,4,0,0,3,149,84,84.0,0.0063,0.0055,SLOW_ATTACK,1
1107,23,3272,142.26,6,2,2,4,17,6,0,0,3,11,6,3.0,0.0438,0.1029,SLOW_ATTACK,1
1108,12,1773,147.75,1,1,2,0,11,6,0,0,3,2,1,1.0,0.0757,0.1529,SLOW_ATTACK,1
1110,91,17132,188.26,10,10,21,0,81,30,0,0,3,11,10,1.0,0.0103,0.0474,SLOW_ATTACK,1
1112,82,16144,196.88,9,9,18,0,73,28,0,0,2,10,9,1.0,0.0058,0.0094,BENIGN,0
1113,10,2480,248.0,1,1,2,0,9,4,0,0,2,2,1,1.0,0.0036,0.0036,BENIGN,0
1114,10,2605,260.5,1,1,2,0,9,4,0,0,2,2,1,1.0,0.0036,0.0036,BENIGN,0
1116,9,1034,114.89,1,1,2,0,8,3,0,0,2,2,1,1.0,0.004,0.005,BENIGN,0
1117,8,1101,137.62,1,1,2,0,7,2,0,0,2,2,1,1.0,0.0046,0.0066,BENIGN,0
1118,8,1239,154.88,1,1,2,0,7,2,0,0,2,2,1,1.0,0.0046,0.0066,BENIGN,0
1119,12,833,69.42,2,2,2,0,10,3,0,0,3,3,2,1.0,0.0182,0.0267,SLOW_ATTACK,1
1120,3,145,48.33,0,0,0,0,3,3,0,0,1,1,0,0.0,0.4,0.0,SLOW_ATTACK,1
1121,10,1399,139.9,1,1,2,0,9,4,0,0,3,2,1,1.0,0.0163,0.0351,SLOW_ATTACK,1
1122,18,2779,154.39,2,2,5,0,16,5,0,0,3,3,2,1.0,0.0426,0.1077,SLOW_ATTACK,1
1123,10,1283,128.3,1,1,2,0,9,4,0,0,2,2,1,1.0,0.0036,0.0036,BENIGN,0
1125,10,1244,124.4,1,1,2,0,8,3,1,0,2,2,1,1.0,0.0044,0.0049,BENIGN,0
1126,9,903,100.33,1,1,2,0,8,3,0,0,2,2,1,1.0,0.004,0.005,BENIGN,0
1127,9,1541,171.22,1,1,2,0,8,3,0,0,2,2,1,1.0,0.004,0.005,BENIGN,0
1129,11,1229,111.73,1,1,2,0,9,4,1,0,2,2,1,1.0,0.004,0.0037,BENIGN,0
1130,10,1806,180.6,1,1,2,0,9,4,0,0,2,2,1,1.0,0.0036,0.0036,BENIGN,0
1131,8,1104,138.0,1,1,2,0,7,2,0,0,2,2,1,1.0,0.0046,0.0066,BENIGN,0
1132,9,1850,205.56,1,1,2,0,8,3,0,0,2,2,1,1.0,0.004,0.005,BENIGN,0
1133,8,1174,146.75,1,1,2,0,7,2,0,0,2,2,1,1.0,0.0046,0.0066,BENIGN,0
1134,14,2195,156.79,2,2,2,0,12,5,0,0,2,3,2,1.0,0.0524,0.1682,BENIGN,0
1135,4,537,134.25,0,0,2,0,4,1,0,0,2,2,0,0.0,0.0047,0.0052,BENIGN,0
1136,19,2648,139.37,2,2,4,0,17,7,0,0,2,3,2,1.0,0.0383,0.1424,BENIGN,0
1138,10,2448,244.8,1,1,2,0,9,4,0,0,2,2,1,1.0,0.0036,0.0036,BENIGN,0
1139,8,894,111.75,1,1,2,0,7,2,0,0,2,2,1,1.0,0.0046,0.0066,BENIGN,0
1141,8,1160,145.0,1,1,2,0,7,2,0,0,2,2,1,1.0,0.0046,0.0066,BENIGN,0
1142,8,960,120.0,1,1,2,0,7,2,0,0,2,2,1,1.0,0.0046,0.0066,BENIGN,0
1143,9,2044,227.11,1,1,2,0,8,3,0,0,2,2,1,1.0,0.004,0.005,BENIGN,0
1144,8,1259,157.38,1,1,2,0,7,2,0,0,2,2,1,1.0,0.0046,0.0066,BENIGN,0
1146,10,2837,283.7,1,1,2,0,9,4,0,0,2,2,1,1.0,0.0036,0.0036,BENIGN,0
1147,18,1788,99.33,2,2,4,0,16,6,0,0,2,3,2,1.0,0.0404,0.1456,BENIGN,0
1149,10,2223,222.3,1,1,2,0,9,4,0,0,2,2,1,1.0,0.0036,0.0036,BENIGN,0
1150,8,1214,151.75,1,1,2,0,7,2,0,0,2,2,1,1.0,0.0046,0.0066,BENIGN,0
1151,8,892,111.5,1,1,2,0,7,2,0,0,2,2,1,1.0,0.0046,0.0066,BENIGN,0
1152,8,1077,134.62,1,1,2,0,7,2,0,0,2,2,1,1.0,0.0046,0.0066,BENIGN,0
1153,9,2025,225.0,1,1,2,0,8,3,0,0,2,2,1,1.0,0.004,0.005,BENIGN,0
1154,18,3731,207.28,2,2,4,0,16,6,0,0,2,3,2,1.0,0.0455,0.1659,BENIGN,0
1155,8,1119,139.88,1,1,2,0,7,2,0,0,2,2,1,1.0,0.0046,0.0066,BENIGN,0
1157,72,13472,187.11,8,8,16,0,64,24,0,0,2,9,8,1.0,0.006,0.008,BENIGN,0
1158,9,1367,151.89,1,1,2,0,8,3,0,0,2,2,1,1.0,0.004,0.005,BENIGN,0
1159,10,1602,160.2,1,1,2,0,8,3,1,0,2,2,1,1.0,0.0044,0.0049,BENIGN,0
1160,8,711,88.88,1,1,2,0,7,2,0,0,2,2,1,1.0,0.0046,0.0066,BENIGN,0
1162,8,976,122.0,1,1,2,0,7,2,0,0,2,2,1,1.0,0.0046,0.0066,BENIGN,0
1164,9,1225,136.11,1,1,2,0,8,3,0,0,2,2,1,1.0,0.004,0.005,BENIGN,0
1165,8,1090,136.25,1,1,2,0,7,2,0,0,2,2,1,1.0,0.0046,0.0066,BENIGN,0
1166,19,3398,178.84,2,2,4,0,17,7,0,0,3,3,2,1.0,0.0378,0.1404,BENIGN,0
1168,8,894,111.75,1,1,2,0,7,2,0,0,2,2,1,1.0,0.0046,0.0066,BENIGN,0
1169,10,1293,129.3,1,1,2,0,9,4,0,0,2,2,1,1.0,0.0036,0.0036,BENIGN,0
1170,8,738,92.25,1,1,2,0,7,2,0,0,2,2,1,1.0,0.0046,0.0066,BENIGN,0
1172,9,1017,113.0,1,1,2,0,7,2,1,0,2,2,1,1.0,0.005,0.0063,BENIGN,0
1173,10,1151,115.1,1,1,2,0,9,4,0,0,2,2,1,1.0,0.0036,0.0036,BENIGN,0
1174,9,1416,157.33,1,1,2,0,8,3,0,0,2,2,1,1.0,0.004,0.005,BENIGN,0
1176,9,1472,163.56,1,1,2,0,8,3,0,0,2,2,1,1.0,0.004,0.005,BENIGN,0
1177,8,837,104.62,1,1,2,0,7,2,0,0,2,2,1,1.0,0.0046,0.0066,BENIGN,0
1178,9,1906,211.78,1,1,2,0,8,3,0,0,2,2,1,1.0,0.004,0.005,BENIGN,0
1179,9,1418,157.56,1,1,2,0,8,3,0,0,2,2,1,1.0,0.004,0.005,BENIGN,0
1180,10,2304,230.4,1,1,2,0,9,4,0,0,2,2,1,1.0,0.0036,0.0036,BENIGN,0
1181,8,1096,137.0,1,1,2,0,7,2,0,0,2,2,1,1.0,0.0046,0.0066,BENIGN,0
1182,8,1202,150.25,1,1,2,0,7,2,0,0,2,2,1,1.0,0.0046,0.0066,BENIGN,0
1183,9,1895,210.56,1,1,2,0,8,3,0,0,2,2,1,1.0,0.004,0.005,BENIGN,0
1185,19,2924,153.89,2,2,4,0,17,7,0,0,2,3,2,1.0,0.0359,0.1324,BENIGN,0
1186,9,805,89.44,1,1,2,0,7,2,1,0,2,2,1,1.0,0.005,0.0063,BENIGN,0
1188,8,1295,161.88,1,1,2,0,7,2,0,0,2,2,1,1.0,0.0046,0.0066,BENIGN,0
1189,10,2827,282.7,1,1,2,0,9,4,0,0,2,2,1,1.0,0.0036,0.0036,BENIGN,0
1191,17,2654,156.12,2,2,4,0,15,5,0,0,2,3,2,1.0,0.0442,0.1546,BENIGN,0
1192,9,941,104.56,1,1,2,0,8,3,0,0,2,2,1,1.0,0.004,0.005,BENIGN,0
1194,9,907,100.78,1,1,2,0,8,3,0,0,2,2,1,1.0,0.004,0.005,BENIGN,0
1195,8,1001,125.12,1,1,2,0,7,2,0,0,2,2,1,1.0,0.0046,0.0066,BENIGN,0
1196,10,1710,171.0,1,1,2,0,8,3,1,0,2,2,1,1.0,0.0044,0.0049,BENIGN,0
1197,8,923,115.38,1,1,2,0,7,2,0,0,2,2,1,1.0,0.0046,0.0066,BENIGN,0
1198,8,925,115.62,1,1,2,0,7,2,0,0,2,2,1,1.0,0.0046,0.0066,BENIGN,0
1199,64,11021,172.2,8,8,14,0,56,20,0,0,2,9,8,1.0,0.0062,0.009,BENIGN,0
1200,26,4425,170.19,2,2,6,0,24,10,0,0,2,4,2,1.0,0.0198,0.0761,BENIGN,0
1201,9,1597,177.44,1,1,2,0,8,3,0,0,2,2,1,1.0,0.004,0.005,BENIGN,0
1203,32,3689,115.28,5,5,6,0,27,10,0,0,3,6,5,1.0,0.0237,0.0626,HTTP_ATTACK,1
1204,33,3434,104.06,5,5,6,0,28,11,0,0,3,6,5,1.0,0.0276,0.0765,HTTP_ATTACK,1
1205,28,3511,125.39,4,4,5,0,23,9,1,0,3,5,4,1.0,0.022,0.0586,HTTP_ATTACK,1
1206,33,3596,108.97,5,5,6,0,28,11,0,0,3,6,5,1.0,0.0262,0.0681,HTTP_ATTACK,1
1208,10,1756,175.6,1,1,2,0,9,4,0,0,2,2,1,1.0,0.0036,0.0036,BENIGN,0
1209,8,1173,146.62,1,1,2,0,7,2,0,0,2,2,1,1.0,0.0046,0.0066,BENIGN,0
1210,9,1211,134.56,1,1,2,0,8,3,0,0,2,2,1,1.0,0.004,0.005,BENIGN,0
1211,9,1501,166.78,1,1,2,0,8,3,0,0,2,2,1,1.0,0.004,0.005,BENIGN,0
1212,8,1165,145.62,1,1,2,0,7,2,0,0,2,2,1,1.0,0.0046,0.0066,BENIGN,0
1213,8,605,75.62,1,1,2,0,7,2,0,0,2,2,1,1.0,0.0046,0.0066,BENIGN,0
1215,9,1240,137.78,1,1,2,0,8,3,0,0,2,2,1,1.0,0.004,0.005,BENIGN,0
1216,8,1081,135.12,1,1,2,0,7,2,0,0,2,2,1,1.0,0.0046,0.0066,BENIGN,0
1217,8,1210,151.25,1,1,2,0,7,2,0,0,2,2,1,1.0,0.0046,0.0066,BENIGN,0
1219,10,1817,181.7,1,1,2,0,9,4,0,0,2,2,1,1.0,0.0036,0.0036,BENIGN,0
1220,8,1029,128.62,1,1,2,0,7,2,0,0,2,2,1,1.0,0.0046,0.0066,BENIGN,0
1221,10,1334,133.4,1,1,2,0,9,4,0,0,2,2,1,1.0,0.0036,0.0036,BENIGN,0
1223,10,2744,274.4,1,1,2,0,9,4,0,0,2,2,1,1.0,0.0036,0.0036,BENIGN,0
1224,9,1516,168.44,1,1,2,0,8,3,0,0,2,2,1,1.0,0.004,0.005,BENIGN,0
1225,50,9281,185.62,6,6,10,0,44,17,0,0,2,7,6,1.0,0.0064,0.0096,BENIGN,0
1226,31,5083,163.97,3,3,8,0,28,10,0,0,2,5,3,1.0,0.0109,0.0371,BENIGN,0
1227,9,1035,115.0,1,1,2,0,8,3,0,0,2,2,1,1.0,0.004,0.005,BENIGN,0
1228,9,1935,215.0,1,1,2,0,8,3,0,0,2,2,1,1.0,0.004,0.005,BENIGN,0
1229,8,1140,142.5,1,1,2,0,7,2,0,0,2,2,1,1.0,0.0046,0.0066,BENIGN,0
1231,10,2241,224.1,1,1,2,0,9,4,0,0,2,2,1,1.0,0.0036,0.0036,BENIGN,0
1232,10,2104,210.4,1,1,2,0,9,4,0,0,2,2,1,1.0,0.0036,0.0036,BENIGN,0
1233,9,1333,148.11,1,1,2,0,8,3,0,0,2,2,1,1.0,0.004,0.005,BENIGN,0
1234,10,2681,268.1,1,1,2,0,9,4,0,0,2,2,1,1.0,0.0036,0.0036,BENIGN,0
1236,18,3596,199.78,2,2,4,0,16,6,0,0,3,3,2,1.0,0.0381,0.1365,BENIGN,0
1237,8,703,87.88,1,1,2,0,7,2,0,0,2,2,1,1.0,0.0046,0.0066,BENIGN,0
1238,9,1844,204.89,1,1,2,0,8,3,0,0,2,2,1,1.0,0.004,0.005,BENIGN,0
1239,10,2561,256.1,1,1,2,0,9,4,0,0,2,2,1,1.0,0.0036,0.0036,BENIGN,0
1241,10,1805,180.5,1,1,2,0,9,4,0,0,2,2,1,1.0,0.0036,0.0036,BENIGN,0
1242,10,2717,271.7,1,1,2,0,9,4,0,0,2,2,1,1.0,0.0036,0.0036,BENIGN,0
1243,10,2437,243.7,1,1,2,0,9,4,0,0,2,2,1,1.0,0.0036,0.0036,BENIGN,0
1244,11,2913,264.82,1,1,2,0,9,4,1,0,2,2,1,1.0,0.004,0.0037,BENIGN,0
1245,9,1415,157.22,1,1,2,0,8,3,0,0,2,2,1,1.0,0.004,0.005,BENIGN,0
1247,10,1397,139.7,1,1,2,0,9,4,0,0,2,2,1,1.0,0.0036,0.0036,BENIGN,0
1249,11,2145,195.0,1,1,2,0,9,4,1,0,3,2,1,1.0,0.004,0.0037,BENIGN,0
1250,10,2373,237.3,1,1,2,0,9,4,0,0,2,2,1,1.0,0.0036,0.0036,BENIGN,0
1251,19,4021,211.63,2,2,4,0,17,7,0,0,3,3,2,1.0,0.0476,0.1809,BENIGN,0
1252,10,1590,159.0,1,1,2,0,8,3,1,0,2,2,1,1.0,0.0044,0.0049,BENIGN,0
1254,8,1187,148.38,1,1,2,0,7,2,0,0,2,2,1,1.0,0.0046,0.0066,BENIGN,0
1255,10,1462,146.2,1,1,2,0,9,4,0,0,2,2,1,1.0,0.0036,0.0036,BENIGN,0
1256,19,4614,242.84,2,2,4,0,17,7,0,0,3,3,2,1.0,0.0376,0.1396,BENIGN,0
1258,9,1509,167.67,1,1,2,0,8,3,0,0,2,2,1,1.0,0.004,0.005,BENIGN,0
1260,9,1081,120.11,1,1,2,0,8,3,0,0,2,2,1,1.0,0.004,0.005,BENIGN,0
1261,8,633,79.12,1,1,2,0,7,2,0,0,2,2,1,1.0,0.0046,0.0066,BENIGN,0
1262,8,1062,132.75,1,1,2,0,7,2,0,0,2,2,1,1.0,0.0046,0.0066,BENIGN,0
1263,8,757,94.62,1,1,2,0,7,2,0,0,2,2,1,1.0,0.0046,0.0066,BENIGN,0
1264,91,16956,186.33,10,10,20,0,81,31,0,0,3,11,10,1.0,0.0074,0.0237,BENIGN,0
1266,8,653,81.62,1,1,2,0,7,2,0,0,2,2,1,1.0,0.0046,0.0066,BENIGN,0
1267,10,1508,150.8,1,1,2,0,8,3,1,0,2,2,1,1.0,0.0044,0.0049,BENIGN,0
1268,20,3634,181.7,2,2,4,0,18,8,0,0,2,3,2,1.0,0.0357,0.1362,BENIGN,0
1269,8,914,114.25,1,1,2,0,7,2,0,0,2,2,1,1.0,0.0046,0.0066,BENIGN,0
1270,10,2755,275.5,1,1,2,0,9,4,0,0,2,2,1,1.0,0.0036,0.0036,BENIGN,0
1271,8,721,90.12,1,1,2,0,7,2,0,0,2,2,1,1.0,0.0046,0.0066,BENIGN,0
1272,10,1366,136.6,1,1,2,0,9,4,0,0,2,2,1,1.0,0.0036,0.0036,BENIGN,0
1273,9,1280,142.22,1,1,2,0,8,3,0,0,2,2,1,1.0,0.004,0.005,BENIGN,0
1275,10,1646,164.6,1,1,2,0,8,3,1,0,2,2,1,1.0,0.0044,0.0049,BENIGN,0
1277,10,2473,247.3,1,1,2,0,9,4,0,0,2,2,1,1.0,0.0036,0.0036,BENIGN,0
1278,9,1505,167.22,1,1,2,0,8,3,0,0,2,2,1,1.0,0.004,0.005,BENIGN,0
1280,8,778,97.25,1,1,2,0,7,2,0,0,2,2,1,1.0,0.0046,0.0066,BENIGN,0
1281,8,1125,140.62,1,1,2,0,7,2,0,0,2,2,1,1.0,0.0046,0.0066,BENIGN,0
1282,8,895,111.88,1,1,2,0,7,2,0,0,2,2,1,1.0,0.0046,0.0066,BENIGN,0
1283,10,1458,145.8,1,1,2,0,9,4,0,0,2,2,1,1.0,0.0036,0.0036,BENIGN,0
1285,8,991,123.88,1,1,2,0,7,2,0,0,2,2,1,1.0,0.0046,0.0066,BENIGN,0
1286,11,1791,162.82,1,1,2,0,9,4,1,0,3,2,1,1.0,0.004,0.0037,BENIGN,0
1288,10,1378,137.8,1,1,2,0,9,4,0,0,2,2,1,1.0,0.0036,0.0036,BENIGN,0
1289,19,2434,128.11,2,2,4,0,15,5,2,0,2,3,2,1.0,0.0383,0.1387,BENIGN,0
1290,10,2507,250.7,1,1,2,0,9,4,0,0,2,2,1,1.0,0.0036,0.0036,BENIGN,0
1291,8,962,120.25,1,1,2,0,7,2,0,0,2,2,1,1.0,0.0046,0.0066,BENIGN,0
1292,9,1230,136.67,1,1,2,0,8,3,0,0,2,2,1,1.0,0.004,0.005,BENIGN,0
1293,9,1670,185.56,1,1,2,0,8,3,0,0,2,2,1,1.0,0.004,0.005,BENIGN,0
1294,9,952,105.78,1,1,2,0,8,3,0,0,2,2,1,1.0,0.004,0.005,BENIGN,0
1295,10,1405,140.5,1,1,2,0,9,4,0,0,2,2,1,1.0,0.0036,0.0036,BENIGN,0
1296,8,655,81.88,1,1,2,0,7,2,0,0,2,2,1,1.0,0.0046,0.0066,BENIGN,0
1297,10,1354,135.4,1,1,2,0,8,3,1,0,2,2,1,1.0,0.0044,0.0049,BENIGN,0
1298,9,979,108.78,1,1,2,0,8,3,0,0,2,2,1,1.0,0.004,0.005,BENIGN,0
1300,84,48770,580.6,1,1,2,0,7,2,76,0,3,2,1,1.0,0.0073,0.0126,ICMP_FLOOD,1
1301,176,97487,553.9,1,1,2,0,8,3,167,0,3,2,1,1.0,0.0057,0.0012,ICMP_FLOOD,1
1302,174,91118,523.67,1,1,2,0,7,2,166,0,3,2,1,1.0,0.0057,0.0011,ICMP_FLOOD,1
1303,154,65733,426.84,7,7,14,0,55,20,92,0,3,8,7,1.0,0.0039,0.0032,ICMP_FLOOD,1
1304,8,1030,128.75,1,1,2,0,7,2,0,0,2,2,1,1.0,0.0046,0.0066,BENIGN,0
1305,13,1856,142.77,2,2,2,0,11,4,0,0,2,3,2,1.0,0.0567,0.1753,BENIGN,0
1306,12,1422,118.5,1,1,4,0,11,3,0,0,2,3,1,1.0,0.0582,0.1733,BENIGN,0
1307,9,1298,144.22,1,1,2,0,7,2,1,0,2,2,1,1.0,0.005,0.0063,BENIGN,0
1308,8,701,87.62,1,1,2,0,7,2,0,0,2,2,1,1.0,0.0046,0.0066,BENIGN,0
1309,9,936,104.0,1,1,2,0,8,3,0,0,2,2,1,1.0,0.004,0.005,BENIGN,0
1310,9,1269,141.0,1,1,2,0,8,3,0,0,2,2,1,1.0,0.004,0.005,BENIGN,0
1311,6,914,152.33,1,1,1,0,5,2,0,0,2,2,1,1.0,0.006,0.0074,BENIGN,0
1312,57,9792,171.79,6,6,13,0,51,19,0,0,2,8,6,1.0,0.0174,0.0919,BENIGN,0
1313,27,5040,186.67,3,3,6,0,24,9,0,0,2,4,3,1.0,0.0046,0.0053,BENIGN,0
1314,9,1724,191.56,1,1,2,0,8,3,0,0,2,2,1,1.0,0.004,0.005,BENIGN,0
1315,10,1794,179.4,1,1,2,0,9,4,0,0,2,2,1,1.0,0.0036,0.0036,BENIGN,0
1317,10,1610,161.0,1,1,2,0,9,4,0,0,2,2,1,1.0,0.0036,0.0036,BENIGN,0
1318,9,876,97.33,1,1,2,0,7,2,1,0,3,2,1,1.0,0.005,0.0063,BENIGN,0
1319,8,857,107.12,1,1,2,0,7,2,0,0,2,2,1,1.0,0.0046,0.0066,BENIGN,0
1320,9,1730,192.22,1,1,2,0,8,3,0,0,2,2,1,1.0,0.004,0.005,BENIGN,0
1321,8,629,78.62,1,1,2,0,7,2,0,0,2,2,1,1.0,0.0046,0.0066,BENIGN,0
1323,10,2462,246.2,1,1,2,0,9,4,0,0,2,2,1,1.0,0.0036,0.0036,BENIGN,0
1325,8,700,87.5,1,1,2,0,7,2,0,0,2,2,1,1.0,0.0046,0.0066,BENIGN,0
1326,11,2304,209.45,1,1,2,0,9,4,1,0,2,2,1,1.0,0.004,0.0037,BENIGN,0
1328,98,18023,183.91,11,11,22,0,87,32,0,0,2,12,11,1.0,0.006,0.0085,BENIGN,0
1329,10,1908,190.8,1,1,2,0,9,4,0,0,2,2,1,1.0,0.0036,0.0036,BENIGN,0
1331,10,1176,117.6,1,1,2,0,9,4,0,0,2,2,1,1.0,0.0036,0.0036,BENIGN,0
1332,10,1584,158.4,1,1,2,0,9,4,0,0,2,2,1,1.0,0.0036,0.0036,BENIGN,0
1333,8,987,123.38,1,1,2,0,7,2,0,0,2,2,1,1.0,0.0046,0.0066,BENIGN,0
1334,10,2153,215.3,1,1,2,0,9,4,0,0,2,2,1,1.0,0.0036,0.0036,BENIGN,0
1335,9,1611,179.0,1,1,2,0,8,3,0,0,2,2,1,1.0,0.004,0.005,BENIGN,0
1337,8,1140,142.5,1,1,2,0,7,2,0,0,2,2,1,1.0,0.0046,0.0066,BENIGN,0
1338,8,1191,148.88,1,1,2,0,7,2,0,0,2,2,1,1.0,0.0046,0.0066,BENIGN,0
1339,5,842,168.4,1,1,0,0,4,2,0,0,2,2,1,1.0,0.0025,0.0026,BENIGN,0
1340,12,1732,144.33,1,1,4,0,11,3,0,0,3,3,1,1.0,0.0629,0.1834,BENIGN,0
1342,9,1838,204.22,1,1,2,0,8,3,0,0,2,2,1,1.0,0.004,0.005,BENIGN,0
1343,10,1810,181.0,1,1,2,0,9,4,0,0,2,2,1,1.0,0.0036,0.0036,BENIGN,0
1344,8,1134,141.75,1,1,2,0,7,2,0,0,2,2,1,1.0,0.0046,0.0066,BENIGN,0
1345,9,1432,159.11,1,1,2,0,8,3,0,0,2,2,1,1.0,0.004,0.005,BENIGN,0
1347,8,945,118.12,1,1,2,0,7,2,0,0,2,2,1,1.0,0.0046,0.0066,BENIGN,0
1348,10,1688,168.8,1,1,2,0,9,4,0,0,2,2,1,1.0,0.0036,0.0036,BENIGN,0
1349,8,735,91.88,1,1,2,0,7,2,0,0,2,2,1,1.0,0.0046,0.0066,BENIGN,0
1350,10,1730,173.0,1,1,2,0,9,4,0,0,2,2,1,1.0,0.0036,0.0036,BENIGN,0
1352,91,16734,183.89,10,10,20,0,81,31,0,0,2,11,10,1.0,0.0062,0.0098,BENIGN,0
1353,10,1216,121.6,1,1,2,0,9,4,0,0,2,2,1,1.0,0.0036,0.0036,BENIGN,0
1354,17,2398,141.06,2,2,4,0,15,5,0,0,2,3,2,1.0,0.0051,0.0065,BENIGN,0
1355,54,10080,186.67,6,6,12,0,48,18,0,0,2,7,6,1.0,0.0048,0.0073,BENIGN,0
1356,9,1494,166.0,1,1,2,0,8,3,0,0,2,2,1,1.0,0.004,0.005,BENIGN,0
1357,10,1411,141.1,1,1,2,0,9,4,0,0,2,2,1,1.0,0.0036,0.0036,BENIGN,0
1358,9,1877,208.56,1,1,2,0,8,3,0,0,2,2,1,1.0,0.004,0.005,BENIGN,0
1360,10,2597,259.7,1,1,2,0,9,4,0,0,2,2,1,1.0,0.0036,0.0036,BENIGN,0
1361,10,2403,240.3,1,1,2,0,9,4,0,0,2,2,1,1.0,0.0036,0.0036,BENIGN,0
1363,10,2605,260.5,1,1,2,0,9,4,0,0,2,2,1,1.0,0.0036,0.0036,BENIGN,0
1364,8,1184,148.0,1,1,2,0,7,2,0,0,2,2,1,1.0,0.0046,0.0066,BENIGN,0
1365,9,2075,230.56,1,1,2,0,8,3,0,0,2,2,1,1.0,0.004,0.005,BENIGN,0
1366,8,732,91.5,1,1,2,0,7,2,0,0,2,2,1,1.0,0.0046,0.0066,BENIGN,0
1368,8,1232,154.0,1,1,2,0,7,2,0,0,2,2,1,1.0,0.0046,0.0066,BENIGN,0
1369,8,995,124.38,1,1,2,0,7,2,0,0,2,2,1,1.0,0.0046,0.0066,BENIGN,0
1370,9,754,83.78,1,1,2,0,7,2,1,0,2,2,1,1.0,0.005,0.0063,BENIGN,0
1371,10,2610,261.0,1,1,2,0,9,4,0,0,2,2,1,1.0,0.0036,0.0036,BENIGN,0
1372,10,1320,132.0,1,1,2,0,9,4,0,0,2,2,1,1.0,0.0036,0.0036,BENIGN,0
1373,8,1273,159.12,1,1,2,0,7,2,0,0,2,2,1,1.0,0.0046,0.0066,BENIGN,0
1374,9,1985,220.56,1,1,2,0,8,3,0,0,2,2,1,1.0,0.004,0.005,BENIGN,0
1376,10,1094,109.4,1,1,2,0,8,3,1,0,2,2,1,1.0,0.0044,0.0049,BENIGN,0
1377,9,1485,165.0,1,1,2,0,8,3,0,0,2,2,1,1.0,0.004,0.005,BENIGN,0
1379,9,1745,193.89,1,1,2,0,8,3,0,0,2,2,1,1.0,0.004,0.005,BENIGN,0
1381,10,2267,226.7,1,1,2,0,9,4,0,0,2,2,1,1.0,0.0036,0.0036,BENIGN,0
1382,10,1786,178.6,1,1,2,0,9,4,0,0,2,2,1,1.0,0.0036,0.0036,BENIGN,0
1383,10,2928,292.8,1,1,2,0,9,4,0,0,2,2,1,1.0,0.0036,0.0036,BENIGN,0
1384,10,1648,164.8,1,1,2,0,9,4,0,0,2,2,1,1.0,0.0036,0.0036,BENIGN,0
1385,8,1244,155.5,1,1,2,0,7,2,0,0,2,2,1,1.0,0.0046,0.0066,BENIGN,0
1386,18,3414,189.67,2,2,4,0,16,6,0,0,3,3,2,1.0,0.0372,0.1329,BENIGN,0
1387,9,1044,116.0,1,1,2,0,7,2,1,0,3,2,1,1.0,0.005,0.0063,BENIGN,0
1388,10,1511,151.1,1,1,2,0,9,4,0,0,2,2,1,1.0,0.0036,0.0036,BENIGN,0
1390,8,827,103.38,1,1,2,0,7,2,0,0,2,2,1,1.0,0.0046,0.0066,BENIGN,0
1391,8,795,99.38,1,1,2,0,7,2,0,0,2,2,1,1.0,0.0046,0.0066,BENIGN,0
1392,8,883,110.38,1,1,2,0,7,2,0,0,2,2,1,1.0,0.0046,0.0066,BENIGN,0
1393,10,1434,143.4,1,1,2,0,9,4,0,0,2,2,1,1.0,0.0036,0.0036,BENIGN,0
1395,9,1161,129.0,1,1,2,0,8,3,0,0,2,2,1,1.0,0.004,0.005,BENIGN,0
1396,9,1060,117.78,1,1,2,0,8,3,0,0,2,2,1,1.0,0.004,0.005,BENIGN,0
1397,10,2761,276.1,1,1,2,0,9,4,0,0,2,2,1,1.0,0.0036,0.0036,BENIGN,0
1398,9,2018,224.22,1,1,2,0,8,3,0,0,2,2,1,1.0,0.004,0.005,BENIGN,0
1400,15,1811,120.73,2,2,3,0,13,5,0,0,3,3,2,1.0,0.0516,0.1717,STEALTH_WEB,1
1401,10,1758,175.8,1,1,2,0,9,4,0,0,2,2,1,1.0,0.0036,0.0036,BENIGN,0
1402,8,839,104.88,1,1,2,0,7,2,0,0,2,2,1,1.0,0.0046,0.0066,BENIGN,0
1403,6,643,107.17,1,1,1,0,5,2,0,0,2,2,1,1.0,0.004,0.0038,STEALTH_WEB,1
1404,10,1317,131.7,1,1,2,0,8,3,1,0,2,2,1,1.0,0.0044,0.0049,BENIGN,0
1405,10,1004,100.4,1,1,2,0,8,3,1,0,2,2,1,1.0,0.0044,0.0049,BENIGN,0
1406,10,2254,225.4,1,1,2,0,9,4,0,0,2,2,1,1.0,0.0036,0.0036,BENIGN,0
1407,14,1490,106.43,2,2,3,0,12,4,0,0,3,3,2,1.0,0.0271,0.0792,STEALTH_WEB,1
1409,8,1082,135.25,1,1,2,0,7,2,0,0,2,2,1,1.0,0.0046,0.0066,BENIGN,0
1410,10,1219,121.9,1,1,2,0,9,4,0,0,2,2,1,1.0,0.0036,0.0036,BENIGN,0
1411,14,1502,107.29,2,2,3,0,12,4,0,0,3,3,2,1.0,0.0522,0.1659,STEALTH_WEB,1
1413,89,15953,179.25,10,10,20,0,79,29,0,0,2,11,10,1.0,0.0043,0.0068,BENIGN,0
1414,10,1331,133.1,1,1,2,0,8,3,1,0,2,2,1,1.0,0.0044,0.0049,BENIGN,0
1415,16,2340,146.25,2,2,3,0,14,6,0,0,3,3,2,1.0,0.0151,0.0427,STEALTH_WEB,1
1416,10,2087,208.7,1,1,2,0,9,4,0,0,2,2,1,1.0,0.0036,0.0036,BENIGN,0
1417,9,923,102.56,1,1,2,0,8,3,0,0,2,2,1,1.0,0.004,0.005,BENIGN,0
1418,9,1774,197.11,1,1,2,0,8,3,0,0,2,2,1,1.0,0.004,0.005,BENIGN,0
1419,9,1324,147.11,1,1,2,0,7,2,1,0,2,2,1,1.0,0.005,0.0063,BENIGN,0
1420,6,634,105.67,1,1,1,0,5,2,0,0,2,2,1,1.0,0.004,0.0038,STEALTH_WEB,1
1421,11,1619,147.18,1,1,2,0,9,4,1,0,2,2,1,1.0,0.004,0.0037,BENIGN,0
1423,71,12614,177.66,8,8,16,0,63,23,0,0,2,9,8,1.0,0.0053,0.0076,BENIGN,0
1424,6,634,105.67,1,1,1,0,5,2,0,0,2,2,1,1.0,0.004,0.0038,STEALTH_WEB,1
1425,20,3201,160.05,2,2,4,0,17,7,1,0,2,3,2,1.0,0.0402,0.1537,BENIGN,0
1426,9,1677,186.33,1,1,2,0,8,3,0,0,2,2,1,1.0,0.004,0.005,BENIGN,0
1428,86,15294,177.84,10,10,19,0,76,28,0,0,3,11,10,1.0,0.0099,0.044,STEALTH_WEB,1
1429,10,1452,145.2,1,1,2,0,9,4,0,0,2,2,1,1.0,0.0036,0.0036,BENIGN,0
1430,9,1169,129.89,1,1,2,0,8,3,0,0,2,2,1,1.0,0.004,0.005,BENIGN,0
1431,9,1773,197.0,1,1,2,0,8,3,0,0,2,2,1,1.0,0.004,0.005,BENIGN,0
1432,6,643,107.17,1,1,1,0,5,2,0,0,2,2,1,1.0,0.004,0.0038,STEALTH_WEB,1
1433,8,643,80.38,1,1,2,0,7,2,0,0,2,2,1,1.0,0.0046,0.0066,BENIGN,0
1434,10,1574,157.4,1,1,2,0,8,3,1,0,2,2,1,1.0,0.0044,0.0049,BENIGN,0
1435,9,1833,203.67,1,1,2,0,8,3,0,0,2,2,1,1.0,0.004,0.005,BENIGN,0
1436,9,1435,159.44,1,1,2,0,8,3,0,0,2,2,1,1.0,0.004,0.005,BENIGN,0
1437,15,2104,140.27,2,2,3,0,13,5,0,0,3,3,2,1.0,0.0577,0.1937,STEALTH_WEB,1
1439,9,1376,152.89,1,1,2,0,8,3,0,0,2,2,1,1.0,0.004,0.005,BENIGN,0
1441,14,1793,128.07,2,2,3,0,12,4,0,0,3,3,2,1.0,0.0132,0.0311,STEALTH_WEB,1
1442,19,4844,254.95,2,2,4,0,17,7,0,0,3,3,2,1.0,0.0391,0.1458,BENIGN,0
1444,20,4150,207.5,2,2,4,0,17,7,1,0,2,3,2,1.0,0.0384,0.1459,BENIGN,0
1445,6,643,107.17,1,1,1,0,5,2,0,0,2,2,1,1.0,0.004,0.0038,STEALTH_WEB,1
1446,8,790,98.75,1,1,2,0,7,2,0,0,2,2,1,1.0,0.0046,0.0066,BENIGN,0
1447,8,1245,155.62,1,1,2,0,7,2,0,0,2,2,1,1.0,0.0046,0.0066,BENIGN,0
1448,9,1723,191.44,1,1,2,0,8,3,0,0,2,2,1,1.0,0.004,0.005,BENIGN,0
1449,16,2182,136.38,2,2,3,0,13,5,1,0,3,3,2,1.0,0.0168,0.0472,STEALTH_WEB,1
1451,8,1123,140.38,1,1,2,0,7,2,0,0,2,2,1,1.0,0.0046,0.0066,BENIGN,0
1452,9,1311,145.67,1,1,2,0,8,3,0,0,2,2,1,1.0,0.004,0.005,BENIGN,0
1453,8,1105,138.12,1,1,2,0,7,2,0,0,2,2,1,1.0,0.0046,0.0066,BENIGN,0
1454,20,2754,137.7,3,3,3,0,17,7,0,0,3,4,3,1.0,0.0503,0.1384,STEALTH_WEB,1
1455,6,909,151.5,0,0,2,0,6,3,0,0,2,2,0,0.0,0.0044,0.004,BENIGN,0
1456,8,1111,138.88,1,1,2,0,7,2,0,0,2,2,1,1.0,0.0046,0.0066,BENIGN,0
1457,9,1227,136.33,1,1,2,0,8,3,0,0,2,2,1,1.0,0.004,0.005,BENIGN,0
1458,11,1505,136.82,2,2,1,0,9,4,0,0,3,3,2,1.0,0.0848,0.2444,STEALTH_WEB,1
1459,4,641,160.25,0,0,2,0,4,1,0,0,2,2,0,0.0,0.006,0.0071,BENIGN,0
1460,8,815,101.88,1,1,2,0,7,2,0,0,2,2,1,1.0,0.0046,0.0066,BENIGN,0
1461,16,2210,138.12,2,2,3,0,14,6,0,0,3,3,2,1.0,0.0343,0.1144,STEALTH_WEB,1
1462,8,1019,127.38,1,1,2,0,7,2,0,0,2,2,1,1.0,0.0046,0.0066,BENIGN,0
1464,81,14524,179.31,9,9,18,0,72,27,0,0,2,10,9,1.0,0.0055,0.008,BENIGN,0
1465,15,2627,175.13,2,2,3,0,13,5,0,0,3,3,2,1.0,0.0149,0.0397,STEALTH_WEB,1
1467,10,1791,179.1,1,1,2,0,9,4,0,0,2,2,1,1.0,0.0036,0.0036,BENIGN,0
1468,9,1925,213.89,1,1,2,0,8,3,0,0,2,2,1,1.0,0.004,0.005,BENIGN,0
1469,8,1152,144.0,1,1,2,0,7,2,0,0,2,2,1,1.0,0.0046,0.0066,BENIGN,0
1471,8,1215,151.88,1,1,2,0,7,2,0,0,2,2,1,1.0,0.0046,0.0066,BENIGN,0
1472,8,1273,159.12,1,1,2,0,7,2,0,0,2,2,1,1.0,0.0046,0.0066,BENIGN,0
1473,9,1839,204.33,1,1,2,0,8,3,0,0,2,2,1,1.0,0.004,0.005,BENIGN,0
1475,98,17889,182.54,11,11,22,0,87,32,0,0,2,12,11,1.0,0.0048,0.0068,BENIGN,0
1476,10,2349,234.9,1,1,2,0,9,4,0,0,2,2,1,1.0,0.0036,0.0036,BENIGN,0
1477,9,772,85.78,1,1,2,0,7,2,1,0,2,2,1,1.0,0.005,0.0063,BENIGN,0
1479,8,1036,129.5,1,1,2,0,7,2,0,0,2,2,1,1.0,0.0046,0.0066,BENIGN,0
1480,13,2096,161.23,2,2,2,0,11,4,0,0,3,3,2,1.0,0.0814,0.2575,BENIGN,0
1481,4,204,51.0,0,0,2,0,3,0,1,0,2,2,0,0.0,0.0033,0.0033,BENIGN,0
1482,10,2434,243.4,1,1,2,0,9,4,0,0,2,2,1,1.0,0.0036,0.0036,BENIGN,0
1483,9,1678,186.44,1,1,2,0,8,3,0,0,2,2,1,1.0,0.004,0.005,BENIGN,0
1484,9,927,103.0,1,1,2,0,8,3,0,0,2,2,1,1.0,0.004,0.005,BENIGN,0
1485,9,952,105.78,1,1,2,0,8,3,0,0,2,2,1,1.0,0.004,0.005,BENIGN,0
1487,97,16617,171.31,11,11,22,0,86,31,0,0,3,12,11,1.0,0.0072,0.021,BENIGN,0
1489,95,17076,179.75,11,11,20,0,84,32,0,0,3,12,11,1.0,0.0101,0.0526,BENIGN,0
1490,7,2095,299.29,1,0,2,0,6,3,0,0,3,2,1,1.0,0.1661,0.3617,BENIGN,0
1491,7,956,136.57,0,1,2,0,7,2,0,0,2,2,0,0.0,0.0052,0.007,BENIGN,0
1492,15,2852,190.13,2,2,2,0,13,6,0,0,2,3,2,1.0,0.0599,0.2031,BENIGN,0
1493,3,120,40.0,0,0,2,0,3,0,0,0,2,2,0,0.0,0.001,0.0,BENIGN,0
1494,9,1546,171.78,1,1,2,0,8,3,0,0,2,2,1,1.0,0.004,0.005,BENIGN,0
1495,10,2883,288.3,1,1,2,0,9,4,0,0,2,2,1,1.0,0.0036,0.0036,BENIGN,0
1496,11,1287,117.0,1,1,2,0,9,4,1,0,3,2,1,1.0,0.004,0.0037,BENIGN,0
1498,16,2183,136.44,2,2,2,0,14,7,0,0,2,3,2,1.0,0.064,0.2271,BENIGN,0
1499,11,782,71.09,1,1,4,0,10,2,0,0,2,3,1,1.0,0.0962,0.2773,BENIGN,0
1501,10,2182,218.2,1,1,2,0,9,4,0,0,2,2,1,1.0,0.0036,0.0036,BENIGN,0
1502,8,1104,138.0,1,1,2,0,7,2,0,0,2,2,1,1.0,0.0046,0.0066,BENIGN,0
1503,9,1752,194.67,1,1,2,0,8,3,0,0,2,2,1,1.0,0.004,0.005,BENIGN,0
1504,130,6957,53.52,68,1,2,53,62,4,0,0,3,122,68,68.0,0.0061,0.0054,SYN_SCAN,1
1505,148,5920,40.0,84,0,0,64,64,0,0,0,2,148,84,84.0,0.0068,0.0055,SYN_SCAN,1
1506,164,7235,44.12,84,1,2,73,80,2,0,0,3,158,84,84.0,0.0061,0.0055,SYN_SCAN,1
1507,39,2314,59.33,17,1,2,14,22,3,0,0,3,32,17,17.0,0.0092,0.0217,SYN_SCAN,1
1508,9,1953,217.0,1,1,2,0,8,3,0,0,2,2,1,1.0,0.004,0.005,BENIGN,0
1509,10,2637,263.7,1,1,2,0,9,4,0,0,2,2,1,1.0,0.0036,0.0036,BENIGN,0
1510,9,1130,125.56,1,1,2,0,8,3,0,0,2,2,1,1.0,0.004,0.005,BENIGN,0
1511,10,1414,141.4,1,1,2,0,8,3,1,0,2,2,1,1.0,0.0044,0.0049,BENIGN,0
1512,9,1204,133.78,1,1,2,0,8,3,0,0,2,2,1,1.0,0.004,0.005,BENIGN,0
1513,10,1597,159.7,1,1,2,0,9,4,0,0,2,2,1,1.0,0.0036,0.0036,BENIGN,0
1514,9,1016,112.89,1,1,2,0,8,3,0,0,2,2,1,1.0,0.004,0.005,BENIGN,0
1515,4,337,84.25,1,1,0,0,3,1,0,0,2,2,1,1.0,0.001,0.0,BENIGN,0
1516,14,2375,169.64,1,1,4,0,13,5,0,0,2,3,1,1.0,0.0578,0.1847,BENIGN,0
1518,9,1212,134.67,1,1,2,0,8,3,0,0,2,2,1,1.0,0.004,0.005,BENIGN,0
1519,10,2731,273.1,1,1,2,0,9,4,0,0,2,2,1,1.0,0.0036,0.0036,BENIGN,0
1521,8,1096,137.0,1,1,2,0,7,2,0,0,2,2,1,1.0,0.0046,0.0066,BENIGN,0
1522,9,1244,138.22,1,1,2,0,8,3,0,0,2,2,1,1.0,0.004,0.005,BENIGN,0
1523,9,2028,225.33,1,1,2,0,8,3,0,0,2,2,1,1.0,0.004,0.005,BENIGN,0
1525,9,1624,180.44,1,1,2,0,8,3,0,0,2,2,1,1.0,0.004,0.005,BENIGN,0
1526,82,14990,182.8,9,9,18,0,73,28,0,0,2,10,9,1.0,0.0063,0.0097,BENIGN,0
1527,8,1198,149.75,1,1,2,0,7,2,0,0,2,2,1,1.0,0.0046,0.0066,BENIGN,0
1529,10,1902,190.2,1,1,2,0,9,4,0,0,2,2,1,1.0,0.0036,0.0036,BENIGN,0
1530,62,11236,181.23,7,7,14,0,55,20,0,0,2,8,7,1.0,0.0055,0.0068,BENIGN,0
1532,8,1039,129.88,1,1,2,0,7,2,0,0,2,2,1,1.0,0.0046,0.0066,BENIGN,0
1533,10,2914,291.4,1,1,2,0,9,4,0,0,2,2,1,1.0,0.0036,0.0036,BENIGN,0
1535,8,1186,148.25,1,1,2,0,7,2,0,0,2,2,1,1.0,0.0046,0.0066,BENIGN,0
1536,9,855,95.0,1,1,2,0,7,2,1,0,2,2,1,1.0,0.005,0.0063,BENIGN,0
1537,10,1241,124.1,1,1,2,0,9,4,0,0,2,2,1,1.0,0.0036,0.0036,BENIGN,0
1538,8,928,116.0,1,1,2,0,7,2,0,0,2,2,1,1.0,0.0046,0.0066,BENIGN,0
1539,53,9381,177.0,6,6,12,0,47,17,0,0,2,7,6,1.0,0.0053,0.0075,BENIGN,0
1540,45,8400,186.67,5,5,10,0,40,15,0,0,2,6,5,1.0,0.0053,0.0067,BENIGN,0
1541,9,2000,222.22,1,1,2,0,8,3,0,0,2,2,1,1.0,0.004,0.005,BENIGN,0
1542,9,927,103.0,1,1,2,0,7,2,1,0,2,2,1,1.0,0.005,0.0063,BENIGN,0
1544,9,1860,206.67,1,1,2,0,8,3,0,0,2,2,1,1.0,0.004,0.005,BENIGN,0
1545,11,1229,111.73,1,1,2,0,9,4,1,0,2,2,1,1.0,0.004,0.0037,BENIGN,0
1546,9,1206,134.0,1,1,2,0,8,3,0,0,2,2,1,1.0,0.004,0.005,BENIGN,0
1547,8,808,101.0,1,1,2,0,7,2,0,0,2,2,1,1.0,0.0046,0.0066,BENIGN,0
1548,10,2382,238.2,1,1,2,0,9,4,0,0,2,2,1,1.0,0.0036,0.0036,BENIGN,0
1550,8,1000,125.0,1,1,2,0,7,2,0,0,2,2,1,1.0,0.0046,0.0066,BENIGN,0
1552,10,2400,240.0,1,1,2,0,9,4,0,0,2,2,1,1.0,0.0036,0.0036,BENIGN,0
1553,9,1465,162.78,1,1,2,0,8,3,0,0,2,2,1,1.0,0.004,0.005,BENIGN,0
1554,8,861,107.62,1,1,2,0,7,2,0,0,2,2,1,1.0,0.0046,0.0066,BENIGN,0
1556,19,3095,162.89,2,2,4,0,17,7,0,0,2,3,2,1.0,0.0441,0.1665,BENIGN,0
1558,8,961,120.12,1,1,2,0,7,2,0,0,2,2,1,1.0,0.0046,0.0066,BENIGN,0
1559,9,1779,197.67,1,1,2,0,8,3,0,0,2,2,1,1.0,0.004,0.005,BENIGN,0
1561,10,1961,196.1,1,1,2,0,9,4,0,0,2,2,1,1.0,0.0036,0.0036,BENIGN,0
1562,10,1781,178.1,1,1,2,0,9,4,0,0,2,2,1,1.0,0.0036,0.0036,BENIGN,0
1563,17,2334,137.29,2,2,4,0,14,4,1,0,3,3,2,1.0,0.0519,0.1824,BENIGN,0
1565,10,2335,233.5,1,1,2,0,9,4,0,0,2,2,1,1.0,0.0036,0.0036,BENIGN,0
1566,10,1596,159.6,1,1,2,0,8,3,1,0,3,2,1,1.0,0.0044,0.0049,BENIGN,0
1567,8,698,87.25,1,1,2,0,7,2,0,0,2,2,1,1.0,0.0046,0.0066,BENIGN,0
1568,9,1645,182.78,1,1,2,0,8,3,0,0,2,2,1,1.0,0.004,0.005,BENIGN,0
1569,9,902,100.22,1,1,2,0,8,3,0,0,2,2,1,1.0,0.004,0.005,BENIGN,0
1570,8,898,112.25,1,1,2,0,7,2,0,0,2,2,1,1.0,0.0046,0.0066,BENIGN,0
1572,9,1889,209.89,1,1,2,0,8,3,0,0,2,2,1,1.0,0.004,0.005,BENIGN,0
1573,10,1872,187.2,1,1,2,0,9,4,0,0,2,2,1,1.0,0.0036,0.0036,BENIGN,0
1574,8,825,103.12,1,1,2,0,7,2,0,0,2,2,1,1.0,0.0046,0.0066,BENIGN,0
1576,9,1154,128.22,1,1,2,0,8,3,0,0,2,2,1,1.0,0.004,0.005,BENIGN,0
1577,8,1032,129.0,1,1,2,0,7,2,0,0,2,2,1,1.0,0.0046,0.0066,BENIGN,0
1578,9,1988,220.89,1,1,2,0,8,3,0,0,2,2,1,1.0,0.004,0.005,BENIGN,0
1579,9,894,99.33,1,1,2,0,7,2,1,0,2,2,1,1.0,0.005,0.0063,BENIGN,0
1580,9,1053,117.0,1,1,2,0,8,3,0,0,2,2,1,1.0,0.004,0.005,BENIGN,0
1581,5,503,100.6,1,1,0,0,4,2,0,0,2,2,1,1.0,0.0025,0.0026,BENIGN,0
1582,3,120,40.0,0,0,2,0,3,0,0,0,2,2,0,0.0,0.001,0.0,BENIGN,0
1583,9,954,106.0,1,1,2,0,8,3,0,0,2,2,1,1.0,0.004,0.005,BENIGN,0
1584,9,1373,152.56,1,1,2,0,8,3,0,0,2,2,1,1.0,0.004,0.005,BENIGN,0
1585,10,2766,276.6,1,1,2,0,9,4,0,0,2,2,1,1.0,0.0036,0.0036,BENIGN,0
1587,8,1054,131.75,1,1,2,0,7,2,0,0,2,2,1,1.0,0.0046,0.0066,BENIGN,0
1588,20,4715,235.75,2,2,4,0,18,8,0,0,2,3,2,1.0,0.0391,0.1508,BENIGN,0
1590,10,1584,158.4,1,1,2,0,9,4,0,0,2,2,1,1.0,0.0036,0.0036,BENIGN,0
1591,9,1415,157.22,1,1,2,0,8,3,0,0,2,2,1,1.0,0.004,0.005,BENIGN,0
1592,7,783,111.86,1,1,2,0,6,2,0,0,2,2,1,1.0,0.0052,0.007,BENIGN,0
1593,11,2823,256.64,1,1,2,0,10,4,0,0,3,2,1,1.0,0.0988,0.2858,BENIGN,0
1594,8,904,113.0,1,1,2,0,7,2,0,0,2,2,1,1.0,0.0046,0.0066,BENIGN,0
1596,9,923,102.56,1,1,2,0,7,2,1,0,3,2,1,1.0,0.005,0.0063,BENIGN,0
1597,14,3056,218.29,2,2,2,0,12,5,0,0,3,3,2,1.0,0.0606,0.2,BENIGN,0
1598,5,1128,225.6,0,0,2,0,5,2,0,0,2,2,0,0.0,0.0055,0.0062,BENIGN,0
1599,9,1518,168.67,1,1,2,0,8,3,0,0,2,2,1,1.0,0.004,0.005,BENIGN,0
1600,8,986,123.25,1,1,2,0,7,2,0,0,2,2,1,1.0,0.0046,0.0066,BENIGN,0
1602,35,4981,142.31,5,4,8,0,30,10,0,0,3,5,5,1.25,0.0262,0.1129,BENIGN,0
1603,81,14882,183.73,8,9,18,0,72,27,1,0,3,10,8,0.889,0.0107,0.0513,BENIGN,0
1604,157,11051,70.39,20,20,38,0,137,40,0,0,3,21,20,1.0,0.0046,0.006,CONN_FLOOD,1
1605,200,12500,62.5,25,25,50,0,175,50,0,0,2,27,25,1.0,0.005,0.0063,CONN_FLOOD,1
1606,210,14609,69.57,26,26,52,0,184,54,0,0,3,28,26,1.0,0.0048,0.0061,CONN_FLOOD,1
1607,70,5389,76.99,8,8,18,0,62,19,0,0,3,10,8,1.0,0.0072,0.0198,CONN_FLOOD,1
1608,9,1854,206.0,1,1,2,0,8,3,0,0,2,2,1,1.0,0.004,0.005,BENIGN,0
1610,10,1716,171.6,1,1,2,0,9,4,0,0,2,2,1,1.0,0.0036,0.0036,BENIGN,0
1611,8,704,88.0,1,1,2,0,7,2,0,0,2,2,1,1.0,0.0046,0.0066,BENIGN,0
1613,8,969,121.12,1,1,2,0,7,2,0,0,2,2,1,1.0,0.0046,0.0066,BENIGN,0
1614,9,1182,131.33,1,1,2,0,8,3,0,0,2,2,1,1.0,0.004,0.005,BENIGN,0
1615,8,871,108.88,1,1,2,0,7,2,0,0,2,2,1,1.0,0.0046,0.0066,BENIGN,0
1616,10,2853,285.3,1,1,2,0,9,4,0,0,2,2,1,1.0,0.0036,0.0036,BENIGN,0
1617,9,1857,206.33,1,1,2,0,8,3,0,0,2,2,1,1.0,0.004,0.005,BENIGN,0
1618,37,6780,183.24,4,4,8,0,32,12,1,0,2,5,4,1.0,0.0045,0.0049,BENIGN,0
1619,63,11832,187.81,7,7,14,0,56,21,0,0,3,8,7,1.0,0.0131,0.0664,BENIGN,0
1621,9,2065,229.44,1,1,2,0,8,3,0,0,2,2,1,1.0,0.004,0.005,BENIGN,0
1622,8,730,91.25,1,1,2,0,7,2,0,0,2,2,1,1.0,0.0046,0.0066,BENIGN,0
1624,10,1817,181.7,1,1,2,0,8,3,1,0,2,2,1,1.0,0.0044,0.0049,BENIGN,0
1625,9,1339,148.78,1,1,2,0,8,3,0,0,2,2,1,1.0,0.004,0.005,BENIGN,0
1627,71,12737,179.39,8,8,16,0,63,23,0,0,2,9,8,1.0,0.005,0.0064,BENIGN,0
1628,8,632,79.0,1,1,2,0,7,2,0,0,2,2,1,1.0,0.0046,0.0066,BENIGN,0
1629,9,1517,168.56,1,1,2,0,8,3,0,0,2,2,1,1.0,0.004,0.005,BENIGN,0
1631,9,1747,194.11,1,1,2,0,8,3,0,0,2,2,1,1.0,0.004,0.005,BENIGN,0
1632,9,2095,232.78,1,1,2,0,8,3,0,0,2,2,1,1.0,0.004,0.005,BENIGN,0
1633,10,2661,266.1,1,1,2,0,9,4,0,0,2,2,1,1.0,0.0036,0.0036,BENIGN,0
1634,8,1076,134.5,1,1,2,0,7,2,0,0,2,2,1,1.0,0.0046,0.0066,BENIGN,0
1636,9,1542,171.33,1,1,2,0,8,3,0,0,2,2,1,1.0,0.004,0.005,BENIGN,0
1637,10,1309,130.9,1,1,2,0,9,4,0,0,2,2,1,1.0,0.0036,0.0036,BENIGN,0
1639,10,2169,216.9,1,1,2,0,9,4,0,0,2,2,1,1.0,0.0036,0.0036,BENIGN,0
1640,10,1882,188.2,1,1,2,0,9,4,0,0,2,2,1,1.0,0.0036,0.0036,BENIGN,0
1641,10,2880,288.0,1,1,2,0,9,4,0,0,2,2,1,1.0,0.0036,0.0036,BENIGN,0
1642,8,1267,158.38,1,1,2,0,7,2,0,0,2,2,1,1.0,0.0046,0.0066,BENIGN,0
1643,8,772,96.5,1,1,2,0,7,2,0,0,2,2,1,1.0,0.0046,0.0066,BENIGN,0
1644,10,2542,254.2,1,1,2,0,9,4,0,0,2,2,1,1.0,0.0036,0.0036,BENIGN,0
1645,63,10968,174.1,7,7,14,0,55,20,1,0,2,8,7,1.0,0.0055,0.0082,BENIGN,0
1646,8,1132,141.5,1,1,2,0,7,2,0,0,2,2,1,1.0,0.0046,0.0066,BENIGN,0
1647,9,1912,212.44,1,1,2,0,8,3,0,0,2,2,1,1.0,0.004,0.005,BENIGN,0
1648,8,663,82.88,1,1,2,0,7,2,0,0,2,2,1,1.0,0.0046,0.0066,BENIGN,0
1649,8,842,105.25,1,1,2,0,7,2,0,0,2,2,1,1.0,0.0046,0.0066,BENIGN,0
1650,10,1851,185.1,1,1,2,0,8,3,1,0,2,2,1,1.0,0.0044,0.0049,BENIGN,0
1652,34,5486,161.35,5,5,6,0,29,12,0,0,3,6,5,1.0,0.0263,0.0723,HTTP_ATTACK,1
1653,23,2507,109.0,4,4,3,0,19,8,0,0,2,5,4,1.0,0.0372,0.0846,HTTP_ATTACK,1
1654,28,3980,142.14,4,4,6,0,24,9,0,0,3,5,4,1.0,0.0322,0.0734,HTTP_ATTACK,1
1655,27,3538,131.04,4,4,5,0,23,9,0,0,3,5,4,1.0,0.024,0.0698,HTTP_ATTACK,1
1656,6,628,104.67,1,1,1,0,5,2,0,0,2,2,1,1.0,0.004,0.0038,HTTP_ATTACK,1
1657,8,897,112.12,1,1,2,0,7,2,0,0,2,2,1,1.0,0.0046,0.0066,BENIGN,0
1658,10,2227,222.7,1,1,2,0,9,4,0,0,2,2,1,1.0,0.0036,0.0036,BENIGN,0
1659,10,2594,259.4,1,1,2,0,9,4,0,0,2,2,1,1.0,0.0036,0.0036,BENIGN,0
1660,10,2294,229.4,1,1,2,0,9,4,0,0,2,2,1,1.0,0.0036,0.0036,BENIGN,0
1661,11,2254,204.91,1,1,2,0,9,4,1,0,2,2,1,1.0,0.004,0.0037,BENIGN,0
1662,10,2099,209.9,1,1,2,0,8,3,1,0,2,2,1,1.0,0.0044,0.0049,BENIGN,0
1664,34,6410,188.53,4,4,6,0,30,13,0,0,2,5,4,1.0,0.0259,0.124,BENIGN,0
1665,85,15190,178.71,9,9,20,0,76,28,0,0,2,11,9,1.0,0.01,0.045,BENIGN,0
1667,8,713,89.12,1,1,2,0,7,2,0,0,2,2,1,1.0,0.0046,0.0066,BENIGN,0
1668,11,2646,240.55,1,1,2,0,9,4,1,0,3,2,1,1.0,0.004,0.0037,BENIGN,0
1670,9,1425,158.33,1,1,2,0,8,3,0,0,2,2,1,1.0,0.004,0.005,BENIGN,0
1672,62,10970,176.94,7,7,14,0,55,20,0,0,2,8,7,1.0,0.0053,0.0074,BENIGN,0
1673,10,1258,125.8,1,1,2,0,9,4,0,0,2,2,1,1.0,0.0036,0.0036,BENIGN,0
1674,8,626,78.25,1,1,2,0,7,2,0,0,2,2,1,1.0,0.0046,0.0066,BENIGN,0
1676,8,1198,149.75,1,1,2,0,7,2,0,0,2,2,1,1.0,0.0046,0.0066,BENIGN,0
1678,10,2339,233.9,1,1,2,0,9,4,0,0,2,2,1,1.0,0.0036,0.0036,BENIGN,0
1679,8,1172,146.5,1,1,2,0,7,2,0,0,2,2,1,1.0,0.0046,0.0066,BENIGN,0
1680,10,2846,284.6,1,1,2,0,9,4,0,0,2,2,1,1.0,0.0036,0.0036,BENIGN,0
1681,10,2847,284.7,1,1,2,0,9,4,0,0,2,2,1,1.0,0.0036,0.0036,BENIGN,0
1682,9,1588,176.44,1,1,2,0,8,3,0,0,2,2,1,1.0,0.004,0.005,BENIGN,0
1684,9,916,101.78,1,1,2,0,7,2,1,0,3,2,1,1.0,0.005,0.0063,BENIGN,0
1685,8,631,78.88,1,1,2,0,7,2,0,0,2,2,1,1.0,0.0046,0.0066,BENIGN,0
1687,16,2195,137.19,2,2,4,0,14,4,0,0,2,3,2,1.0,0.0552,0.1896,BENIGN,0
1689,8,1054,131.75,1,1,2,0,7,2,0,0,2,2,1,1.0,0.0046,0.0066,BENIGN,0
1690,16,2413,150.81,2,2,4,0,14,4,0,0,2,3,2,1.0,0.0531,0.1816,BENIGN,0
1691,26,4466,171.77,3,3,6,0,23,8,0,0,2,4,3,1.0,0.005,0.0061,BENIGN,0
1692,72,13614,189.08,8,8,16,0,64,24,0,0,3,9,8,1.0,0.0068,0.0122,BENIGN,0
1693,9,1927,214.11,1,1,2,0,8,3,0,0,2,2,1,1.0,0.004,0.005,BENIGN,0
1695,8,758,94.75,1,1,2,0,7,2,0,0,2,2,1,1.0,0.0046,0.0066,BENIGN,0
1696,10,1851,185.1,1,1,2,0,8,3,1,0,2,2,1,1.0,0.0044,0.0049,BENIGN,0
1697,10,1595,159.5,1,1,2,0,9,4,0,0,2,2,1,1.0,0.0036,0.0036,BENIGN,0
1698,9,1836,204.0,1,1,2,0,8,3,0,0,2,2,1,1.0,0.004,0.005,BENIGN,0
1699,10,1689,168.9,1,1,2,0,8,3,1,0,2,2,1,1.0,0.0044,0.0049,BENIGN,0
1700,8,768,96.0,1,1,2,0,7,2,0,0,2,2,1,1.0,0.0046,0.0066,BENIGN,0
1701,10,1737,173.7,1,1,2,0,9,4,0,0,2,2,1,1.0,0.0036,0.0036,BENIGN,0
1702,9,1772,196.89,1,1,2,0,8,3,0,0,2,2,1,1.0,0.004,0.005,BENIGN,0
1703,9,1707,189.67,1,1,2,0,8,3,0,0,2,2,1,1.0,0.004,0.005,BENIGN,0
1704,9,1278,142.0,1,1,2,0,8,3,0,0,2,2,1,1.0,0.004,0.005,BENIGN,0
1706,8,672,84.0,1,1,2,0,7,2,0,0,2,2,1,1.0,0.0046,0.0066,BENIGN,0
1707,8,1118,139.75,1,1,2,0,7,2,0,0,2,2,1,1.0,0.0046,0.0066,BENIGN,0
1709,9,1108,123.11,1,1,2,0,8,3,0,0,2,2,1,1.0,0.004,0.005,BENIGN,0
1710,8,635,79.38,1,1,2,0,7,2,0,0,2,2,1,1.0,0.0046,0.0066,BENIGN,0
1712,9,1241,137.89,1,1,2,0,7,2,1,0,3,2,1,1.0,0.005,0.0063,BENIGN,0
1713,9,2083,231.44,1,1,2,0,8,3,0,0,2,2,1,1.0,0.004,0.005,BENIGN,0
1715,10,2609,260.9,1,1,2,0,9,4,0,0,2,2,1,1.0,0.0036,0.0036,BENIGN,0
1716,10,2832,283.2,1,1,2,0,9,4,0,0,2,2,1,1.0,0.0036,0.0036,BENIGN,0
1717,10,1690,169.0,1,1,2,0,9,4,0,0,2,2,1,1.0,0.0036,0.0036,BENIGN,0
1718,8,1025,128.12,1,1,2,0,7,2,0,0,2,2,1,1.0,0.0046,0.0066,BENIGN,0
1719,9,1368,152.0,1,1,2,0,8,3,0,0,2,2,1,1.0,0.004,0.005,BENIGN,0
1720,10,2528,252.8,1,1,2,0,9,4,0,0,2,2,1,1.0,0.0036,0.0036,BENIGN,0
1721,10,2668,266.8,1,1,2,0,9,4,0,0,2,2,1,1.0,0.0036,0.0036,BENIGN,0
1723,10,1423,142.3,1,1,2,0,9,4,0,0,2,2,1,1.0,0.0036,0.0036,BENIGN,0
1724,9,1842,204.67,1,1,2,0,8,3,0,0,2,2,1,1.0,0.004,0.005,BENIGN,0
1725,8,1170,146.25,1,1,2,0,7,2,0,0,2,2,1,1.0,0.0046,0.0066,BENIGN,0
1726,10,1137,113.7,1,1,2,0,8,3,1,0,3,2,1,1.0,0.0044,0.0049,BENIGN,0
1727,10,2223,222.3,1,1,2,0,9,4,0,0,2,2,1,1.0,0.0036,0.0036,BENIGN,0
1728,8,844,105.5,1,1,2,0,7,2,0,0,2,2,1,1.0,0.0046,0.0066,BENIGN,0
1729,82,15759,192.18,9,9,18,0,73,28,0,0,2,10,9,1.0,0.0063,0.0092,BENIGN,0
1730,10,1731,173.1,1,1,2,0,9,4,0,0,2,2,1,1.0,0.0036,0.0036,BENIGN,0
1731,9,1470,163.33,1,1,2,0,8,3,0,0,2,2,1,1.0,0.004,0.005,BENIGN,0
1732,7,1081,154.43,1,1,2,0,6,2,0,0,2,2,1,1.0,0.0052,0.007,BENIGN,0
1733,11,1714,155.82,1,1,2,0,10,4,0,0,2,2,1,1.0,0.0757,0.2166,BENIGN,0
1734,10,1785,178.5,1,1,2,0,9,4,0,0,2,2,1,1.0,0.0036,0.0036,BENIGN,0
1736,9,1397,155.22,1,1,2,0,8,3,0,0,2,2,1,1.0,0.004,0.005,BENIGN,0
1737,8,729,91.12,1,1,2,0,7,2,0,0,2,2,1,1.0,0.0046,0.0066,BENIGN,0
1739,9,1721,191.22,1,1,2,0,8,3,0,0,2,2,1,1.0,0.004,0.005,BENIGN,0
1740,8,836,104.5,1,1,2,0,7,2,0,0,2,2,1,1.0,0.0046,0.0066,BENIGN,0
1741,9,1662,184.67,1,1,2,0,8,3,0,0,2,2,1,1.0,0.004,0.005,BENIGN,0
1743,8,1162,145.25,1,1,2,0,7,2,0,0,2,2,1,1.0,0.0046,0.0066,BENIGN,0
1744,8,1166,145.75,1,1,2,0,7,2,0,0,2,2,1,1.0,0.0046,0.0066,BENIGN,0
1746,10,2004,200.4,1,1,2,0,9,4,0,0,2,2,1,1.0,0.0036,0.0036,BENIGN,0
1747,10,1733,173.3,1,1,2,0,9,4,0,0,2,2,1,1.0,0.0036,0.0036,BENIGN,0
1748,9,1221,135.67,1,1,2,0,8,3,0,0,2,2,1,1.0,0.004,0.005,BENIGN,0
1749,10,2224,222.4,1,1,2,0,9,4,0,0,2,2,1,1.0,0.0036,0.0036,BENIGN,0
1750,9,2007,223.0,1,1,2,0,8,3,0,0,2,2,1,1.0,0.004,0.005,BENIGN,0
1751,8,1215,151.88,1,1,2,0,7,2,0,0,2,2,1,1.0,0.0046,0.0066,BENIGN,0
1752,10,2022,202.2,1,1,2,0,9,4,0,0,2,2,1,1.0,0.0036,0.0036,BENIGN,0
1753,9,1307,145.22,1,1,2,0,8,3,0,0,2,2,1,1.0,0.004,0.005,BENIGN,0
1754,20,4021,201.05,2,2,4,0,17,7,1,0,3,3,2,1.0,0.0467,0.1812,BENIGN,0
1756,10,1173,117.3,1,1,2,0,8,3,1,0,2,2,1,1.0,0.0044,0.0049,BENIGN,0
1757,9,1017,113.0,1,1,2,0,8,3,0,0,2,2,1,1.0,0.004,0.005,BENIGN,0
1758,9,1420,157.78,1,1,2,0,8,3,0,0,2,2,1,1.0,0.004,0.005,BENIGN,0
1760,9,1481,164.56,1,1,2,0,8,3,0,0,2,2,1,1.0,0.004,0.005,BENIGN,0
1761,13,1394,107.23,2,2,2,0,11,4,0,0,3,3,2,1.0,0.0717,0.2274,BENIGN,0
1762,4,790,197.5,0,0,2,0,4,1,0,0,2,2,0,0.0,0.0073,0.009,BENIGN,0
1763,9,1763,195.89,1,1,2,0,8,3,0,0,2,2,1,1.0,0.004,0.005,BENIGN,0
1765,10,1173,117.3,1,1,2,0,9,4,0,0,2,2,1,1.0,0.0036,0.0036,BENIGN,0
1766,8,1126,140.75,1,1,2,0,7,2,0,0,2,2,1,1.0,0.0046,0.0066,BENIGN,0
1767,9,1170,130.0,1,1,2,0,8,3,0,0,2,2,1,1.0,0.004,0.005,BENIGN,0
1768,8,993,124.12,1,1,2,0,7,2,0,0,2,2,1,1.0,0.0046,0.0066,BENIGN,0
1769,8,661,82.62,1,1,2,0,7,2,0,0,2,2,1,1.0,0.0046,0.0066,BENIGN,0
1771,10,2477,247.7,1,1,2,0,9,4,0,0,2,2,1,1.0,0.0036,0.0036,BENIGN,0
1772,8,997,124.62,1,1,2,0,7,2,0,0,2,2,1,1.0,0.0046,0.0066,BENIGN,0
1773,9,1937,215.22,1,1,2,0,8,3,0,0,2,2,1,1.0,0.004,0.005,BENIGN,0
1774,10,1302,130.2,1,1,2,0,9,4,0,0,2,2,1,1.0,0.0036,0.0036,BENIGN,0
1775,9,1748,194.22,1,1,2,0,8,3,0,0,2,2,1,1.0,0.004,0.005,BENIGN,0
1776,9,1826,202.89,1,1,2,0,8,3,0,0,2,2,1,1.0,0.004,0.005,BENIGN,0
1777,8,748,93.5,1,1,2,0,7,2,0,0,2,2,1,1.0,0.0046,0.0066,BENIGN,0
1778,9,1752,194.67,1,1,2,0,8,3,0,0,2,2,1,1.0,0.004,0.005,BENIGN,0
1779,9,2021,224.56,1,1,2,0,8,3,0,0,2,2,1,1.0,0.004,0.005,BENIGN,0
1780,8,996,124.5,1,1,2,0,7,2,0,0,2,2,1,1.0,0.0046,0.0066,BENIGN,0
1781,17,1815,106.76,2,2,4,0,14,4,1,0,2,3,2,1.0,0.0541,0.191,BENIGN,0
1783,9,1751,194.56,1,1,2,0,8,3,0,0,2,2,1,1.0,0.004,0.005,BENIGN,0
1785,9,1657,184.11,1,1,2,0,8,3,0,0,2,2,1,1.0,0.004,0.005,BENIGN,0
1786,11,2745,249.55,1,1,2,0,9,4,1,0,2,2,1,1.0,0.004,0.0037,BENIGN,0
1788,10,2768,276.8,1,1,2,0,9,4,0,0,2,2,1,1.0,0.0036,0.0036,BENIGN,0
1789,19,2914,153.37,2,2,4,0,17,7,0,0,3,3,2,1.0,0.0533,0.2042,BENIGN,0
1791,18,3365,186.94,2,2,4,0,16,6,0,0,3,3,2,1.0,0.0481,0.1763,BENIGN,0
1793,8,1183,147.88,1,1,2,0,7,2,0,0,2,2,1,1.0,0.0046,0.0066,BENIGN,0
1795,9,1298,144.22,1,1,2,0,8,3,0,0,2,2,1,1.0,0.004,0.005,BENIGN,0
1796,9,1639,182.11,1,1,2,0,8,3,0,0,2,2,1,1.0,0.004,0.005,BENIGN,0
1798,8,1142,142.75,1,1,2,0,7,2,0,0,2,2,1,1.0,0.0046,0.0066,BENIGN,0
1799,8,751,93.88,1,1,2,0,7,2,0,0,2,2,1,1.0,0.0046,0.0066,BENIGN,0
