window_id,attack_type,is_attack,packet_count,byte_count,mean_pkt_size,syn_count,synack_count,fin_count,rst_count,ack_count,psh_count,icmp_count,udp_count,unique_src,unique_dst_ports,new_connections,syn_to_synack_ratio,iat_mean,iat_std,rf_pred,rf_score,lr_pred,if_pred,if_score,in_test
0,BENIGN,0,10,2950,295.0,1,1,2,0,9,4,0,0,2,2,1,1.0,0.0036,0.0036,0,0.00558268451407113,0,0,0.13802027434798783,0
1,BENIGN,0,9,1587,176.33,1,1,2,0,8,3,0,0,2,2,1,1.0,0.004,0.005,0,0.0,0,0,0.0066027877797628755,0
3,BENIGN,0,8,1062,132.75,1,1,2,0,7,2,0,0,2,2,1,1.0,0.0046,0.0066,0,0.0,0,0,0.01528987831594742,0
4,BENIGN,0,19,3530,185.79,2,2,4,0,17,7,0,0,2,3,2,1.0,0.0465,0.1764,0,0.0004495484884177462,0,0,0.469823558518179,0
6,BENIGN,0,10,2340,234.0,1,1,2,0,9,4,0,0,2,2,1,1.0,0.0036,0.0036,0,0.0011703531075200708,0,0,0.05699870528525985,1
7,BENIGN,0,8,904,113.0,1,1,2,0,7,2,0,0,2,2,1,1.0,0.0046,0.0066,0,0.0,0,0,0.017804452756845442,1
8,BENIGN,0,9,1623,180.33,1,1,2,0,8,3,0,0,2,2,1,1.0,0.004,0.005,0,0.0,0,0,0.008517834355855455,0
10,BENIGN,0,10,1842,184.2,1,1,2,0,9,4,0,0,2,2,1,1.0,0.0036,0.0036,0,0.0011703531075200708,0,0,0.033756555323003756,1
11,BENIGN,0,20,4925,246.25,2,2,4,0,18,8,0,0,3,3,2,1.0,0.0348,0.1327,0,0.11752479602725513,0,1,0.6051562885088881,0
12,BENIGN,0,9,1195,132.78,1,1,2,0,8,3,0,0,2,2,1,1.0,0.004,0.005,0,0.0,0,0,0.006727370257304888,0
14,BENIGN,0,10,1354,135.4,1,1,2,0,9,4,0,0,2,2,1,1.0,0.0036,0.0036,0,0.0011703531075200708,0,0,0.05207882816427868,1
15,BENIGN,0,10,2017,201.7,1,1,2,0,9,4,0,0,2,2,1,1.0,0.0036,0.0036,0,0.0011703531075200708,0,0,0.03822661793283419,0
16,BENIGN,0,10,2186,218.6,1,1,2,0,9,4,0,0,2,2,1,1.0,0.0036,0.0036,0,0.0011703531075200708,0,0,0.04708593730408867,0
17,BENIGN,0,10,2344,234.4,1,1,2,0,9,4,0,0,2,2,1,1.0,0.0036,0.0036,0,0.0011703531075200708,0,0,0.05699870528525985,0
19,BENIGN,0,10,1727,172.7,1,1,2,0,9,4,0,0,2,2,1,1.0,0.0036,0.0036,0,0.0011703531075200708,0,0,0.032699110238374116,0
20,BENIGN,0,10,1175,117.5,1,1,2,0,9,4,0,0,2,2,1,1.0,0.0036,0.0036,0,0.0010008741258741266,0,0,0.07130294429445613,0
21,BENIGN,0,9,1763,195.89,1,1,2,0,8,3,0,0,2,2,1,1.0,0.004,0.005,0,0.0,0,0,0.016506764764169343,0
23,BENIGN,0,10,1944,194.4,1,1,2,0,9,4,0,0,2,2,1,1.0,0.0036,0.0036,0,0.0011703531075200708,0,0,0.03625210681622029,0
24,BENIGN,0,9,1057,117.44,1,1,2,0,8,3,0,0,2,2,1,1.0,0.004,0.005,0,0.0,0,0,0.016365499488962848,0
25,BENIGN,0,10,2632,263.2,1,1,2,0,9,4,0,0,2,2,1,1.0,0.0036,0.0036,0,0.0011703531075200708,0,0,0.07991690209358368,0
26,BENIGN,0,10,2595,259.5,1,1,2,0,9,4,0,0,2,2,1,1.0,0.0036,0.0036,0,0.0011703531075200708,0,0,0.07162365516791795,0
27,BENIGN,0,10,1635,163.5,1,1,2,0,9,4,0,0,2,2,1,1.0,0.0036,0.0036,0,0.0011703531075200708,0,0,0.03066148575215417,0
28,BENIGN,0,5,533,106.6,1,1,0,0,4,2,0,0,2,2,1,1.0,0.0025,0.0026,0,0.10263758983080892,0,0,0.4313065855330485,0
29,BENIGN,0,4,204,51.0,0,0,2,0,3,0,1,0,3,2,0,0.0,0.0033,0.0033,0,0.09288134582210708,1,1,0.8061829830185359,1
30,BENIGN,0,69,13603,197.14,8,8,14,0,61,24,0,0,2,9,8,1.0,0.0054,0.0071,0,0.03875454015444782,0,1,0.7862979552856808,0
31,BENIGN,0,9,1265,140.56,1,1,2,0,8,3,0,0,3,3,1,1.0,0.1243,0.3182,0,0.45231245293309125,1,1,0.697419574075266,0
32,BENIGN,0,4,375,93.75,0,0,2,0,4,1,0,0,2,2,0,0.0,0.006,0.0071,0,0.3441552019498997,0,1,0.6582600859654637,1
33,BENIGN,0,10,1579,157.9,1,1,2,0,9,4,0,0,2,2,1,1.0,0.0036,0.0036,0,0.0011703531075200708,0,0,0.03607462492273,0
34,BENIGN,0,10,1831,183.1,1,1,2,0,9,4,0,0,2,2,1,1.0,0.0036,0.0036,0,0.0011703531075200708,0,0,0.03414421412376484,0
35,BENIGN,0,8,684,85.5,1,1,2,0,7,2,0,0,2,2,1,1.0,0.0046,0.0066,0,0.0,0,0,0.04728373858410392,0
36,BENIGN,0,11,1167,106.09,1,1,2,0,9,4,1,0,3,2,1,1.0,0.004,0.0037,0,0.11964338686907984,1,0,0.4536857010505108,0
37,BENIGN,0,9,1762,195.78,1,1,2,0,8,3,0,0,2,2,1,1.0,0.004,0.005,0,0.0,0,0,0.016506764764169343,1
39,BENIGN,0,9,1796,199.56,1,1,2,0,8,3,0,0,2,2,1,1.0,0.004,0.005,0,0.0,0,0,0.01744741529915662,0
40,BENIGN,0,9,959,106.56,1,1,2,0,8,3,0,0,2,2,1,1.0,0.004,0.005,0,0.0,0,0,0.02295632766564759,0
41,BENIGN,0,9,935,103.89,1,1,2,0,7,2,1,0,2,2,1,1.0,0.005,0.0063,0,0.0,0,0,0.21513717471030117,0
42,BENIGN,0,10,1814,181.4,1,1,2,0,9,4,0,0,2,2,1,1.0,0.0036,0.0036,0,0.0011703531075200708,0,0,0.03446009785774184,0
43,BENIGN,0,10,2739,273.9,1,1,2,0,9,4,0,0,2,2,1,1.0,0.0036,0.0036,0,0.0011703531075200708,0,0,0.1003628812695531,1
44,BENIGN,0,10,1934,193.4,1,1,2,0,8,3,1,0,2,2,1,1.0,0.0044,0.0049,0,0.00504426526675463,0,0,0.22177779258594402,0
45,BENIGN,0,8,937,117.12,1,1,2,0,7,2,0,0,2,2,1,1.0,0.0046,0.0066,0,0.0,0,0,0.01411742881073348,0
46,BENIGN,0,8,1012,126.5,1,1,2,0,7,2,0,0,2,2,1,1.0,0.0046,0.0066,0,0.0,0,0,0.014972302416827581,0
48,BENIGN,0,10,2077,207.7,1,1,2,0,9,4,0,0,2,2,1,1.0,0.0036,0.0036,0,0.0011703531075200708,0,0,0.04463462831834699,0
49,BENIGN,0,10,2935,293.5,1,1,2,0,9,4,0,0,2,2,1,1.0,0.0036,0.0036,0,0.0011703531075200708,0,0,0.13576852819991503,0
50,BENIGN,0,10,1792,179.2,1,1,2,0,9,4,0,0,2,2,1,1.0,0.0036,0.0036,0,0.0011703531075200708,0,0,0.03409672590137025,1
52,BENIGN,0,8,1007,125.88,1,1,2,0,7,2,0,0,2,2,1,1.0,0.0046,0.0066,0,0.0,0,0,0.015057988905111246,1
53,BENIGN,0,8,1187,148.38,1,1,2,0,7,2,0,0,2,2,1,1.0,0.0046,0.0066,0,0.0,0,0,0.02475436563648315,0
54,BENIGN,0,8,906,113.25,1,1,2,0,7,2,0,0,2,2,1,1.0,0.0046,0.0066,0,0.0,0,0,0.0159755390315393,0
55,BENIGN,0,9,1074,119.33,1,1,2,0,7,2,1,0,2,2,1,1.0,0.005,0.0063,0,0.0,0,0,0.22085450023133246,0
56,BENIGN,0,8,1106,138.25,1,1,2,0,7,2,0,0,2,2,1,1.0,0.0046,0.0066,0,0.0,0,0,0.019613202439164812,0
57,BENIGN,0,10,2829,282.9,1,1,2,0,9,4,0,0,2,2,1,1.0,0.0036,0.0036,0,0.0011703531075200708,0,0,0.11849912054029503,1
58,BENIGN,0,9,1538,170.89,1,1,2,0,8,3,0,0,2,2,1,1.0,0.004,0.005,0,0.0,0,0,0.005917392778648808,1
59,BENIGN,0,11,2908,264.36,1,1,2,0,9,4,1,0,2,2,1,1.0,0.004,0.0037,0,0.0,0,0,0.3488916891872011,0
60,BENIGN,0,9,1245,138.33,1,1,2,0,8,3,0,0,2,2,1,1.0,0.004,0.005,0,0.0,0,0,0.004757467095227901,0
61,BENIGN,0,32,5948,185.88,4,4,6,0,28,11,0,0,2,5,4,1.0,0.0044,0.0057,0,0.1145210131503414,0,1,0.7692380873956117,1
62,BENIGN,0,32,6440,201.25,3,3,8,0,29,11,0,0,2,5,3,1.0,0.0054,0.0066,0,0.03410622958941157,0,1,0.7439062609676098,0
63,BENIGN,0,8,1045,130.62,1,1,2,0,7,2,0,0,2,2,1,1.0,0.0046,0.0066,0,0.0,0,0,0.014104814761437474,0
64,BENIGN,0,9,2003,222.56,1,1,2,0,8,3,0,0,2,2,1,1.0,0.004,0.005,0,0.0,0,0,0.03557992622711998,1
65,BENIGN,0,8,1139,142.38,1,1,2,0,7,2,0,0,2,2,1,1.0,0.0046,0.0066,0,0.0,0,0,0.020271261743876973,0
67,BENIGN,0,10,2497,249.7,1,1,2,0,9,4,0,0,2,2,1,1.0,0.0036,0.0036,0,0.0011703531075200708,0,0,0.06024182430746301,0
68,BENIGN,0,64,12133,189.58,7,7,14,0,56,21,1,0,3,8,7,1.0,0.0053,0.0083,0,0.40640240355572277,1,1,0.9006040482864175,1
70,BENIGN,0,8,998,124.75,1,1,2,0,7,2,0,0,2,2,1,1.0,0.0046,0.0066,0,0.0,0,0,0.015057988905111246,0
71,BENIGN,0,9,1662,184.67,1,1,2,0,8,3,0,0,2,2,1,1.0,0.004,0.005,0,0.0,0,0,0.011561415334132807,1
72,BENIGN,0,10,2719,271.9,1,1,2,0,9,4,0,0,2,2,1,1.0,0.0036,0.0036,0,0.0011703531075200708,0,0,0.09575900918414874,1
73,BENIGN,0,10,2480,248.0,1,1,2,0,9,4,0,0,2,2,1,1.0,0.0036,0.0036,0,0.0011703531075200708,0,0,0.06024182430746301,0
74,BENIGN,0,10,1654,165.4,1,1,2,0,8,3,1,0,3,2,1,1.0,0.0044,0.0049,0,0.01877475605295248,1,0,0.40743197459238256,0
76,BENIGN,0,10,1220,122.0,1,1,2,0,9,4,0,0,2,2,1,1.0,0.0036,0.0036,0,0.0010008741258741266,0,0,0.06471147918133201,1
77,BENIGN,0,8,619,77.38,1,1,2,0,7,2,0,0,2,2,1,1.0,0.0046,0.0066,0,0.007623182343235666,0,0,0.0683012526792135,0
78,BENIGN,0,10,2702,270.2,1,1,2,0,9,4,0,0,2,2,1,1.0,0.0036,0.0036,0,0.0011703531075200708,0,0,0.08711922604056108,1
79,BENIGN,0,10,2854,285.4,1,1,2,0,9,4,0,0,2,2,1,1.0,0.0036,0.0036,0,0.0011703531075200708,0,0,0.11427944333295965,0
81,BENIGN,0,8,1236,154.5,1,1,2,0,7,2,0,0,2,2,1,1.0,0.0046,0.0066,0,0.0,0,0,0.037125941883671895,1
82,BENIGN,0,10,2639,263.9,1,1,2,0,9,4,0,0,2,2,1,1.0,0.0036,0.0036,0,0.0011703531075200708,0,0,0.0802684877273577,0
83,BENIGN,0,8,687,85.88,1,1,2,0,7,2,0,0,2,2,1,1.0,0.0046,0.0066,0,0.0,0,0,0.046843351095634596,0
84,BENIGN,0,8,1187,148.38,1,1,2,0,7,2,0,0,2,2,1,1.0,0.0046,0.0066,0,0.0,0,0,0.02475436563648315,0
85,BENIGN,0,8,1047,130.88,1,1,2,0,7,2,0,0,2,2,1,1.0,0.0046,0.0066,0,0.0,0,0,0.014819089834247314,1
87,BENIGN,0,8,862,107.75,1,1,2,0,7,2,0,0,2,2,1,1.0,0.0046,0.0066,0,0.0,0,0,0.02221533076371314,0
88,BENIGN,0,16,1463,91.44,2,2,4,0,14,4,0,0,3,3,2,1.0,0.043,0.144,0,0.49735614063660444,1,1,0.6142712993980478,1
89,BENIGN,0,9,2008,223.11,1,1,2,0,8,3,0,0,2,2,1,1.0,0.004,0.005,0,0.0,0,0,0.03525532190196967,0
90,BENIGN,0,8,948,118.5,1,1,2,0,7,2,0,0,2,2,1,1.0,0.0046,0.0066,0,0.0,0,0,0.014751382202039347,0
92,BENIGN,0,8,977,122.12,1,1,2,0,7,2,0,0,2,2,1,1.0,0.0046,0.0066,0,0.0,0,0,0.015814955298264398,0
94,BENIGN,0,44,7936,180.36,5,5,10,0,39,14,0,0,2,6,5,1.0,0.0206,0.0989,0,0.12001932723788,0,1,0.8331565194305818,0
95,BENIGN,0,45,8691,193.13,5,5,10,0,40,15,0,0,2,6,5,1.0,0.0177,0.0804,0,0.1377922659130511,0,1,0.8354247272009019,1
97,BENIGN,0,9,1491,165.67,1,1,2,0,8,3,0,0,2,2,1,1.0,0.004,0.005,0,0.0,0,0,0.0022199658781788902,0
98,BENIGN,0,10,2794,279.4,1,1,2,0,9,4,0,0,2,2,1,1.0,0.0036,0.0036,0,0.0011703531075200708,0,0,0.11888571955775333,0
99,BENIGN,0,9,1499,166.56,1,1,2,0,8,3,0,0,2,2,1,1.0,0.004,0.005,0,0.0,0,0,0.0022199658781788902,1
101,BENIGN,0,82,15554,189.68,9,9,18,0,73,28,0,0,2,10,9,1.0,0.0051,0.0073,0,0.005041794477722559,0,1,0.7958871944730047,0
102,BENIGN,0,10,2406,240.6,1,1,2,0,9,4,0,0,2,2,1,1.0,0.0036,0.0036,0,0.0011703531075200708,0,0,0.053900717515671354,1
103,BENIGN,0,9,1921,213.44,1,1,2,0,8,3,0,0,2,2,1,1.0,0.004,0.005,0,0.0,0,0,0.02917866626768136,0
104,BENIGN,0,8,1131,141.38,1,1,2,0,7,2,0,0,2,2,1,1.0,0.0046,0.0066,0,0.0,0,0,0.021087056308944998,1
106,BENIGN,0,8,827,103.38,1,1,2,0,7,2,0,0,2,2,1,1.0,0.0046,0.0066,0,0.0,0,0,0.025235965775928782,1
107,BENIGN,0,9,1917,213.0,1,1,2,0,8,3,0,0,2,2,1,1.0,0.004,0.005,0,0.0,0,0,0.030277557114563997,0
109,BENIGN,0,9,964,107.11,1,1,2,0,8,3,0,0,2,2,1,1.0,0.004,0.005,0,0.0,0,0,0.02295632766564759,0
110,BENIGN,0,9,1195,132.78,1,1,2,0,8,3,0,0,2,2,1,1.0,0.004,0.005,0,0.0,0,0,0.006727370257304888,0
111,BENIGN,0,19,4272,224.84,2,2,4,0,17,7,0,0,2,3,2,1.0,0.0397,0.1482,0,0.01871079030184158,0,0,0.4802318202272531,0
112,BENIGN,0,10,2808,280.8,1,1,2,0,9,4,0,0,2,2,1,1.0,0.0036,0.0036,0,0.0011703531075200708,0,0,0.11954930378326042,0
113,BENIGN,0,9,1876,208.44,1,1,2,0,8,3,0,0,2,2,1,1.0,0.004,0.005,0,0.0,0,0,0.02453998358971088,1
115,BENIGN,0,21,3903,185.86,2,2,4,0,18,8,1,0,2,3,2,1.0,0.0374,0.1467,0,0.026119038887726768,0,1,0.6454920111606303,0
116,BENIGN,0,9,1270,141.11,1,1,2,0,8,3,0,0,2,2,1,1.0,0.004,0.005,0,0.0,0,0,0.0034399887396295704,0
118,BENIGN,0,9,1110,123.33,1,1,2,0,8,3,0,0,2,2,1,1.0,0.004,0.005,0,0.0,0,0,0.012380885533290935,0
119,BENIGN,0,9,1995,221.67,1,1,2,0,8,3,0,0,2,2,1,1.0,0.004,0.005,0,0.0,0,0,0.033202555377099804,1
120,BENIGN,0,10,1190,119.0,1,1,2,0,8,3,1,0,2,2,1,1.0,0.0044,0.0049,0,0.0,0,0,0.19454386214074246,0
122,BENIGN,0,8,748,93.5,1,1,2,0,7,2,0,0,2,2,1,1.0,0.0046,0.0066,0,0.0,0,0,0.029085677979063515,0
124,BENIGN,0,10,1841,184.1,1,1,2,0,9,4,0,0,2,2,1,1.0,0.0036,0.0036,0,0.0011703531075200708,0,0,0.033756555323003756,1
125,BENIGN,0,10,1847,184.7,1,1,2,0,9,4,0,0,2,2,1,1.0,0.0036,0.0036,0,0.0011703531075200708,0,0,0.03409206692636448,1
126,BENIGN,0,9,1191,132.33,1,1,2,0,7,2,1,0,2,2,1,1.0,0.005,0.0063,0,0.0,0,0,0.22772685312319332,0
128,BENIGN,0,10,1680,168.0,1,1,2,0,9,4,0,0,2,2,1,1.0,0.0036,0.0036,0,0.0011703531075200708,0,0,0.03396635949809275,0
129,BENIGN,0,8,949,118.62,1,1,2,0,7,2,0,0,2,2,1,1.0,0.0046,0.0066,0,0.0,0,0,0.014751382202039347,0
130,BENIGN,0,8,801,100.12,1,1,2,0,7,2,0,0,2,2,1,1.0,0.0046,0.0066,0,0.0,0,0,0.028925712926601545,0
131,BENIGN,0,9,1431,159.0,1,1,2,0,8,3,0,0,2,2,1,1.0,0.004,0.005,0,0.0,0,0,0.0022766713823464567,0
132,BENIGN,0,8,928,116.0,1,1,2,0,7,2,0,0,2,2,1,1.0,0.0046,0.0066,0,0.0,0,0,0.01411742881073348,0
133,BENIGN,0,8,1266,158.25,1,1,2,0,7,2,0,0,2,2,1,1.0,0.0046,0.0066,0,0.0,0,0,0.04816820941917503,0
134,BENIGN,0,9,1504,167.11,1,1,2,0,8,3,0,0,2,2,1,1.0,0.004,0.005,0,0.0,0,0,0.002256370194202022,0
136,BENIGN,0,10,1747,174.7,1,1,2,0,8,3,1,0,3,2,1,1.0,0.0044,0.0049,0,0.02234729895466855,1,0,0.4166660406030632,0
137,BENIGN,0,8,760,95.0,1,1,2,0,7,2,0,0,2,2,1,1.0,0.0046,0.0066,0,0.0,0,0,0.028235131262517237,0
139,BENIGN,0,9,1000,111.11,1,1,2,0,8,3,0,0,2,2,1,1.0,0.004,0.005,0,0.0,0,0,0.020924029555631465,0
140,BENIGN,0,8,807,100.88,1,1,2,0,7,2,0,0,2,2,1,1.0,0.0046,0.0066,0,0.0,0,0,0.02762608606678448,1
141,BENIGN,0,9,1274,141.56,1,1,2,0,8,3,0,0,2,2,1,1.0,0.004,0.005,0,0.0,0,0,0.005147629250943746,0
142,BENIGN,0,9,1059,117.67,1,1,2,0,8,3,0,0,2,2,1,1.0,0.004,0.005,0,0.0,0,0,0.016365499488962848,0
143,BENIGN,0,10,998,99.8,1,1,2,0,8,3,1,0,2,2,1,1.0,0.0044,0.0049,0,0.00909451075532774,0,0,0.21727876081219444,0
145,BENIGN,0,9,1939,215.44,1,1,2,0,8,3,0,0,2,2,1,1.0,0.004,0.005,0,0.0,0,0,0.029445448221442412,1
146,BENIGN,0,20,4253,212.65,2,2,4,0,18,8,0,0,2,3,2,1.0,0.0355,0.1354,0,0.018773464063895105,0,0,0.5218223339739108,1
148,BENIGN,0,10,2232,223.2,1,1,2,0,9,4,0,0,2,2,1,1.0,0.0036,0.0036,0,0.0011703531075200708,0,0,0.04659537196960474,0
149,BENIGN,0,9,1820,202.22,1,1,2,0,8,3,0,0,2,2,1,1.0,0.004,0.005,0,0.0,0,0,0.01831175815837135,0
151,SYN_SCAN,1,130,7037,54.13,67,1,2,54,63,4,0,0,3,122,67,67.0,0.0075,0.014,1,0.9772464050621157,1,1,0.9132144002244026,1
152,SYN_SCAN,1,156,7166,45.94,84,1,2,64,72,3,0,0,3,149,84,84.0,0.0064,0.0055,1,1.0,1,1,0.9158604382668674,0
153,SYN_SCAN,1,157,7228,46.04,84,1,2,64,73,4,0,0,3,149,84,84.0,0.0063,0.0055,1,0.9982603627584203,1,1,0.9152884851312738,0
154,SYN_SCAN,1,42,3009,71.64,19,1,2,15,23,3,0,0,3,35,19,19.0,0.0174,0.0727,1,0.9814865650301111,1,1,0.8691753538746445,1
156,BENIGN,0,9,1336,148.44,1,1,2,0,8,3,0,0,2,2,1,1.0,0.004,0.005,0,0.0,0,0,0.00224040607575138,0
157,BENIGN,0,10,1337,133.7,1,1,2,0,8,3,1,0,3,2,1,1.0,0.0044,0.0049,0,0.01293496754811749,1,0,0.41518686009437045,0
159,BENIGN,0,13,2158,166.0,2,2,2,0,11,4,0,0,2,3,2,1.0,0.069,0.2164,0,0.05500991860931517,0,1,0.591190076696144,0
160,BENIGN,0,18,3613,200.72,2,2,4,0,16,6,0,0,2,4,2,1.0,0.0585,0.2161,0,0.024910122938219086,0,1,0.5602124157986552,0
161,BENIGN,0,77,15228,197.77,8,8,18,0,69,26,0,0,2,10,8,1.0,0.0125,0.0632,0,0.04641522516698118,0,1,0.8439621390354128,0
162,BENIGN,0,10,2002,200.2,1,1,2,0,9,4,0,0,2,2,1,1.0,0.0036,0.0036,0,0.0011703531075200708,0,0,0.03850689403159059,0
163,BENIGN,0,10,2888,288.8,1,1,2,0,9,4,0,0,2,2,1,1.0,0.0036,0.0036,0,0.0011703531075200708,0,0,0.12420983283081946,0
164,BENIGN,0,10,1777,177.7,1,1,2,0,9,4,0,0,2,2,1,1.0,0.0036,0.0036,0,0.0011703531075200708,0,0,0.032879481164342056,0
165,BENIGN,0,8,1070,133.75,1,1,2,0,7,2,0,0,2,2,1,1.0,0.0046,0.0066,0,0.0,0,0,0.017301482220873562,0
166,BENIGN,0,9,1215,135.0,1,1,2,0,8,3,0,0,2,2,1,1.0,0.004,0.005,0,0.0,0,0,0.005846601017568713,1
168,BENIGN,0,89,16110,181.01,10,10,20,0,79,29,0,0,2,11,10,1.0,0.0055,0.008,0,0.013686542708070926,0,1,0.8630139185121072,1
169,BENIGN,0,9,1094,121.56,1,1,2,0,7,2,1,0,2,2,1,1.0,0.005,0.0063,0,0.0,0,0,0.21987952804517136,1
170,BENIGN,0,8,713,89.12,1,1,2,0,7,2,0,0,2,2,1,1.0,0.0046,0.0066,0,0.0,0,0,0.035591753998871746,0
172,BENIGN,0,16,3992,249.5,2,2,2,0,14,7,0,0,3,3,2,1.0,0.0492,0.172,0,0.3342988986689292,1,1,0.6459590022925014,0
173,BENIGN,0,11,896,81.45,1,1,4,0,10,2,0,0,2,3,1,1.0,0.0652,0.1844,0,0.11072175505481427,0,1,0.5600798117122645,1
174,BENIGN,0,9,1492,165.78,1,1,2,0,8,3,0,0,2,2,1,1.0,0.004,0.005,0,0.0,0,0,0.0022199658781788902,0
175,BENIGN,0,8,764,95.5,1,1,2,0,7,2,0,0,2,2,1,1.0,0.0046,0.0066,0,0.0,0,0,0.028235131262517237,0
177,BENIGN,0,8,790,98.75,1,1,2,0,7,2,0,0,2,2,1,1.0,0.0046,0.0066,0,0.0,0,0,0.028858302618094023,0
178,BENIGN,0,8,851,106.38,1,1,2,0,7,2,0,0,2,2,1,1.0,0.0046,0.0066,0,0.0,0,0,0.020512686406391523,0
179,BENIGN,0,8,1052,131.5,1,1,2,0,7,2,0,0,2,2,1,1.0,0.0046,0.0066,0,0.0,0,0,0.014819089834247314,0
180,BENIGN,0,81,15204,187.7,9,9,18,0,72,27,0,0,2,10,9,1.0,0.0048,0.0069,0,0.008810155757037773,0,1,0.7821601876273311,0
181,BENIGN,0,8,974,121.75,1,1,2,0,7,2,0,0,2,2,1,1.0,0.0046,0.0066,0,0.0,0,0,0.014023886344392063,0
182,BENIGN,0,8,854,106.75,1,1,2,0,7,2,0,0,2,2,1,1.0,0.0046,0.0066,0,0.0,0,0,0.021680495029349767,0
183,BENIGN,0,10,1925,192.5,1,1,2,0,9,4,0,0,2,2,1,1.0,0.0036,0.0036,0,0.0011703531075200708,0,0,0.03342477110109081,1
184,BENIGN,0,9,884,98.22,1,1,2,0,7,2,1,0,2,2,1,1.0,0.005,0.0063,0,0.0,0,0,0.22154976710250734,0
185,BENIGN,0,8,810,101.25,1,1,2,0,7,2,0,0,2,2,1,1.0,0.0046,0.0066,0,0.0,0,0,0.02762608606678448,1
186,BENIGN,0,9,2035,226.11,1,1,2,0,8,3,0,0,2,2,1,1.0,0.004,0.005,0,0.0,0,0,0.04112055686763768,0
188,BENIGN,0,9,1346,149.56,1,1,2,0,8,3,0,0,2,2,1,1.0,0.004,0.005,0,0.0,0,0,0.0005800067604318181,0
189,BENIGN,0,8,1289,161.12,1,1,2,0,7,2,0,0,2,2,1,1.0,0.0046,0.0066,0,0.0,0,0,0.05058053742907092,1
190,BENIGN,0,10,2162,216.2,1,1,2,0,9,4,0,0,2,2,1,1.0,0.0036,0.0036,0,0.0011703531075200708,0,0,0.04742304613753667,1
191,BENIGN,0,10,1584,158.4,1,1,2,0,9,4,0,0,2,2,1,1.0,0.0036,0.0036,0,0.0011703531075200708,0,0,0.035651907654669836,0
192,BENIGN,0,18,3039,168.83,2,2,4,0,16,6,0,0,3,3,2,1.0,0.038,0.1359,0,0.20200963609484524,1,1,0.5284965344704419,0
193,BENIGN,0,10,2714,271.4,1,1,2,0,9,4,0,0,2,2,1,1.0,0.0036,0.0036,0,0.0011703531075200708,0,0,0.08894521448396944,0
194,BENIGN,0,10,2391,239.1,1,1,2,0,9,4,0,0,2,2,1,1.0,0.0036,0.0036,0,0.0011703531075200708,0,0,0.05291870364263564,1
196,BENIGN,0,10,1598,159.8,1,1,2,0,9,4,0,0,2,2,1,1.0,0.0036,0.0036,0,0.0011703531075200708,0,0,0.03626967090142621,0
197,BENIGN,0,8,929,116.12,1,1,2,0,7,2,0,0,2,2,1,1.0,0.0046,0.0066,0,0.0,0,0,0.01411742881073348,1
198,BENIGN,0,99,18431,186.17,11,11,22,0,88,33,0,0,2,12,11,1.0,0.0046,0.0066,0,0.22360733543060185,0,1,0.9442392508398175,0
199,BENIGN,0,20,4385,219.25,2,2,4,0,17,7,1,0,3,3,2,1.0,0.0471,0.1831,0,0.03132204916212902,0,1,0.6912676056847407,0
201,BENIGN,0,9,1220,135.56,1,1,2,0,7,2,1,0,2,2,1,1.0,0.005,0.0063,0,0.0,0,0,0.2285173717437997,0
202,BENIGN,0,10,1981,198.1,1,1,2,0,9,4,0,0,2,2,1,1.0,0.0036,0.0036,0,0.0011703531075200708,0,0,0.0386664098486144,0
203,BENIGN,0,73,12781,175.08,9,8,16,0,64,24,0,0,2,9,9,1.125,0.0066,0.0094,0,0.06941461138449234,0,1,0.8010515110032755,1
204,BENIGN,0,27,4788,177.33,2,3,6,0,25,10,0,0,2,4,2,0.667,0.0309,0.1272,0,0.12440130412548013,0,1,0.7088078631274445,1
206,BENIGN,0,10,1751,175.1,1,1,2,0,9,4,0,0,2,2,1,1.0,0.0036,0.0036,0,0.0011703531075200708,0,0,0.03242225264454927,1
207,BENIGN,0,8,881,110.12,1,1,2,0,7,2,0,0,2,2,1,1.0,0.0046,0.0066,0,0.0,0,0,0.018178446825237653,0
208,BENIGN,0,18,2999,166.61,2,2,4,0,16,6,0,0,3,3,2,1.0,0.0422,0.153,0,0.26789320042972453,1,1,0.5269856663029073,1
209,BENIGN,0,8,740,92.5,1,1,2,0,7,2,0,0,2,2,1,1.0,0.0046,0.0066,0,0.0,0,0,0.032675314416037125,0
210,BENIGN,0,9,1132,125.78,1,1,2,0,8,3,0,0,2,2,1,1.0,0.004,0.005,0,0.0,0,0,0.013078391396349398,0
212,BENIGN,0,10,1908,190.8,1,1,2,0,9,4,0,0,2,2,1,1.0,0.0036,0.0036,0,0.0011703531075200708,0,0,0.03349943300762713,0
213,BENIGN,0,10,1766,176.6,1,1,2,0,9,4,0,0,2,2,1,1.0,0.0036,0.0036,0,0.0011703531075200708,0,0,0.032879481164342056,1
215,BENIGN,0,8,636,79.5,1,1,2,0,7,2,0,0,2,2,1,1.0,0.0046,0.0066,0,0.007623182343235666,0,0,0.05857629824739902,0
216,BENIGN,0,8,878,109.75,1,1,2,0,7,2,0,0,2,2,1,1.0,0.0046,0.0066,0,0.0,0,0,0.02152681614413123,0
218,BENIGN,0,9,948,105.33,1,1,2,0,8,3,0,0,2,2,1,1.0,0.004,0.005,0,0.0,0,0,0.02295632766564759,0
219,BENIGN,0,8,1037,129.62,1,1,2,0,7,2,0,0,2,2,1,1.0,0.0046,0.0066,0,0.0,0,0,0.014769096492265968,0
220,BENIGN,0,11,2928,266.18,1,1,2,0,9,4,1,0,2,2,1,1.0,0.004,0.0037,0,0.0035725429017160687,0,0,0.34914401375666493,0
221,BENIGN,0,9,1066,118.44,1,1,2,0,8,3,0,0,2,2,1,1.0,0.004,0.005,0,0.0,0,0,0.016627946102809668,0
222,BENIGN,0,10,2256,225.6,1,1,2,0,9,4,0,0,2,2,1,1.0,0.0036,0.0036,0,0.0011703531075200708,0,0,0.04941338825564036,0
223,BENIGN,0,10,1894,189.4,1,1,2,0,9,4,0,0,2,2,1,1.0,0.0036,0.0036,0,0.0011703531075200708,0,0,0.033534206354184894,0
225,BENIGN,0,10,1542,154.2,1,1,2,0,9,4,0,0,2,2,1,1.0,0.0036,0.0036,0,0.0011703531075200708,0,0,0.04088101603152811,0
227,BENIGN,0,10,1156,115.6,1,1,2,0,9,4,0,0,2,2,1,1.0,0.0036,0.0036,0,0.0010008741258741266,0,0,0.07828602037678932,0
228,BENIGN,0,8,860,107.5,1,1,2,0,7,2,0,0,2,2,1,1.0,0.0046,0.0066,0,0.0,0,0,0.02221533076371314,0
230,BENIGN,0,8,831,103.88,1,1,2,0,7,2,0,0,2,2,1,1.0,0.0046,0.0066,0,0.0,0,0,0.025854105740628606,0
231,BENIGN,0,9,1569,174.33,1,1,2,0,8,3,0,0,2,2,1,1.0,0.004,0.005,0,0.0,0,0,0.004754355627430357,0
232,BENIGN,0,9,1718,190.89,1,1,2,0,8,3,0,0,2,2,1,1.0,0.004,0.005,0,0.0,0,0,0.014166261558224483,0
233,BENIGN,0,10,2342,234.2,1,1,2,0,9,4,0,0,2,2,1,1.0,0.0036,0.0036,0,0.0011703531075200708,0,0,0.05699870528525985,1
235,BENIGN,0,8,647,80.88,1,1,2,0,7,2,0,0,2,2,1,1.0,0.0046,0.0066,0,0.007623182343235666,0,0,0.05203891502748693,1
236,BENIGN,0,9,1197,133.0,1,1,2,0,8,3,0,0,2,2,1,1.0,0.004,0.005,0,0.0,0,0,0.006727370257304888,1
237,BENIGN,0,9,862,95.78,1,1,2,0,7,2,1,0,2,2,1,1.0,0.005,0.0063,0,0.0,0,0,0.22850883828286503,0
238,BENIGN,0,10,2031,203.1,1,1,2,0,9,4,0,0,2,2,1,1.0,0.0036,0.0036,0,0.0011703531075200708,0,0,0.042074698089134596,0
239,BENIGN,0,9,1215,135.0,1,1,2,0,7,2,1,0,3,2,1,1.0,0.005,0.0063,0,0.029696243039560522,1,0,0.45718876295112565,1
240,BENIGN,0,9,1048,116.44,1,1,2,0,8,3,0,0,2,2,1,1.0,0.004,0.005,0,0.0,0,0,0.01701926516821476,1
242,BENIGN,0,9,1140,126.67,1,1,2,0,8,3,0,0,2,2,1,1.0,0.004,0.005,0,0.0,0,0,0.012978219529063136,0
243,BENIGN,0,21,4349,207.1,2,2,4,0,18,8,1,0,3,3,2,1.0,0.0377,0.1479,0,0.06009047587304888,1,1,0.6841267509756693,0
244,BENIGN,0,9,1949,216.56,1,1,2,0,8,3,0,0,2,2,1,1.0,0.004,0.005,0,0.0,0,0,0.028723573777450894,0
245,BENIGN,0,10,1521,152.1,1,1,2,0,9,4,0,0,2,2,1,1.0,0.0036,0.0036,0,0.0011703531075200708,0,0,0.04209745708155757,1
247,BENIGN,0,9,2145,238.33,1,1,2,0,8,3,0,0,2,2,1,1.0,0.004,0.005,0,0.0,0,0,0.060164233652148964,1
248,BENIGN,0,19,4111,216.37,2,2,4,0,17,7,0,0,3,3,2,1.0,0.0439,0.1656,0,0.040114295637355774,0,1,0.5515600368309888,1
250,BENIGN,0,73,12818,175.59,8,8,16,0,65,25,0,0,3,9,8,1.0,0.0098,0.0457,0,0.35256408695844643,1,1,0.8776714418503967,1
251,BENIGN,0,8,1060,132.5,1,1,2,0,7,2,0,0,2,2,1,1.0,0.0046,0.0066,0,0.0,0,0,0.01528987831594742,0
252,HTTP_ATTACK,1,14,1522,108.71,2,2,3,0,12,4,0,0,3,3,2,1.0,0.0033,0.0039,1,0.7748735185245367,1,1,0.5263989340761847,0
253,HTTP_ATTACK,1,24,2512,104.67,4,4,4,0,20,8,0,0,2,5,4,1.0,0.0356,0.0822,1,0.8615455214356854,1,1,0.7002584284357843,0
254,HTTP_ATTACK,1,32,3268,102.12,5,5,6,0,27,10,0,0,3,6,5,1.0,0.0262,0.0699,1,0.9909389960830086,1,1,0.8430726703040159,0
255,HTTP_ATTACK,1,27,3891,144.11,4,4,5,0,23,9,0,0,3,5,4,1.0,0.0227,0.0657,1,0.9749829323687136,1,1,0.8022035170897057,0
256,HTTP_ATTACK,1,28,3079,109.96,4,4,5,0,24,10,0,0,3,5,4,1.0,0.0272,0.0693,1,0.9592193421308408,1,1,0.816911603296263,1
257,BENIGN,0,9,1232,136.89,1,1,2,0,8,3,0,0,2,2,1,1.0,0.004,0.005,0,0.0,0,0,0.005254495299073821,1
259,BENIGN,0,12,2565,213.75,2,2,2,0,10,4,0,0,2,3,2,1.0,0.0691,0.2081,0,0.06593364517314884,0,1,0.5907368904798433,0
260,BENIGN,0,14,3140,224.29,1,1,2,0,12,6,1,0,2,3,1,1.0,0.0758,0.2475,0,0.14106130303402528,0,1,0.7165175580700595,0
261,BENIGN,0,3,120,40.0,0,0,2,0,3,0,0,0,2,2,0,0.0,0.001,0.0,0,0.023004300971034754,0,1,0.737416240478715,0
262,BENIGN,0,11,2108,191.64,1,1,2,0,9,4,1,0,2,2,1,1.0,0.004,0.0037,0,0.0,0,0,0.2607818717918176,0
263,BENIGN,0,9,1746,194.0,1,1,2,0,8,3,0,0,2,2,1,1.0,0.004,0.005,0,0.0,0,0,0.01398596059361897,0
265,BENIGN,0,9,698,77.56,1,1,2,0,7,2,1,0,2,2,1,1.0,0.005,0.0063,0,0.014687819856704197,0,0,0.24909021816468807,1
266,BENIGN,0,8,1095,136.88,1,1,2,0,7,2,0,0,2,2,1,1.0,0.0046,0.0066,0,0.0,0,0,0.019406856496141135,0
267,BENIGN,0,10,1720,172.0,1,1,2,0,8,3,1,0,2,2,1,1.0,0.0044,0.0049,0,0.0014717223650385605,0,0,0.19459539610657844,0
269,BENIGN,0,10,2061,206.1,1,1,2,0,9,4,0,0,2,2,1,1.0,0.0036,0.0036,0,0.0011703531075200708,0,0,0.04518154442282714,0
270,BENIGN,0,10,1504,150.4,1,1,2,0,9,4,0,0,2,2,1,1.0,0.0036,0.0036,0,0.0011703531075200708,0,0,0.04297013984094518,0
271,BENIGN,0,18,2688,149.33,2,2,4,0,16,6,0,0,2,3,2,1.0,0.0379,0.1357,0,0.11682319932942703,0,0,0.44952783930379675,0
272,BENIGN,0,8,1026,128.25,1,1,2,0,7,2,0,0,2,2,1,1.0,0.0046,0.0066,0,0.0,0,0,0.014831330252815016,0
274,BENIGN,0,9,910,101.11,1,1,2,0,7,2,1,0,2,2,1,1.0,0.005,0.0063,0,0.0,0,0,0.21485268103193944,0
275,BENIGN,0,10,2360,236.0,1,1,2,0,9,4,0,0,2,2,1,1.0,0.0036,0.0036,0,0.0011703531075200708,0,0,0.05541417927174143,0
276,BENIGN,0,20,4159,207.95,2,2,4,0,18,8,0,0,2,3,2,1.0,0.0333,0.1261,0,0.14663579635000265,0,0,0.5215503442143904,1
277,BENIGN,0,10,1487,148.7,1,1,2,0,9,4,0,0,2,2,1,1.0,0.0036,0.0036,0,0.0011703531075200708,0,0,0.04440587304084855,0
278,BENIGN,0,8,830,103.75,1,1,2,0,7,2,0,0,2,2,1,1.0,0.0046,0.0066,0,0.0,0,0,0.025854105740628606,1
279,BENIGN,0,5,826,165.2,1,1,0,0,4,2,0,0,2,2,1,1.0,0.0025,0.0026,0,0.03236885445930537,0,0,0.41345573444217787,0
280,BENIGN,0,3,120,40.0,0,0,2,0,3,0,0,0,2,2,0,0.0,0.001,0.0,0,0.023004300971034754,0,1,0.737416240478715,0
281,BENIGN,0,8,1047,130.88,1,1,2,0,7,2,0,0,2,2,1,1.0,0.0046,0.0066,0,0.0,0,0,0.014819089834247314,0
282,BENIGN,0,9,1745,193.89,1,1,2,0,8,3,0,0,2,2,1,1.0,0.004,0.005,0,0.0,0,0,0.01398596059361897,0
283,BENIGN,0,10,1114,111.4,1,1,2,0,9,4,0,0,2,2,1,1.0,0.0036,0.0036,0,0.0010008741258741266,0,0,0.08361922069354698,1
284,BENIGN,0,17,2650,155.88,2,2,4,0,15,5,0,0,3,3,2,1.0,0.0418,0.1457,0,0.4233554982423771,1,1,0.5596681804227087,1
286,BENIGN,0,10,1958,195.8,1,1,2,0,8,3,1,0,2,2,1,1.0,0.0044,0.0049,0,0.00504426526675463,0,0,0.22789351869695543,0
287,BENIGN,0,18,1863,103.5,2,2,4,0,15,5,1,0,2,3,2,1.0,0.0427,0.1528,0,0.13959323488471762,0,1,0.652271263968434,0
288,BENIGN,0,9,2040,226.67,1,1,2,0,8,3,0,0,2,2,1,1.0,0.004,0.005,0,0.0,0,0,0.04079368991976444,0
289,BENIGN,0,9,1539,171.0,1,1,2,0,8,3,0,0,2,2,1,1.0,0.004,0.005,0,0.0,0,0,0.005917392778648808,0
290,BENIGN,0,9,1173,130.33,1,1,2,0,8,3,0,0,2,2,1,1.0,0.004,0.005,0,0.0,0,0,0.007482582603906674,0
291,BENIGN,0,8,1198,149.75,1,1,2,0,7,2,0,0,2,2,1,1.0,0.0046,0.0066,0,0.0,0,0,0.027271178037660347,0
292,BENIGN,0,9,2086,231.78,1,1,2,0,8,3,0,0,2,2,1,1.0,0.004,0.005,0,0.0,0,0,0.04760217361091746,0
294,BENIGN,0,19,3173,167.0,2,2,4,0,17,7,0,0,2,3,2,1.0,0.0474,0.1799,0,0.021053931283086618,0,0,0.4674139865850275,1
296,BENIGN,0,9,1141,126.78,1,1,2,0,8,3,0,0,2,2,1,1.0,0.004,0.005,0,0.0,0,0,0.012978219529063136,0
297,BENIGN,0,5,1003,200.6,1,1,0,0,4,2,0,0,2,2,1,1.0,0.0025,0.0026,0,0.04119351727240749,0,0,0.4085865311849759,1
298,BENIGN,0,3,120,40.0,0,0,2,0,3,0,0,0,2,2,0,0.0,0.001,0.0,0,0.023004300971034754,0,1,0.737416240478715,1
299,BENIGN,0,9,1638,182.0,1,1,2,0,8,3,0,0,2,2,1,1.0,0.004,0.005,0,0.0,0,0,0.011815750469156236,0
300,BENIGN,0,9,1876,208.44,1,1,2,0,8,3,0,0,2,2,1,1.0,0.004,0.005,0,0.0,0,0,0.02453998358971088,1
301,BENIGN,0,8,1102,137.75,1,1,2,0,7,2,0,0,2,2,1,1.0,0.0046,0.0066,0,0.0,0,0,0.019406856496141135,1
303,ICMP_FLOOD,1,130,67395,518.42,1,1,2,0,9,4,120,0,3,2,1,1.0,0.0076,0.0197,1,0.9739321834645928,1,1,0.7509762047674199,0
304,ICMP_FLOOD,1,176,93894,533.49,1,1,2,0,8,3,167,0,3,2,1,1.0,0.0057,0.0011,1,0.9492082681281441,1,1,0.7455433799340866,1
305,ICMP_FLOOD,1,185,95670,517.14,2,2,4,0,17,7,166,0,3,3,2,1.0,0.0054,0.0016,1,0.8102362038636908,1,1,0.815241853759447,0
306,ICMP_FLOOD,1,59,28862,489.19,1,1,2,0,9,4,49,0,3,2,1,1.0,0.0155,0.0749,1,0.9559281878696203,1,1,0.7456337669654565,0
308,BENIGN,0,18,1984,110.22,2,2,4,0,16,6,0,0,2,3,2,1.0,0.0425,0.1541,0,0.09762786446026879,0,0,0.4897915479153375,1
309,BENIGN,0,9,1065,118.33,1,1,2,0,7,2,1,0,2,2,1,1.0,0.005,0.0063,0,0.0,0,0,0.2189815285090475,0
310,BENIGN,0,10,1666,166.6,1,1,2,0,9,4,0,0,2,2,1,1.0,0.0036,0.0036,0,0.0011703531075200708,0,0,0.03192645284623178,0
311,BENIGN,0,10,1113,111.3,1,1,2,0,9,4,0,0,2,2,1,1.0,0.0036,0.0036,0,0.0010008741258741266,0,0,0.08559984046339826,1
312,BENIGN,0,9,1408,156.44,1,1,2,0,8,3,0,0,2,2,1,1.0,0.004,0.005,0,0.0,0,0,0.0010620007410465611,0
313,BENIGN,0,10,2127,212.7,1,1,2,0,9,4,0,0,2,2,1,1.0,0.0036,0.0036,0,0.0011703531075200708,0,0,0.04583088441538781,0
314,BENIGN,0,9,995,110.56,1,1,2,0,8,3,0,0,2,2,1,1.0,0.004,0.005,0,0.0,0,0,0.020924029555631465,1
316,BENIGN,0,9,1124,124.89,1,1,2,0,8,3,0,0,2,2,1,1.0,0.004,0.005,0,0.0,0,0,0.012099466474044706,0
317,BENIGN,0,14,1894,135.29,2,2,2,0,12,5,0,0,2,3,2,1.0,0.0549,0.1782,0,0.20658529942166928,0,1,0.5712041650331405,1
318,BENIGN,0,5,1152,230.4,0,0,2,0,5,2,0,0,2,2,0,0.0,0.0045,0.0045,0,0.1671299177823624,0,1,0.5904993817617591,1
319,BENIGN,0,11,1714,155.82,2,1,2,0,9,4,0,0,2,2,2,2.0,0.0815,0.2339,0,0.21509672192767826,0,1,0.5843979696849969,0
320,BENIGN,0,79,14139,178.97,8,9,18,0,71,26,0,0,2,10,8,0.889,0.0107,0.0424,0,0.004861879894968806,0,1,0.8585830845198973,0
322,BENIGN,0,8,751,93.88,1,1,2,0,7,2,0,0,2,2,1,1.0,0.0046,0.0066,0,0.0,0,0,0.029085677979063515,0
323,BENIGN,0,10,2404,240.4,1,1,2,0,9,4,0,0,2,2,1,1.0,0.0036,0.0036,0,0.0011703531075200708,0,0,0.05291870364263564,0
324,BENIGN,0,9,1301,144.56,1,1,2,0,7,2,1,0,3,2,1,1.0,0.005,0.0063,0,0.02133624369185142,1,0,0.46390195275175256,1
325,BENIGN,0,19,3975,209.21,2,2,4,0,17,7,0,0,2,3,2,1.0,0.0463,0.1755,0,0.0004495484884177462,0,0,0.4809691597611066,1
327,BENIGN,0,8,862,107.75,1,1,2,0,7,2,0,0,2,2,1,1.0,0.0046,0.0066,0,0.0,0,0,0.02221533076371314,0
328,BENIGN,0,9,1812,201.33,1,1,2,0,8,3,0,0,2,2,1,1.0,0.004,0.005,0,0.0,0,0,0.01831175815837135,0
329,BENIGN,0,10,1642,164.2,1,1,2,0,9,4,0,0,2,2,1,1.0,0.0036,0.0036,0,0.0011703531075200708,0,0,0.03066148575215417,0
330,BENIGN,0,10,2465,246.5,1,1,2,0,9,4,0,0,2,2,1,1.0,0.0036,0.0036,0,0.0011703531075200708,0,0,0.05632594871923008,0
332,BENIGN,0,18,2489,138.28,2,2,4,0,16,6,0,0,2,3,2,1.0,0.0389,0.1399,0,0.10441903630562965,0,0,0.46758506335463146,1
334,BENIGN,0,9,1724,191.56,1,1,2,0,8,3,0,0,2,2,1,1.0,0.004,0.005,0,0.0,0,0,0.01344339712587824,0
335,BENIGN,0,8,870,108.75,1,1,2,0,7,2,0,0,2,2,1,1.0,0.0046,0.0066,0,0.0,0,0,0.02221533076371314,0
336,BENIGN,0,9,1130,125.56,1,1,2,0,8,3,0,0,2,2,1,1.0,0.004,0.005,0,0.0,0,0,0.013078391396349398,1
338,BENIGN,0,18,3390,188.33,2,2,4,0,16,6,0,0,3,3,2,1.0,0.0374,0.1335,0,0.06401581641984262,1,0,0.5230928099962651,0
339,BENIGN,0,9,1254,139.33,1,1,2,0,8,3,0,0,2,2,1,1.0,0.004,0.005,0,0.0,0,0,0.004757467095227901,0
341,BENIGN,0,10,2059,205.9,1,1,2,0,9,4,0,0,2,2,1,1.0,0.0036,0.0036,0,0.0011703531075200708,0,0,0.04518154442282714,0
342,BENIGN,0,10,2735,273.5,1,1,2,0,9,4,0,0,2,2,1,1.0,0.0036,0.0036,0,0.0011703531075200708,0,0,0.09844014263344573,0
344,BENIGN,0,8,749,93.62,1,1,2,0,7,2,0,0,2,2,1,1.0,0.0046,0.0066,0,0.0,0,0,0.029085677979063515,1
345,BENIGN,0,9,1727,191.89,1,1,2,0,8,3,0,0,2,2,1,1.0,0.004,0.005,0,0.0,0,0,0.01344339712587824,0
346,BENIGN,0,18,2781,154.5,2,2,4,0,16,6,0,0,2,3,2,1.0,0.0457,0.1669,0,0.007556139417314693,0,0,0.4362553959745346,0
348,BENIGN,0,8,820,102.5,1,1,2,0,7,2,0,0,2,2,1,1.0,0.0046,0.0066,0,0.0,0,0,0.02762608606678448,1
349,BENIGN,0,91,17577,193.15,10,10,20,0,81,31,0,0,2,11,10,1.0,0.0058,0.009,0,0.018554277147528875,0,1,0.8859696301654172,1
350,BENIGN,0,10,2872,287.2,1,1,2,0,9,4,0,0,2,2,1,1.0,0.0036,0.0036,0,0.0011703531075200708,0,0,0.11586019497470137,0
352,BENIGN,0,9,1975,219.44,1,1,2,0,8,3,0,0,2,2,1,1.0,0.004,0.005,0,0.0,0,0,0.02894117039484357,1
353,BENIGN,0,8,744,93.0,1,1,2,0,7,2,0,0,2,2,1,1.0,0.0046,0.0066,0,0.0,0,0,0.029461888446995977,0
354,BENIGN,0,9,1872,208.0,1,1,2,0,8,3,0,0,2,2,1,1.0,0.004,0.005,0,0.0,0,0,0.02453998358971088,0
355,BENIGN,0,10,1840,184.0,1,1,2,0,8,3,1,0,2,2,1,1.0,0.0044,0.0049,0,0.00504426526675463,0,0,0.20827094472118782,1
356,BENIGN,0,8,765,95.62,1,1,2,0,7,2,0,0,2,2,1,1.0,0.0046,0.0066,0,0.0,0,0,0.029177624108603424,0
358,BENIGN,0,10,1202,120.2,1,1,2,0,9,4,0,0,2,2,1,1.0,0.0036,0.0036,0,0.0010008741258741266,0,0,0.06941812592563186,0
359,BENIGN,0,9,2013,223.67,1,1,2,0,8,3,0,0,2,2,1,1.0,0.004,0.005,0,0.0,0,0,0.03894671368385314,0
360,BENIGN,0,9,1765,196.11,1,1,2,0,8,3,0,0,2,2,1,1.0,0.004,0.005,0,0.0,0,0,0.017695165379145308,0
361,BENIGN,0,10,1004,100.4,1,1,2,0,8,3,1,0,2,2,1,1.0,0.0044,0.0049,0,0.00909451075532774,0,0,0.21687995628520396,0
362,BENIGN,0,9,1554,172.67,1,1,2,0,8,3,0,0,2,2,1,1.0,0.004,0.005,0,0.0,0,0,0.005587043107433844,1
364,BENIGN,0,9,1607,178.56,1,1,2,0,8,3,0,0,2,2,1,1.0,0.004,0.005,0,0.0,0,0,0.007102455167361524,0
365,BENIGN,0,8,703,87.88,1,1,2,0,7,2,0,0,2,2,1,1.0,0.0046,0.0066,0,0.0,0,0,0.038765395410482816,0
366,BENIGN,0,8,1109,138.62,1,1,2,0,7,2,0,0,2,2,1,1.0,0.0046,0.0066,0,0.0,0,0,0.019613202439164812,0
367,BENIGN,0,5,513,102.6,1,1,0,0,4,2,0,0,2,2,1,1.0,0.0025,0.0026,0,0.05466972706265319,0,0,0.4362576178724597,0
368,BENIGN,0,3,120,40.0,0,0,2,0,3,0,0,0,2,2,0,0.0,0.001,0.0,0,0.023004300971034754,0,1,0.737416240478715,1
369,BENIGN,0,8,995,124.38,1,1,2,0,7,2,0,0,2,2,1,1.0,0.0046,0.0066,0,0.0,0,0,0.015057988905111246,0
370,BENIGN,0,10,2124,212.4,1,1,2,0,9,4,0,0,2,2,1,1.0,0.0036,0.0036,0,0.0011703531075200708,0,0,0.04583088441538781,1
371,BENIGN,0,10,2206,220.6,1,1,2,0,9,4,0,0,2,2,1,1.0,0.0036,0.0036,0,0.0011703531075200708,0,0,0.04724944564616002,0
372,BENIGN,0,9,1488,165.33,1,1,2,0,8,3,0,0,2,2,1,1.0,0.004,0.005,0,0.0,0,0,0.0022199658781788902,1
374,BENIGN,0,8,1073,134.12,1,1,2,0,7,2,0,0,2,2,1,1.0,0.0046,0.0066,0,0.0,0,0,0.017301482220873562,1
375,BENIGN,0,10,2041,204.1,1,1,2,0,9,4,0,0,2,2,1,1.0,0.0036,0.0036,0,0.0011703531075200708,0,0,0.04234584342022883,0
376,BENIGN,0,10,1882,188.2,1,1,2,0,9,4,0,0,2,2,1,1.0,0.0036,0.0036,0,0.0011703531075200708,0,0,0.03349483709837999,0
377,BENIGN,0,8,1210,151.25,1,1,2,0,7,2,0,0,2,2,1,1.0,0.0046,0.0066,0,0.0,0,0,0.028118239463430634,1
378,BENIGN,0,10,1996,199.6,1,1,2,0,8,3,1,0,2,2,1,1.0,0.0044,0.0049,0,0.00504426526675463,0,0,0.23015784993828795,1
379,BENIGN,0,8,1225,153.12,1,1,2,0,7,2,0,0,2,2,1,1.0,0.0046,0.0066,0,0.0,0,0,0.032975362556732925,0
380,SLOW_ATTACK,1,15,1455,97.0,2,2,2,0,13,6,0,0,3,3,2,1.0,0.0429,0.0864,1,0.9974781013498223,1,1,0.6258801850511184,0
381,SLOW_ATTACK,1,12,1551,129.25,1,1,2,0,11,6,0,0,3,2,1,1.0,0.0727,0.1468,1,0.9621267824323243,1,1,0.6027689274244405,1
382,BENIGN,0,18,3022,167.89,2,2,4,0,16,6,0,0,3,3,2,1.0,0.0427,0.1551,0,0.2408017982381401,1,1,0.5323712051006878,1
383,SLOW_ATTACK,1,1,40,40.0,0,0,1,0,1,0,0,0,1,1,0,0.0,1.0,0.0,1,0.9877653350232778,1,1,0.8211121081379963,0
384,BENIGN,0,8,850,106.25,1,1,2,0,7,2,0,0,2,2,1,1.0,0.0046,0.0066,0,0.0,0,0,0.020512686406391523,1
385,BENIGN,0,10,1895,189.5,1,1,2,0,9,4,0,0,2,2,1,1.0,0.0036,0.0036,0,0.0011703531075200708,0,0,0.033534206354184894,0
386,BENIGN,0,8,721,90.12,1,1,2,0,7,2,0,0,2,2,1,1.0,0.0046,0.0066,0,0.0,0,0,0.03590169938214325,0
387,BENIGN,0,9,1235,137.22,1,1,2,0,8,3,0,0,2,2,1,1.0,0.004,0.005,0,0.0,0,0,0.005254495299073821,0
389,BENIGN,0,16,1380,86.25,2,2,4,0,14,4,0,0,3,3,2,1.0,0.0449,0.1511,0,0.4596010989873004,1,1,0.6187088041975225,1
390,BENIGN,0,9,1786,198.44,1,1,2,0,8,3,0,0,2,2,1,1.0,0.004,0.005,0,0.0,0,0,0.016359447909420663,0
391,BENIGN,0,9,1009,112.11,1,1,2,0,8,3,0,0,2,2,1,1.0,0.004,0.005,0,0.0,0,0,0.01980643065903357,0
392,SLOW_ATTACK,1,15,2564,170.93,2,2,2,0,13,6,0,0,3,3,2,1.0,0.0429,0.0654,1,0.9315221735852481,1,1,0.5985226569408695,0
393,SLOW_ATTACK,1,3,161,53.67,0,0,0,0,3,3,0,0,1,1,0,0.0,0.4,0.0,1,0.9892137613905108,1,1,0.7918386497362743,0
394,BENIGN,0,9,2017,224.11,1,1,2,0,8,3,0,0,2,2,1,1.0,0.004,0.005,0,0.0,0,0,0.03840681375959114,0
395,SLOW_ATTACK,1,10,1216,121.6,1,1,3,0,9,3,0,0,3,2,1,1.0,0.0798,0.2144,1,0.7034887059818438,1,1,0.5950039496674718,1
396,BENIGN,0,8,1060,132.5,1,1,2,0,7,2,0,0,2,2,1,1.0,0.0046,0.0066,0,0.0,0,0,0.01528987831594742,0
398,BENIGN,0,19,2588,136.21,2,2,4,0,17,7,0,0,2,3,2,1.0,0.0467,0.1769,0,0.06406674037276842,0,0,0.4910903479748341,0
400,BENIGN,0,10,1972,197.2,1,1,2,0,9,4,0,0,2,2,1,1.0,0.0036,0.0036,0,0.0011703531075200708,0,0,0.03818096472389232,0
401,SLOW_ATTACK,1,12,1417,118.08,2,2,2,0,10,3,0,0,3,3,2,1.0,0.0182,0.0257,1,0.984603564557444,1,1,0.5712897534312408,0
402,SLOW_ATTACK,1,10,1188,118.8,1,1,2,0,9,4,0,0,3,2,1,1.0,0.0654,0.1276,1,0.9812630421705342,1,1,0.5435588476443375,0
403,SLOW_ATTACK,1,2,114,57.0,0,0,0,0,2,2,0,0,1,1,0,0.0,0.4,0.0,1,0.9945259415338066,1,1,0.8020227609704553,0
404,SLOW_ATTACK,1,10,1656,165.6,1,1,3,0,9,3,0,0,3,2,1,1.0,0.0113,0.0212,1,0.9130146076774018,1,0,0.3429882226486803,0
406,BENIGN,0,10,2421,242.1,1,1,2,0,9,4,0,0,2,2,1,1.0,0.0036,0.0036,0,0.0011703531075200708,0,0,0.05661816032795077,1
408,BENIGN,0,9,1455,161.67,1,1,2,0,8,3,0,0,2,2,1,1.0,0.004,0.005,0,0.0,0,0,0.0006644718391321349,0
409,BENIGN,0,9,1721,191.22,1,1,2,0,8,3,0,0,2,2,1,1.0,0.004,0.005,0,0.0,0,0,0.014166261558224483,0
411,BENIGN,0,10,2205,220.5,1,1,2,0,9,4,0,0,2,2,1,1.0,0.0036,0.0036,0,0.0011703531075200708,0,0,0.04724944564616002,0
412,SLOW_ATTACK,1,14,1611,115.07,2,2,2,0,12,5,0,0,3,3,2,1.0,0.0549,0.1048,1,0.9910578322728688,1,1,0.6542835925010273,0
413,SLOW_ATTACK,1,12,1882,156.83,1,1,2,0,11,6,0,0,3,2,1,1.0,0.0524,0.1172,1,0.9838455066833639,1,1,0.5451357737514771,0
414,SLOW_ATTACK,1,11,2291,208.27,1,1,2,0,10,5,0,0,3,2,1,1.0,0.0065,0.0096,1,0.8911496926435483,1,0,0.3592319739359763,0
415,SLOW_ATTACK,1,10,1130,113.0,1,1,3,0,9,3,0,0,3,2,1,1.0,0.0348,0.0871,1,0.9728355179372609,1,0,0.4761661948617773,1
416,BENIGN,0,9,934,103.78,1,1,2,0,7,2,1,0,2,2,1,1.0,0.005,0.0063,0,0.0,0,0,0.21513717471030117,0
417,BENIGN,0,9,987,109.67,1,1,2,0,8,3,0,0,2,2,1,1.0,0.004,0.005,0,0.0,0,0,0.02295632766564759,1
418,BENIGN,0,8,774,96.75,1,1,2,0,7,2,0,0,2,2,1,1.0,0.0046,0.0066,0,0.0,0,0,0.029562397727246316,0
419,BENIGN,0,10,1212,121.2,1,1,2,0,9,4,0,0,2,2,1,1.0,0.0036,0.0036,0,0.0010008741258741266,0,0,0.0678440826031766,0
421,SLOW_ATTACK,1,13,1179,90.69,2,2,2,0,11,4,0,0,3,3,2,1.0,0.05,0.1083,1,0.9951709773591375,1,1,0.6439177306874156,0
422,SLOW_ATTACK,1,11,1002,91.09,1,1,2,0,10,5,0,0,3,2,1,1.0,0.08,0.1385,1,0.9601332468056768,1,1,0.5970421310461719,1
423,BENIGN,0,10,1906,190.6,1,1,2,0,9,4,0,0,2,2,1,1.0,0.0036,0.0036,0,0.0011703531075200708,0,0,0.033534206354184894,0
424,SLOW_ATTACK,1,1,40,40.0,0,0,1,0,1,0,0,0,1,1,0,0.0,1.0,0.0,1,0.9877653350232778,1,1,0.8211121081379963,1
425,BENIGN,0,8,840,105.0,1,1,2,0,7,2,0,0,2,2,1,1.0,0.0046,0.0066,0,0.0,0,0,0.023603974961471725,0
426,BENIGN,0,8,681,85.12,1,1,2,0,7,2,0,0,2,2,1,1.0,0.0046,0.0066,0,0.0,0,0,0.04727662008242789,1
427,BENIGN,0,10,1957,195.7,1,1,2,0,9,4,0,0,2,2,1,1.0,0.0036,0.0036,0,0.0011703531075200708,0,0,0.03625210681622029,1
428,BENIGN,0,8,1204,150.5,1,1,2,0,7,2,0,0,2,2,1,1.0,0.0046,0.0066,0,0.0,0,0,0.028698964904243878,0
429,BENIGN,0,8,1094,136.75,1,1,2,0,7,2,0,0,2,2,1,1.0,0.0046,0.0066,0,0.0,0,0,0.019406856496141135,1
430,BENIGN,0,8,816,102.0,1,1,2,0,7,2,0,0,2,2,1,1.0,0.0046,0.0066,0,0.0,0,0,0.02762608606678448,0
431,BENIGN,0,9,1248,138.67,1,1,2,0,8,3,0,0,2,2,1,1.0,0.004,0.005,0,0.0,0,0,0.004757467095227901,0
432,BENIGN,0,9,1807,200.78,1,1,2,0,8,3,0,0,2,2,1,1.0,0.004,0.005,0,0.0,0,0,0.01744741529915662,0
433,BENIGN,0,8,1199,149.88,1,1,2,0,7,2,0,0,2,2,1,1.0,0.0046,0.0066,0,0.0,0,0,0.027271178037660347,0
434,SLOW_ATTACK,1,12,1977,164.75,2,2,2,0,10,4,0,0,3,3,2,1.0,0.0463,0.1212,1,0.8684153583441298,1,1,0.6056123825188793,1
435,SLOW_ATTACK,1,12,846,70.5,1,1,2,0,11,5,0,0,3,2,1,1.0,0.0818,0.1263,1,0.9895064274572275,1,1,0.6280809488965137,0
436,SLOW_ATTACK,1,11,1088,98.91,1,1,2,0,10,5,0,0,3,2,1,1.0,0.0524,0.1189,1,0.9972972404434175,1,1,0.5517969585634068,0
437,SLOW_ATTACK,1,1,40,40.0,0,0,1,0,1,0,0,0,1,1,0,0.0,1.0,0.0,1,0.9877653350232778,1,1,0.8211121081379963,1
438,BENIGN,0,18,2950,163.89,2,2,4,0,16,6,0,0,3,3,2,1.0,0.0466,0.1704,0,0.2576904607846644,1,1,0.5329300134742343,0
440,BENIGN,0,9,1209,134.33,1,1,2,0,8,3,0,0,2,2,1,1.0,0.004,0.005,0,0.0,0,0,0.005714117597879804,1
441,BENIGN,0,8,723,90.38,1,1,2,0,7,2,0,0,2,2,1,1.0,0.0046,0.0066,0,0.0,0,0,0.03590169938214325,0
442,BENIGN,0,8,924,115.5,1,1,2,0,7,2,0,0,2,2,1,1.0,0.0046,0.0066,0,0.0,0,0,0.014640889308819212,0
443,BENIGN,0,9,1807,200.78,1,1,2,0,8,3,0,0,2,2,1,1.0,0.004,0.005,0,0.0,0,0,0.01744741529915662,1
444,SLOW_ATTACK,1,4,170,42.5,1,1,0,0,3,1,0,0,2,2,1,1.0,0.0667,0.0236,1,0.9278915997600155,1,1,0.6140106479601124,1
445,SLOW_ATTACK,1,10,709,70.9,1,1,2,0,9,4,0,0,3,2,1,1.0,0.0634,0.1262,1,0.9816210131986203,1,1,0.5712539679085159,0
446,SLOW_ATTACK,1,10,913,91.3,1,1,2,0,9,4,0,0,3,2,1,1.0,0.0606,0.1248,1,0.9882604059300002,1,1,0.545790067179993,0
447,SLOW_ATTACK,1,11,1756,159.64,1,1,3,0,9,3,1,0,4,2,1,1.0,0.0311,0.0801,1,0.9091320191251469,1,1,0.5792298276290305,0
448,BENIGN,0,9,1561,173.44,1,1,2,0,8,3,0,0,2,2,1,1.0,0.004,0.005,0,0.0,0,0,0.005587043107433844,0
449,BENIGN,0,9,1029,114.33,1,1,2,0,8,3,0,0,2,2,1,1.0,0.004,0.005,0,0.0,0,0,0.018397421092943216,0
450,BENIGN,0,8,1197,149.62,1,1,2,0,7,2,0,0,2,2,1,1.0,0.0046,0.0066,0,0.0,0,0,0.027271178037660347,1
451,BENIGN,0,8,1166,145.75,1,1,2,0,7,2,0,0,2,2,1,1.0,0.0046,0.0066,0,0.0,0,0,0.022396827258296188,1
453,SLOW_ATTACK,1,145,9914,68.37,18,18,36,0,127,37,0,0,3,19,18,1.0,0.0065,0.0204,1,0.7292829798694591,1,1,1.0,1
454,SLOW_ATTACK,1,212,14458,68.2,27,27,52,0,185,53,0,0,3,28,27,1.0,0.0047,0.006,1,0.9689771141341288,1,1,0.998092126671656,1
455,SLOW_ATTACK,1,203,12643,62.28,25,25,50,0,178,53,0,0,2,26,25,1.0,0.0049,0.0063,1,0.9189590133712325,1,1,0.9587077361081469,1
456,SLOW_ATTACK,1,75,5287,70.49,9,9,18,0,66,21,0,0,3,10,9,1.0,0.0087,0.0384,1,0.9048317003390247,1,1,0.91953397782711,0
457,SLOW_ATTACK,1,11,2752,250.18,1,1,3,0,10,4,0,0,3,2,1,1.0,0.0154,0.0356,1,0.9270309339786929,0,0,0.4474977087885146,0
459,BENIGN,0,8,754,94.25,1,1,2,0,7,2,0,0,2,2,1,1.0,0.0046,0.0066,0,0.0,0,0,0.029085677979063515,0
460,BENIGN,0,10,1186,118.6,1,1,2,0,9,4,0,0,2,2,1,1.0,0.0036,0.0036,0,0.0010008741258741266,0,0,0.07026207853730967,1
462,BENIGN,0,8,1089,136.12,1,1,2,0,7,2,0,0,2,2,1,1.0,0.0046,0.0066,0,0.0,0,0,0.019386715658640856,1
463,BENIGN,0,9,1043,115.89,1,1,2,0,7,2,1,0,2,2,1,1.0,0.005,0.0063,0,0.0,0,0,0.2140188313847123,0
465,SLOW_ATTACK,1,15,1561,104.07,2,2,2,0,13,6,0,0,3,3,2,1.0,0.0429,0.0896,1,0.9998355026244861,1,1,0.6233097354811807,0
466,SLOW_ATTACK,1,3,161,53.67,0,0,0,0,3,3,0,0,1,1,0,0.0,0.4,0.0,1,0.9892137613905108,1,1,0.7918386497362743,0
467,BENIGN,0,9,1595,177.22,1,1,2,0,8,3,0,0,2,2,1,1.0,0.004,0.005,0,0.0,0,0,0.0066027877797628755,1
468,SLOW_ATTACK,1,12,2205,183.75,1,1,3,0,10,4,1,0,4,2,1,1.0,0.0574,0.1689,1,0.8104219756049521,1,1,0.6603840320663705,1
469,BENIGN,0,10,2871,287.1,1,1,2,0,9,4,0,0,2,2,1,1.0,0.0036,0.0036,0,0.0011703531075200708,0,0,0.11586019497470137,0
471,BENIGN,0,9,1754,194.89,1,1,2,0,8,3,0,0,2,2,1,1.0,0.004,0.005,0,0.0,0,0,0.016506764764169343,0
473,BENIGN,0,9,1665,185.0,1,1,2,0,8,3,0,0,2,2,1,1.0,0.004,0.005,0,0.0,0,0,0.011561415334132807,0
474,BENIGN,0,8,1082,135.25,1,1,2,0,7,2,0,0,2,2,1,1.0,0.0046,0.0066,0,0.0,0,0,0.018784221739701942,1
475,BENIGN,0,16,1778,111.12,2,2,4,0,14,4,0,0,2,3,2,1.0,0.0575,0.1983,0,0.0692720614393755,0,1,0.5682231816399864,0
477,BENIGN,0,9,1968,218.67,1,1,2,0,8,3,0,0,2,2,1,1.0,0.004,0.005,0,0.0,0,0,0.02993019008068172,0
478,SLOW_ATTACK,1,14,2080,148.57,2,2,2,0,11,4,1,0,3,3,2,1.0,0.0475,0.0994,1,0.952113944808042,1,1,0.7084544021501655,0
479,SLOW_ATTACK,1,10,1261,126.1,1,1,2,0,9,4,0,0,3,2,1,1.0,0.0444,0.0753,1,0.9936015572733118,1,0,0.4509466143651876,0
480,SLOW_ATTACK,1,10,958,95.8,1,1,2,0,9,4,0,0,3,2,1,1.0,0.0444,0.0749,1,0.9889363971075784,1,0,0.45999813476114526,1
481,SLOW_ATTACK,1,9,929,103.22,1,1,3,0,8,2,0,0,3,2,1,1.0,0.0838,0.2097,1,0.5812285961769623,1,1,0.5899937493139362,1
482,BENIGN,0,9,1189,132.11,1,1,2,0,8,3,0,0,2,2,1,1.0,0.004,0.005,0,0.0,0,0,0.006727370257304888,1
483,BENIGN,0,10,1412,141.2,1,1,2,0,9,4,0,0,2,2,1,1.0,0.0036,0.0036,0,0.0011703531075200708,0,0,0.05029936055586491,1
485,BENIGN,0,10,2155,215.5,1,1,2,0,8,3,1,0,2,2,1,1.0,0.0044,0.0049,0,0.00504426526675463,0,0,0.2471123906220131,0
486,BENIGN,0,10,1891,189.1,1,1,2,0,9,4,0,0,2,2,1,1.0,0.0036,0.0036,0,0.0011703531075200708,0,0,0.033589833067925165,0
487,BENIGN,0,8,1031,128.88,1,1,2,0,7,2,0,0,2,2,1,1.0,0.0046,0.0066,0,0.0,0,0,0.014831330252815016,0
488,BENIGN,0,8,1079,134.88,1,1,2,0,7,2,0,0,2,2,1,1.0,0.0046,0.0066,0,0.0,0,0,0.018407152499556052,0
489,BENIGN,0,9,920,102.22,1,1,2,0,8,3,0,0,2,2,1,1.0,0.004,0.005,0,0.0,0,0,0.02916197579258353,0
490,BENIGN,0,8,1116,139.5,1,1,2,0,7,2,0,0,2,2,1,1.0,0.0046,0.0066,0,0.0,0,0,0.01955855628326205,0
492,SLOW_ATTACK,1,14,2589,184.93,2,2,2,0,12,5,0,0,3,3,2,1.0,0.0249,0.0347,1,0.7934904201648714,1,1,0.5974607129045746,1
493,SLOW_ATTACK,1,10,1316,131.6,1,1,2,0,9,4,0,0,3,2,1,1.0,0.0491,0.1242,1,0.9808119413974891,1,0,0.5001987656998711,0
494,SLOW_ATTACK,1,2,114,57.0,0,0,0,0,2,2,0,0,1,1,0,0.0,0.4,0.0,1,0.9945259415338066,1,1,0.8020227609704553,0
495,SLOW_ATTACK,1,11,1793,163.0,1,1,3,0,9,3,1,0,3,2,1,1.0,0.0325,0.0844,1,0.9155577307197427,1,1,0.5839267777458209,1
496,BENIGN,0,9,1395,155.0,1,1,2,0,8,3,0,0,2,2,1,1.0,0.004,0.005,0,0.0,0,0,0.0010620007410465611,0
497,BENIGN,0,57,9386,164.67,7,7,12,0,50,18,0,0,2,8,7,1.0,0.0046,0.0061,0,0.14808375106163407,0,1,0.7833796134782081,1
498,BENIGN,0,32,6058,189.31,3,3,8,0,29,11,0,0,3,5,3,1.0,0.0176,0.0698,0,0.3045633871008273,0,1,0.8188313124757005,0
499,BENIGN,0,8,1025,128.12,1,1,2,0,7,2,0,0,2,2,1,1.0,0.0046,0.0066,0,0.0,0,0,0.014831330252815016,0
500,BENIGN,0,10,1480,148.0,1,1,2,0,9,4,0,0,2,2,1,1.0,0.0036,0.0036,0,0.0011703531075200708,0,0,0.04440587304084855,0
501,BENIGN,0,8,1147,143.38,1,1,2,0,7,2,0,0,2,2,1,1.0,0.0046,0.0066,0,0.0,0,0,0.02187538837550272,1
502,BENIGN,0,18,2780,154.44,2,2,4,0,16,6,0,0,2,3,2,1.0,0.0409,0.1478,0,0.021615944192941695,0,0,0.4342530990239094,0
503,BENIGN,0,7,1519,217.0,1,1,0,0,6,4,0,0,2,2,1,1.0,0.003,0.0022,0,0.18873279679446578,0,0,0.2526907173896011,1
504,BENIGN,0,3,120,40.0,0,0,2,0,3,0,0,0,2,2,0,0.0,0.001,0.0,0,0.023004300971034754,0,1,0.737416240478715,0
505,BENIGN,0,10,2733,273.3,1,1,2,0,9,4,0,0,2,2,1,1.0,0.0036,0.0036,0,0.0011703531075200708,0,0,0.09844014263344573,1
506,BENIGN,0,8,749,93.62,1,1,2,0,7,2,0,0,2,2,1,1.0,0.0046,0.0066,0,0.0,0,0,0.029085677979063515,0
507,BENIGN,0,8,809,101.12,1,1,2,0,7,2,0,0,2,2,1,1.0,0.0046,0.0066,0,0.0,0,0,0.02762608606678448,0
508,BENIGN,0,8,897,112.12,1,1,2,0,7,2,0,0,2,2,1,1.0,0.0046,0.0066,0,0.0,0,0,0.01547990470566967,0
510,BENIGN,0,8,1130,141.25,1,1,2,0,7,2,0,0,2,2,1,1.0,0.0046,0.0066,0,0.0,0,0,0.021087056308944998,0
511,BENIGN,0,9,1682,186.89,1,1,2,0,8,3,0,0,2,2,1,1.0,0.004,0.005,0,0.0,0,0,0.013191861773008745,1
512,BENIGN,0,10,2014,201.4,1,1,2,0,9,4,0,0,2,2,1,1.0,0.0036,0.0036,0,0.0011703531075200708,0,0,0.03795686587185649,0
514,BENIGN,0,72,12899,179.15,8,8,16,0,64,24,0,0,2,9,8,1.0,0.0048,0.006,0,0.05298487754288291,0,1,0.784558565815571,1
515,BENIGN,0,10,2368,236.8,1,1,2,0,9,4,0,0,2,2,1,1.0,0.0036,0.0036,0,0.0011703531075200708,0,0,0.05303186539913979,0
516,BENIGN,0,10,1783,178.3,1,1,2,0,9,4,0,0,2,2,1,1.0,0.0036,0.0036,0,0.0011703531075200708,0,0,0.032266456148168095,1
518,BENIGN,0,9,1415,157.22,1,1,2,0,8,3,0,0,2,2,1,1.0,0.004,0.005,0,0.0,0,0,0.0004482833871846624,0
519,BENIGN,0,9,955,106.11,1,1,2,0,8,3,0,0,2,2,1,1.0,0.004,0.005,0,0.0,0,0,0.02295632766564759,0
521,BENIGN,0,10,1893,189.3,1,1,2,0,9,4,0,0,2,2,1,1.0,0.0036,0.0036,0,0.0011703531075200708,0,0,0.033534206354184894,1
522,BENIGN,0,10,1972,197.2,1,1,2,0,9,4,0,0,2,2,1,1.0,0.0036,0.0036,0,0.0011703531075200708,0,0,0.03818096472389232,0
523,BENIGN,0,10,2086,208.6,1,1,2,0,9,4,0,0,2,2,1,1.0,0.0036,0.0036,0,0.0011703531075200708,0,0,0.04528646917942605,0
524,BENIGN,0,8,794,99.25,1,1,2,0,7,2,0,0,2,2,1,1.0,0.0046,0.0066,0,0.0,0,0,0.028555900183691283,1
525,BENIGN,0,9,2130,236.67,1,1,2,0,8,3,0,0,2,2,1,1.0,0.004,0.005,0,0.0,0,0,0.0560935170318307,0
526,BENIGN,0,10,1845,184.5,1,1,2,0,9,4,0,0,2,2,1,1.0,0.0036,0.0036,0,0.0011703531075200708,0,0,0.03409206692636448,0
527,BENIGN,0,8,712,89.0,1,1,2,0,7,2,0,0,2,2,1,1.0,0.0046,0.0066,0,0.0,0,0,0.035591753998871746,0
528,BENIGN,0,9,1395,155.0,1,1,2,0,8,3,0,0,2,2,1,1.0,0.004,0.005,0,0.0,0,0,0.0010620007410465611,0
530,BENIGN,0,8,618,77.25,1,1,2,0,7,2,0,0,2,2,1,1.0,0.0046,0.0066,0,0.007623182343235666,0,0,0.0683012526792135,0
531,BENIGN,0,9,1270,141.11,1,1,2,0,8,3,0,0,2,2,1,1.0,0.004,0.005,0,0.0,0,0,0.0034399887396295704,0
532,BENIGN,0,9,2064,229.33,1,1,2,0,8,3,0,0,2,2,1,1.0,0.004,0.005,0,0.0,0,0,0.043926377956929503,0
533,BENIGN,0,8,954,119.25,1,1,2,0,7,2,0,0,2,2,1,1.0,0.0046,0.0066,0,0.0,0,0,0.014204358022582618,0
534,BENIGN,0,9,1839,204.33,1,1,2,0,8,3,0,0,2,2,1,1.0,0.004,0.005,0,0.0,0,0,0.022094273957648305,0
536,BENIGN,0,8,924,115.5,1,1,2,0,7,2,0,0,2,2,1,1.0,0.0046,0.0066,0,0.0,0,0,0.014640889308819212,0
537,BENIGN,0,10,2482,248.2,1,1,2,0,9,4,0,0,2,2,1,1.0,0.0036,0.0036,0,0.0011703531075200708,0,0,0.06024182430746301,0
539,BENIGN,0,10,1438,143.8,1,1,2,0,9,4,0,0,2,2,1,1.0,0.0036,0.0036,0,0.0011703531075200708,0,0,0.046589134578606695,1
540,BENIGN,0,17,2286,134.47,2,2,4,0,15,5,0,0,2,3,2,1.0,0.0489,0.1731,0,0.06565639207242986,0,0,0.5000104766183292,1
542,BENIGN,0,8,1024,128.0,1,1,2,0,7,2,0,0,2,2,1,1.0,0.0046,0.0066,0,0.0,0,0,0.014831330252815016,0
544,BENIGN,0,9,1332,148.0,1,1,2,0,8,3,0,0,2,2,1,1.0,0.004,0.005,0,0.0,0,0,0.00224040607575138,0
545,BENIGN,0,9,1873,208.11,1,1,2,0,8,3,0,0,2,2,1,1.0,0.004,0.005,0,0.0,0,0,0.02453998358971088,0
547,BENIGN,0,9,1393,154.78,1,1,2,0,8,3,0,0,2,2,1,1.0,0.004,0.005,0,0.0,0,0,0.0009742172939565372,1
549,BENIGN,0,9,1140,126.67,1,1,2,0,8,3,0,0,2,2,1,1.0,0.004,0.005,0,0.0,0,0,0.012978219529063136,0
550,STEALTH_WEB,1,14,1729,123.5,2,2,3,0,12,4,0,0,3,3,2,1.0,0.0345,0.1047,1,0.9981705250630227,1,1,0.6074929778387684,0
551,BENIGN,0,8,1030,128.75,1,1,2,0,7,2,0,0,2,2,1,1.0,0.0046,0.0066,0,0.0,0,0,0.014831330252815016,0
552,BENIGN,0,10,1482,148.2,1,1,2,0,9,4,0,0,2,2,1,1.0,0.0036,0.0036,0,0.0011703531075200708,0,0,0.04440587304084855,0
554,STEALTH_WEB,1,14,1518,108.43,2,2,3,0,12,4,0,0,3,3,2,1.0,0.029,0.0855,1,0.9999084168009145,1,1,0.6140423621850366,0
555,BENIGN,0,2,80,40.0,1,1,0,0,1,0,0,0,2,2,1,1.0,0.001,0.0,0,0.10459699468232095,1,1,0.6378326871564187,0
556,BENIGN,0,8,1956,244.5,0,0,2,0,8,4,0,0,2,2,0,0.0,0.0043,0.0038,0,0.02828637887494918,0,1,0.5275840485280604,0
557,BENIGN,0,9,1094,121.56,1,1,2,0,8,3,0,0,2,2,1,1.0,0.004,0.005,0,0.0,0,0,0.013425560192420983,0
558,STEALTH_WEB,1,14,1901,135.79,2,2,3,0,12,4,0,0,3,3,2,1.0,0.0163,0.042,1,0.998417334085497,1,1,0.5663320668004659,0
559,BENIGN,0,9,1957,217.44,1,1,2,0,8,3,0,0,2,2,1,1.0,0.004,0.005,0,0.0,0,0,0.02993019008068172,1
560,BENIGN,0,9,1398,155.33,1,1,2,0,8,3,0,0,2,2,1,1.0,0.004,0.005,0,0.0,0,0,0.0010620007410465611,0
562,BENIGN,0,10,2352,235.2,1,1,2,0,9,4,0,0,2,2,1,1.0,0.0036,0.0036,0,0.0011703531075200708,0,0,0.05541417927174143,1
563,STEALTH_WEB,1,6,643,107.17,1,1,1,0,5,2,0,0,2,2,1,1.0,0.004,0.0038,1,0.993528477080047,0,0,0.22098379688792016,0
564,BENIGN,0,10,1184,118.4,1,1,2,0,8,3,1,0,3,2,1,1.0,0.0044,0.0049,0,0.015875576589629986,1,0,0.41260402436544835,0
565,BENIGN,0,9,1477,164.11,1,1,2,0,8,3,0,0,2,2,1,1.0,0.004,0.005,0,0.0,0,0,0.0010385603129981148,0
566,BENIGN,0,10,1135,113.5,1,1,2,0,8,3,1,0,3,2,1,1.0,0.0044,0.0049,0,0.015875576589629986,1,0,0.4178521114807102,0
567,STEALTH_WEB,1,6,634,105.67,1,1,1,0,5,2,0,0,2,2,1,1.0,0.004,0.0038,1,0.9975606416171139,0,0,0.22488045049569452,0
568,BENIGN,0,10,1204,120.4,1,1,2,0,9,4,0,0,2,2,1,1.0,0.0036,0.0036,0,0.0010008741258741266,0,0,0.06941812592563186,0
569,BENIGN,0,8,1220,152.5,1,1,2,0,7,2,0,0,2,2,1,1.0,0.0046,0.0066,0,0.0,0,0,0.03117866567743405,0
570,STEALTH_WEB,1,13,2661,204.69,2,2,2,0,11,4,0,0,3,3,2,1.0,0.0415,0.1275,1,0.7429132391939351,1,1,0.6125709252381705,1
571,STEALTH_WEB,1,3,514,171.33,0,0,1,0,3,2,0,0,2,2,0,0.0,0.0085,0.0015,1,0.7854219090962231,0,1,0.692664505852578,0
572,BENIGN,0,18,3408,189.33,2,2,4,0,16,6,0,0,3,3,2,1.0,0.0523,0.1933,0,0.09840879880609227,1,1,0.5554270809497694,1
574,BENIGN,0,18,2099,116.61,2,2,4,0,15,5,1,0,2,3,2,1.0,0.0475,0.1721,0,0.0994709575916492,0,1,0.655333793528015,1
575,STEALTH_WEB,1,15,1812,120.8,2,2,3,0,13,5,0,0,3,3,2,1.0,0.0161,0.0437,1,0.9999084168009145,1,1,0.5848355120995622,0
576,BENIGN,0,8,1116,139.5,1,1,2,0,7,2,0,0,2,2,1,1.0,0.0046,0.0066,0,0.0,0,0,0.01955855628326205,0
577,BENIGN,0,9,1497,166.33,1,1,2,0,8,3,0,0,2,2,1,1.0,0.004,0.005,0,0.0,0,0,0.0022199658781788902,0
578,BENIGN,0,8,1095,136.88,1,1,2,0,7,2,0,0,2,2,1,1.0,0.0046,0.0066,0,0.0,0,0,0.019406856496141135,0
579,STEALTH_WEB,1,6,643,107.17,1,1,1,0,5,2,0,0,2,2,1,1.0,0.004,0.0038,1,0.993528477080047,0,0,0.22098379688792016,0
580,BENIGN,0,10,2688,268.8,1,1,2,0,9,4,0,0,2,2,1,1.0,0.0036,0.0036,0,0.0011703531075200708,0,0,0.08815618225162342,0
581,BENIGN,0,8,847,105.88,1,1,2,0,7,2,0,0,2,2,1,1.0,0.0046,0.0066,0,0.0,0,0,0.020887870792685097,1
583,STEALTH_WEB,1,16,2635,164.69,2,2,3,0,14,6,0,0,3,3,2,1.0,0.0602,0.2112,1,0.7258396382583822,1,1,0.6348794689086966,0
584,BENIGN,0,19,3039,159.95,2,2,4,0,17,7,0,0,2,3,2,1.0,0.0358,0.132,0,0.09224756085874633,0,0,0.45490007962325224,0
586,BENIGN,0,80,14346,179.32,9,9,18,0,71,26,0,0,2,10,9,1.0,0.0052,0.0081,0,0.004397824350486712,0,1,0.8004105195991523,0
587,BENIGN,0,8,884,110.5,1,1,2,0,7,2,0,0,2,2,1,1.0,0.0046,0.0066,0,0.0,0,0,0.018704655882251075,1
588,STEALTH_WEB,1,23,2941,127.87,3,3,5,0,19,6,1,0,3,4,3,1.0,0.0356,0.147,1,0.8141979220387026,1,1,0.7786574688887756,0
589,BENIGN,0,10,1130,113.0,1,1,2,0,9,4,0,0,2,2,1,1.0,0.0036,0.0036,0,0.0010008741258741266,0,0,0.08361922069354698,0
591,STEALTH_WEB,1,16,2707,169.19,2,2,3,0,13,5,1,0,3,3,2,1.0,0.0549,0.1895,1,0.6438570421897154,1,1,0.7287376712036152,1
592,BENIGN,0,10,2777,277.7,1,1,2,0,9,4,0,0,2,2,1,1.0,0.0036,0.0036,0,0.0011703531075200708,0,0,0.11581572543254147,1
593,BENIGN,0,10,1736,173.6,1,1,2,0,9,4,0,0,2,2,1,1.0,0.0036,0.0036,0,0.0011703531075200708,0,0,0.03342666004203363,1
594,BENIGN,0,8,1071,133.88,1,1,2,0,7,2,0,0,2,2,1,1.0,0.0046,0.0066,0,0.0,0,0,0.017301482220873562,1
595,BENIGN,0,10,1852,185.2,1,1,2,0,9,4,0,0,2,2,1,1.0,0.0036,0.0036,0,0.0011703531075200708,0,0,0.03391720359623648,0
596,STEALTH_WEB,1,6,634,105.67,1,1,1,0,5,2,0,0,2,2,1,1.0,0.004,0.0038,1,0.9975606416171139,0,0,0.22488045049569452,0
597,BENIGN,0,9,1288,143.11,1,1,2,0,7,2,1,0,3,2,1,1.0,0.005,0.0063,0,0.02133624369185142,1,0,0.46320573426868716,0
598,BENIGN,0,10,1591,159.1,1,1,2,0,9,4,0,0,2,2,1,1.0,0.0036,0.0036,0,0.0011703531075200708,0,0,0.035651907654669836,1
599,BENIGN,0,9,1931,214.56,1,1,2,0,8,3,0,0,2,2,1,1.0,0.004,0.005,0,0.0,0,0,0.02917866626768136,1
600,STEALTH_WEB,1,14,1642,117.29,2,2,3,0,12,4,0,0,3,3,2,1.0,0.0295,0.0874,1,0.9981705250630227,1,1,0.60920430906138,0
601,STEALTH_WEB,1,136,6198,45.57,71,1,2,57,64,2,1,0,3,129,71,71.0,0.0061,0.0054,1,0.9974971290179131,1,1,0.9517489217972198,0
602,STEALTH_WEB,1,167,7494,44.87,85,1,2,73,82,4,0,0,3,159,85,85.0,0.006,0.0054,1,0.9945266999412261,1,1,0.9169888529783327,0
603,STEALTH_WEB,1,155,6791,43.81,84,1,2,64,71,2,0,0,3,149,84,84.0,0.0064,0.0055,1,1.0,1,1,0.9147946476605237,0
604,STEALTH_WEB,1,48,5165,107.6,16,3,5,10,32,9,0,0,3,27,16,5.333,0.0205,0.0805,1,0.9481500742175242,1,1,0.9283788565372131,0
605,BENIGN,0,8,861,107.62,1,1,2,0,7,2,0,0,2,2,1,1.0,0.0046,0.0066,0,0.0,0,0,0.02221533076371314,1
607,STEALTH_WEB,1,16,3544,221.5,2,2,3,0,14,6,0,0,3,3,2,1.0,0.0496,0.1717,1,0.6475666872680457,1,1,0.6057379397456025,0
608,BENIGN,0,8,802,100.25,1,1,2,0,7,2,0,0,2,2,1,1.0,0.0046,0.0066,0,0.0,0,0,0.028659106765997935,1
609,BENIGN,0,10,1105,110.5,1,1,2,0,9,4,0,0,2,2,1,1.0,0.0036,0.0036,0,0.0010008741258741266,0,0,0.08588571254317748,0
611,BENIGN,0,8,1182,147.75,1,1,2,0,7,2,0,0,2,2,1,1.0,0.0046,0.0066,0,0.0,0,0,0.02475436563648315,0
612,STEALTH_WEB,1,15,1827,121.8,2,2,3,0,13,5,0,0,3,3,2,1.0,0.019,0.0542,1,0.9999084168009145,1,1,0.6047598352721513,0
613,BENIGN,0,9,1869,207.67,1,1,2,0,8,3,0,0,2,2,1,1.0,0.004,0.005,0,0.0,0,0,0.024850310318739844,0
614,BENIGN,0,10,2478,247.8,1,1,2,0,9,4,0,0,2,2,1,1.0,0.0036,0.0036,0,0.0011703531075200708,0,0,0.0590515739610214,0
615,BENIGN,0,8,1167,145.88,1,1,2,0,7,2,0,0,2,2,1,1.0,0.0046,0.0066,0,0.0,0,0,0.023402169562313033,0
616,BENIGN,0,9,905,100.56,1,1,2,0,7,2,1,0,2,2,1,1.0,0.005,0.0063,0,0.0,0,0,0.215841830119924,1
617,STEALTH_WEB,1,18,2032,112.89,3,3,3,0,15,5,0,0,3,4,3,1.0,0.0336,0.1163,1,0.9656361354049285,1,1,0.7042371345249144,0
618,BENIGN,0,95,18487,194.6,10,10,22,0,85,32,0,0,3,12,10,1.0,0.0071,0.0246,0,0.10434511928703576,0,1,0.9718545617716066,1
620,BENIGN,0,8,960,120.0,1,1,2,0,7,2,0,0,2,2,1,1.0,0.0046,0.0066,0,0.0,0,0,0.014636005317012384,0
621,BENIGN,0,11,2282,207.45,1,1,2,0,9,4,1,0,2,2,1,1.0,0.004,0.0037,0,0.0,0,0,0.2791728675039155,1
622,BENIGN,0,9,1342,149.11,1,1,2,0,8,3,0,0,2,2,1,1.0,0.004,0.005,0,0.0,0,0,0.0005800067604318181,1
623,BENIGN,0,8,987,123.38,1,1,2,0,7,2,0,0,2,2,1,1.0,0.0046,0.0066,0,0.0,0,0,0.015688001099037424,1
625,BENIGN,0,8,966,120.75,1,1,2,0,7,2,0,0,2,2,1,1.0,0.0046,0.0066,0,0.0,0,0,0.014859015562129988,0
626,BENIGN,0,10,2024,202.4,1,1,2,0,9,4,0,0,2,2,1,1.0,0.0036,0.0036,0,0.0011703531075200708,0,0,0.04080473072980452,0
627,BENIGN,0,9,1447,160.78,1,1,2,0,8,3,0,0,2,2,1,1.0,0.004,0.005,0,0.0,0,0,0.0006644718391321349,1
628,BENIGN,0,5,1112,222.4,1,1,0,0,4,2,0,0,2,2,1,1.0,0.0025,0.0026,0,0.04119351727240749,0,0,0.4238028819995786,0
629,BENIGN,0,3,120,40.0,0,0,2,0,3,0,0,0,2,2,0,0.0,0.001,0.0,0,0.023004300971034754,0,1,0.737416240478715,0
630,BENIGN,0,8,1040,130.0,1,1,2,0,7,2,0,0,2,2,1,1.0,0.0046,0.0066,0,0.0,0,0,0.013890135212257227,1
632,BENIGN,0,10,1414,141.4,1,1,2,0,9,4,0,0,2,2,1,1.0,0.0036,0.0036,0,0.0011703531075200708,0,0,0.05029936055586491,0
633,BENIGN,0,10,2683,268.3,1,1,2,0,9,4,0,0,2,2,1,1.0,0.0036,0.0036,0,0.0011703531075200708,0,0,0.08809131972317673,0
634,BENIGN,0,9,988,109.78,1,1,2,0,8,3,0,0,2,2,1,1.0,0.004,0.005,0,0.0,0,0,0.02295632766564759,0
635,BENIGN,0,5,1103,220.6,1,1,0,0,4,2,0,0,2,2,1,1.0,0.0025,0.0026,0,0.04119351727240749,0,0,0.4224843403602694,1
636,BENIGN,0,13,1809,139.15,1,1,4,0,12,4,0,0,2,3,1,1.0,0.0721,0.229,0,0.010237004934410775,0,1,0.6009000142265675,0
638,BENIGN,0,18,1639,91.06,2,2,4,0,15,5,1,0,3,3,2,1.0,0.0395,0.1401,0,0.4072267157917344,1,1,0.7033168062976839,0
639,BENIGN,0,9,1249,138.78,1,1,2,0,8,3,0,0,2,2,1,1.0,0.004,0.005,0,0.0,0,0,0.004757467095227901,1
640,BENIGN,0,9,1923,213.67,1,1,2,0,8,3,0,0,2,2,1,1.0,0.004,0.005,0,0.0,0,0,0.02917866626768136,0
642,BENIGN,0,9,1969,218.78,1,1,2,0,8,3,0,0,2,2,1,1.0,0.004,0.005,0,0.0,0,0,0.02993019008068172,0
644,BENIGN,0,8,974,121.75,1,1,2,0,7,2,0,0,2,2,1,1.0,0.0046,0.0066,0,0.0,0,0,0.014023886344392063,0
645,BENIGN,0,10,2535,253.5,1,1,2,0,9,4,0,0,2,2,1,1.0,0.0036,0.0036,0,0.0011703531075200708,0,0,0.0641213430490719,0
646,BENIGN,0,10,1678,167.8,1,1,2,0,9,4,0,0,2,2,1,1.0,0.0036,0.0036,0,0.0011703531075200708,0,0,0.03396635949809275,0
647,BENIGN,0,8,1153,144.12,1,1,2,0,7,2,0,0,2,2,1,1.0,0.0046,0.0066,0,0.0,0,0,0.022063807881047677,0
648,BENIGN,0,19,4255,223.95,2,2,4,0,17,7,0,0,3,3,2,1.0,0.0418,0.1567,0,0.05578796682931068,0,1,0.5528710711236906,1
649,BENIGN,0,10,2996,299.6,1,1,2,0,9,4,0,0,2,2,1,1.0,0.0036,0.0036,0,0.00558268451407113,0,0,0.14323408101424734,0
650,BENIGN,0,4,248,62.0,1,1,0,0,3,1,0,0,2,2,1,1.0,0.001,0.0,0,0.0937880681031818,1,1,0.5543168410321055,0
651,BENIGN,0,4,789,197.25,0,0,2,0,4,1,0,0,2,2,0,0.0,0.0073,0.009,0,0.17292303359931424,0,1,0.6550779431336549,0
652,BENIGN,0,10,1536,153.6,1,1,2,0,9,4,0,0,2,2,1,1.0,0.0036,0.0036,0,0.0011703531075200708,0,0,0.041745172675977965,1
653,BENIGN,0,10,2901,290.1,1,1,2,0,9,4,0,0,2,2,1,1.0,0.0036,0.0036,0,0.0011703531075200708,0,0,0.12841125708761192,0
655,BENIGN,0,9,1651,183.44,1,1,2,0,8,3,0,0,2,2,1,1.0,0.004,0.005,0,0.0,0,0,0.01127080090933138,0
657,BENIGN,0,9,1012,112.44,1,1,2,0,8,3,0,0,2,2,1,1.0,0.004,0.005,0,0.0,0,0,0.01980643065903357,1
658,BENIGN,0,18,2809,156.06,2,2,4,0,16,6,0,0,2,3,2,1.0,0.0459,0.1675,0,0.007556139417314693,0,0,0.4341749701832677,0
660,BENIGN,0,89,16139,181.34,10,10,20,0,79,29,0,0,2,11,10,1.0,0.0047,0.0063,0,0.06507160064233716,0,1,0.86509670413856,1
662,BENIGN,0,10,1776,177.6,1,1,2,0,8,3,1,0,2,2,1,1.0,0.0044,0.0049,0,0.00504426526675463,0,0,0.2006922588088074,0
663,BENIGN,0,10,2217,221.7,1,1,2,0,9,4,0,0,2,2,1,1.0,0.0036,0.0036,0,0.0011703531075200708,0,0,0.047372808973761386,0
665,BENIGN,0,17,2436,143.29,2,2,4,0,15,5,0,0,2,3,2,1.0,0.0425,0.1483,0,0.061270313868882306,0,0,0.48367047308598343,0
667,BENIGN,0,9,1108,123.11,1,1,2,0,8,3,0,0,2,2,1,1.0,0.004,0.005,0,0.0,0,0,0.012380885533290935,0
669,BENIGN,0,11,1237,112.45,1,1,2,0,9,4,1,0,2,2,1,1.0,0.004,0.0037,0,0.003001310615989516,0,0,0.2775300767589932,0
670,BENIGN,0,8,788,98.5,1,1,2,0,7,2,0,0,2,2,1,1.0,0.0046,0.0066,0,0.0,0,0,0.028858302618094023,0
671,BENIGN,0,8,789,98.62,1,1,2,0,7,2,0,0,2,2,1,1.0,0.0046,0.0066,0,0.0,0,0,0.028858302618094023,1
672,BENIGN,0,63,11743,186.4,7,7,14,0,56,21,0,0,2,8,7,1.0,0.005,0.0071,0,0.035413511517793914,0,1,0.7767450401897216,0
673,BENIGN,0,10,2638,263.8,1,1,2,0,9,4,0,0,2,2,1,1.0,0.0036,0.0036,0,0.0011703531075200708,0,0,0.0802684877273577,1
674,BENIGN,0,10,1161,116.1,1,1,2,0,9,4,0,0,2,2,1,1.0,0.0036,0.0036,0,0.0010008741258741266,0,0,0.07828602037678932,0
675,BENIGN,0,9,1103,122.56,1,1,2,0,8,3,0,0,2,2,1,1.0,0.004,0.005,0,0.0,0,0,0.013174391198938939,1
676,BENIGN,0,8,1198,149.75,1,1,2,0,7,2,0,0,2,2,1,1.0,0.0046,0.0066,0,0.0,0,0,0.027271178037660347,0
677,BENIGN,0,10,2039,203.9,1,1,2,0,9,4,0,0,2,2,1,1.0,0.0036,0.0036,0,0.0011703531075200708,0,0,0.04234584342022883,0
678,BENIGN,0,9,1840,204.44,1,1,2,0,8,3,0,0,2,2,1,1.0,0.004,0.005,0,0.0,0,0,0.022094273957648305,0
679,BENIGN,0,10,2888,288.8,1,1,2,0,9,4,0,0,2,2,1,1.0,0.0036,0.0036,0,0.0011703531075200708,0,0,0.12420983283081946,0
680,BENIGN,0,9,2081,231.22,1,1,2,0,8,3,0,0,2,2,1,1.0,0.004,0.005,0,0.0,0,0,0.04760217361091746,0
682,BENIGN,0,10,1961,196.1,1,1,2,0,9,4,0,0,2,2,1,1.0,0.0036,0.0036,0,0.0011703531075200708,0,0,0.03803985646512793,0
684,BENIGN,0,9,1991,221.22,1,1,2,0,8,3,0,0,2,2,1,1.0,0.004,0.005,0,0.0,0,0,0.033202555377099804,0
685,BENIGN,0,9,1237,137.44,1,1,2,0,8,3,0,0,2,2,1,1.0,0.004,0.005,0,0.0,0,0,0.005254495299073821,0
686,BENIGN,0,10,1520,152.0,1,1,2,0,9,4,0,0,2,2,1,1.0,0.0036,0.0036,0,0.0011703531075200708,0,0,0.04209745708155757,0
687,BENIGN,0,9,1133,125.89,1,1,2,0,8,3,0,0,2,2,1,1.0,0.004,0.005,0,0.0,0,0,0.013078391396349398,1
688,BENIGN,0,8,741,92.62,1,1,2,0,7,2,0,0,2,2,1,1.0,0.0046,0.0066,0,0.0,0,0,0.0300511127572861,0
689,BENIGN,0,2,80,40.0,1,1,0,0,1,0,0,0,2,2,1,1.0,0.001,0.0,0,0.10459699468232095,1,1,0.6378326871564187,0
690,BENIGN,0,17,3411,200.65,1,1,4,0,16,7,0,0,3,3,1,1.0,0.0591,0.2128,0,0.21026928497374459,0,1,0.6499733129689466,1
692,BENIGN,0,16,1788,111.75,2,2,4,0,14,4,0,0,3,3,2,1.0,0.0435,0.1457,1,0.5049470414789687,1,1,0.6116103805021861,1
694,BENIGN,0,11,2487,226.09,1,1,2,0,9,4,1,0,2,2,1,1.0,0.004,0.0037,0,0.0,0,0,0.2917730777454547,1
695,BENIGN,0,9,1062,118.0,1,1,2,0,7,2,1,0,2,2,1,1.0,0.005,0.0063,0,0.0,0,0,0.2189815285090475,0
696,BENIGN,0,8,853,106.62,1,1,2,0,7,2,0,0,2,2,1,1.0,0.0046,0.0066,0,0.0,0,0,0.021680495029349767,1
697,BENIGN,0,9,867,96.33,1,1,2,0,8,3,0,0,2,2,1,1.0,0.004,0.005,0,0.0,0,0,0.04410197803363549,0
698,BENIGN,0,9,1624,180.44,1,1,2,0,8,3,0,0,2,2,1,1.0,0.004,0.005,0,0.0,0,0,0.008517834355855455,0
700,BENIGN,0,9,1130,125.56,1,1,2,0,8,3,0,0,2,2,1,1.0,0.004,0.005,0,0.0,0,0,0.013078391396349398,1
701,BENIGN,0,9,1024,113.78,1,1,2,0,8,3,0,0,2,2,1,1.0,0.004,0.005,0,0.0,0,0,0.018397421092943216,1
702,HTTP_ATTACK,1,34,5005,147.21,5,5,6,0,29,12,0,0,3,6,5,1.0,0.0229,0.0559,1,0.9816940699969777,1,1,0.8442619064735686,0
703,HTTP_ATTACK,1,26,2961,113.88,4,4,5,0,22,8,0,0,3,5,4,1.0,0.0257,0.0626,1,0.9878405244616525,1,1,0.8004124532741468,1
704,HTTP_ATTACK,1,24,2553,106.38,4,4,4,0,20,8,0,0,2,5,4,1.0,0.035,0.0825,1,0.8483974577210722,1,1,0.7002584284357843,0
705,HTTP_ATTACK,1,34,4578,134.65,5,5,6,0,29,12,0,0,3,6,5,1.0,0.0262,0.0665,1,0.9898908096866661,1,1,0.8506061005421485,0
706,HTTP_ATTACK,1,14,1907,136.21,2,2,3,0,12,4,0,0,3,3,2,1.0,0.0063,0.0086,1,0.9554658125263589,1,0,0.524671385557557,0
707,BENIGN,0,8,914,114.25,1,1,2,0,7,2,0,0,2,2,1,1.0,0.0046,0.0066,0,0.0,0,0,0.014640889308819212,0
709,BENIGN,0,19,4063,213.84,2,2,4,0,16,6,1,0,2,3,2,1.0,0.0493,0.1857,0,0.004861879894968806,0,1,0.6485581745763703,0
711,BENIGN,0,10,2199,219.9,1,1,2,0,9,4,0,0,2,2,1,1.0,0.0036,0.0036,0,0.0011703531075200708,0,0,0.04685364351838295,0
712,BENIGN,0,10,1828,182.8,1,1,2,0,9,4,0,0,2,2,1,1.0,0.0036,0.0036,0,0.0011703531075200708,0,0,0.03364858797056232,0
713,BENIGN,0,8,709,88.62,1,1,2,0,7,2,0,0,2,2,1,1.0,0.0046,0.0066,0,0.0,0,0,0.03754183035264208,1
715,BENIGN,0,9,1189,132.11,1,1,2,0,8,3,0,0,2,2,1,1.0,0.004,0.005,0,0.0,0,0,0.006727370257304888,0
716,BENIGN,0,8,1290,161.25,1,1,2,0,7,2,0,0,2,2,1,1.0,0.0046,0.0066,0,0.0,0,0,0.05058053742907092,1
717,BENIGN,0,10,1890,189.0,1,1,2,0,9,4,0,0,2,2,1,1.0,0.0036,0.0036,0,0.0011703531075200708,0,0,0.03349483709837999,1
718,BENIGN,0,9,1509,167.67,1,1,2,0,8,3,0,0,2,2,1,1.0,0.004,0.005,0,0.0,0,0,0.0025070742399788816,1
720,BENIGN,0,11,1694,154.0,1,1,2,0,9,4,1,0,2,2,1,1.0,0.004,0.0037,0,0.0,0,0,0.2499942594557176,1
721,BENIGN,0,9,1740,193.33,1,1,2,0,8,3,0,0,2,2,1,1.0,0.004,0.005,0,0.0,0,0,0.01398596059361897,1
723,BENIGN,0,10,1493,149.3,1,1,2,0,9,4,0,0,2,2,1,1.0,0.0036,0.0036,0,0.0011703531075200708,0,0,0.04440587304084855,1
724,BENIGN,0,10,1944,194.4,1,1,2,0,9,4,0,0,2,2,1,1.0,0.0036,0.0036,0,0.0011703531075200708,0,0,0.03625210681622029,0
725,BENIGN,0,10,1265,126.5,1,1,2,0,9,4,0,0,2,2,1,1.0,0.0036,0.0036,0,0.0010008741258741266,0,0,0.06580265874466092,0
727,BENIGN,0,18,3495,194.17,2,2,4,0,16,6,0,0,2,3,2,1.0,0.0476,0.1743,0,0.0004495484884177462,0,0,0.4524350982564256,1
729,BENIGN,0,8,946,118.25,1,1,2,0,7,2,0,0,2,2,1,1.0,0.0046,0.0066,0,0.0,0,0,0.014367556014100771,0
730,BENIGN,0,11,1578,143.45,1,1,2,0,9,4,1,0,3,2,1,1.0,0.004,0.0037,0,0.061927193244262935,1,0,0.42010452785427577,0
731,BENIGN,0,8,1202,150.25,1,1,2,0,7,2,0,0,2,2,1,1.0,0.0046,0.0066,0,0.0,0,0,0.028698964904243878,1
733,BENIGN,0,10,1585,158.5,1,1,2,0,9,4,0,0,2,2,1,1.0,0.0036,0.0036,0,0.0011703531075200708,0,0,0.035651907654669836,1
735,BENIGN,0,18,3605,200.28,2,2,4,0,16,6,0,0,3,3,2,1.0,0.0463,0.1694,0,0.07108928234272537,1,1,0.5384156447262298,1
736,BENIGN,0,89,15930,178.99,10,10,20,0,79,29,0,0,2,11,10,1.0,0.0055,0.0075,0,0.013686542708070926,0,1,0.8664242240630875,0
737,BENIGN,0,9,1947,216.33,1,1,2,0,8,3,0,0,2,2,1,1.0,0.004,0.005,0,0.0,0,0,0.028723573777450894,0
738,BENIGN,0,9,1234,137.11,1,1,2,0,8,3,0,0,2,2,1,1.0,0.004,0.005,0,0.0,0,0,0.005254495299073821,0
740,BENIGN,0,9,1018,113.11,1,1,2,0,8,3,0,0,2,2,1,1.0,0.004,0.005,0,0.0,0,0,0.01980643065903357,0
741,BENIGN,0,10,1757,175.7,1,1,2,0,9,4,0,0,2,2,1,1.0,0.0036,0.0036,0,0.0011703531075200708,0,0,0.032879481164342056,0
743,BENIGN,0,10,2867,286.7,1,1,2,0,9,4,0,0,2,2,1,1.0,0.0036,0.0036,0,0.0011703531075200708,0,0,0.11611237305848311,0
744,BENIGN,0,10,2657,265.7,1,1,2,0,9,4,0,0,2,2,1,1.0,0.0036,0.0036,0,0.0011703531075200708,0,0,0.08303732692876374,0
746,BENIGN,0,11,1330,120.91,1,1,2,0,9,4,1,0,2,2,1,1.0,0.004,0.0037,0,0.003001310615989516,0,0,0.27303623981381525,0
747,BENIGN,0,15,2290,152.67,2,2,2,0,13,6,0,0,2,3,2,1.0,0.0494,0.1653,0,0.2510536529819425,0,1,0.5260609238369858,1
748,BENIGN,0,12,1178,98.17,1,1,4,0,11,3,0,0,3,3,1,1.0,0.0575,0.1712,0,0.3694146626058433,1,1,0.6793880791468908,0
750,BENIGN,0,74,14595,197.23,8,8,16,0,65,25,1,0,2,9,8,1.0,0.0043,0.0059,0,0.09215582029697528,0,1,0.8585037168202989,0
751,BENIGN,0,9,2085,231.67,1,1,2,0,8,3,0,0,2,2,1,1.0,0.004,0.005,0,0.0,0,0,0.04760217361091746,0
752,BENIGN,0,8,1216,152.0,1,1,2,0,7,2,0,0,2,2,1,1.0,0.0046,0.0066,0,0.0,0,0,0.029624984747285144,0
753,BENIGN,0,8,949,118.62,1,1,2,0,7,2,0,0,2,2,1,1.0,0.0046,0.0066,0,0.0,0,0,0.014751382202039347,0
754,BENIGN,0,10,2417,241.7,1,1,2,0,9,4,0,0,2,2,1,1.0,0.0036,0.0036,0,0.0011703531075200708,0,0,0.05472988039411934,0
755,BENIGN,0,16,3675,229.69,2,2,2,0,14,7,0,0,3,3,2,1.0,0.0444,0.153,0,0.344359736130668,1,1,0.6142224745019801,0
756,BENIGN,0,12,1304,108.67,1,1,4,0,11,3,0,0,2,3,1,1.0,0.0818,0.2479,0,0.040968572215725654,0,1,0.6158523037314216,0
757,BENIGN,0,5,784,156.8,1,1,0,0,4,2,0,0,2,2,1,1.0,0.0025,0.0026,0,0.041193517272407484,0,0,0.42139201288200395,0
758,BENIGN,0,4,204,51.0,0,0,2,0,3,0,1,0,2,2,0,0.0,0.0033,0.0033,0,0.058535354592638436,0,1,0.7564718444496906,0
759,BENIGN,0,10,2876,287.6,1,1,2,0,9,4,0,0,2,2,1,1.0,0.0036,0.0036,0,0.0011703531075200708,0,0,0.11507768276900518,0
760,BENIGN,0,10,2713,271.3,1,1,2,0,9,4,0,0,2,2,1,1.0,0.0036,0.0036,0,0.0011703531075200708,0,0,0.08909278913867358,0
761,BENIGN,0,10,2881,288.1,1,1,2,0,9,4,0,0,2,2,1,1.0,0.0036,0.0036,0,0.0011703531075200708,0,0,0.11738453208910654,0
762,BENIGN,0,10,2879,287.9,1,1,2,0,9,4,0,0,2,2,1,1.0,0.0036,0.0036,0,0.0011703531075200708,0,0,0.1164238154456632,0
764,BENIGN,0,8,1132,141.5,1,1,2,0,7,2,0,0,2,2,1,1.0,0.0046,0.0066,0,0.0,0,0,0.021087056308944998,0
765,BENIGN,0,8,926,115.75,1,1,2,0,7,2,0,0,2,2,1,1.0,0.0046,0.0066,0,0.0,0,0,0.014640889308819212,0
767,BENIGN,0,81,15469,190.98,9,9,18,0,72,27,0,0,2,10,9,1.0,0.0058,0.0095,0,0.019141945740977814,0,1,0.8012666788543027,0
768,BENIGN,0,10,2792,279.2,1,1,2,0,9,4,0,0,2,2,1,1.0,0.0036,0.0036,0,0.0011703531075200708,0,0,0.11888571955775333,1
770,BENIGN,0,9,1084,120.44,1,1,2,0,8,3,0,0,2,2,1,1.0,0.004,0.005,0,0.0,0,0,0.0158929431971785,0
771,BENIGN,0,8,1151,143.88,1,1,2,0,7,2,0,0,2,2,1,1.0,0.0046,0.0066,0,0.0,0,0,0.020977589912508914,1
772,BENIGN,0,18,2805,155.83,2,2,4,0,16,6,0,0,2,3,2,1.0,0.0483,0.1774,0,0.013654980064580434,0,0,0.45104899787210884,0
774,BENIGN,0,8,707,88.38,1,1,2,0,7,2,0,0,2,2,1,1.0,0.0046,0.0066,0,0.0,0,0,0.03754183035264208,0
775,BENIGN,0,11,1567,142.45,1,1,2,0,9,4,1,0,3,2,1,1.0,0.004,0.0037,0,0.061927193244262935,1,0,0.42204185216758744,0
776,BENIGN,0,10,1803,180.3,1,1,2,0,9,4,0,0,2,2,1,1.0,0.0036,0.0036,0,0.0011703531075200708,0,0,0.03442115876451445,0
778,BENIGN,0,8,1008,126.0,1,1,2,0,7,2,0,0,2,2,1,1.0,0.0046,0.0066,0,0.0,0,0,0.01496148749532594,0
780,BENIGN,0,8,1183,147.88,1,1,2,0,7,2,0,0,2,2,1,1.0,0.0046,0.0066,0,0.0,0,0,0.02475436563648315,1
781,BENIGN,0,9,1617,179.67,1,1,2,0,8,3,0,0,2,2,1,1.0,0.004,0.005,0,0.0,0,0,0.008918525167471361,0
782,BENIGN,0,8,876,109.5,1,1,2,0,7,2,0,0,2,2,1,1.0,0.0046,0.0066,0,0.0,0,0,0.02152681614413123,0
783,BENIGN,0,16,3900,243.75,2,2,2,0,14,7,0,0,2,3,2,1.0,0.0458,0.1591,0,0.051456211608153654,0,1,0.5502975425512283,0
784,BENIGN,0,4,204,51.0,0,0,2,0,3,0,1,0,2,2,0,0.0,0.0033,0.0033,0,0.058535354592638436,0,1,0.7564718444496906,1
785,BENIGN,0,10,2500,250.0,1,1,2,0,9,4,0,0,2,2,1,1.0,0.0036,0.0036,0,0.0011703531075200708,0,0,0.05968752127579731,0
786,BENIGN,0,5,1106,221.2,1,1,0,0,4,2,0,0,2,2,1,1.0,0.0025,0.0026,0,0.04119351727240749,0,0,0.4238028819995786,1
787,BENIGN,0,3,120,40.0,0,0,2,0,3,0,0,0,2,2,0,0.0,0.001,0.0,0,0.023004300971034754,0,1,0.737416240478715,1
788,BENIGN,0,10,2513,251.3,1,1,2,0,9,4,0,0,2,2,1,1.0,0.0036,0.0036,0,0.0011703531075200708,0,0,0.060850422044704804,0
789,BENIGN,0,8,1060,132.5,1,1,2,0,7,2,0,0,2,2,1,1.0,0.0046,0.0066,0,0.0,0,0,0.01528987831594742,0
791,BENIGN,0,9,1380,153.33,1,1,2,0,8,3,0,0,2,2,1,1.0,0.004,0.005,0,0.0,0,0,0.0009742172939565372,1
792,BENIGN,0,10,1323,132.3,1,1,2,0,9,4,0,0,2,2,1,1.0,0.0036,0.0036,0,0.0010008741258741266,0,0,0.05579182654692054,1
793,BENIGN,0,8,1213,151.62,1,1,2,0,7,2,0,0,2,2,1,1.0,0.0046,0.0066,0,0.0,0,0,0.028118239463430634,0
794,BENIGN,0,10,2279,227.9,1,1,2,0,9,4,0,0,2,2,1,1.0,0.0036,0.0036,0,0.0011703531075200708,0,0,0.05036935604839783,1
795,BENIGN,0,10,2981,298.1,1,1,2,0,9,4,0,0,2,2,1,1.0,0.0036,0.0036,0,0.00558268451407113,0,0,0.14323408101424734,1
796,BENIGN,0,9,1813,201.44,1,1,2,0,8,3,0,0,2,2,1,1.0,0.004,0.005,0,0.0,0,0,0.01831175815837135,0
797,BENIGN,0,9,1013,112.56,1,1,2,0,8,3,0,0,2,2,1,1.0,0.004,0.005,0,0.0,0,0,0.01980643065903357,0
798,BENIGN,0,10,1443,144.3,1,1,2,0,9,4,0,0,2,2,1,1.0,0.0036,0.0036,0,0.0011703531075200708,0,0,0.046589134578606695,1
799,BENIGN,0,9,1228,136.44,1,1,2,0,8,3,0,0,2,2,1,1.0,0.004,0.005,0,0.0,0,0,0.005846601017568713,0
801,ICMP_FLOOD,1,155,80103,516.79,1,1,2,0,8,3,146,0,3,2,1,1.0,0.0056,0.0012,1,0.9375943950852685,1,1,0.7445255680677353,0
802,ICMP_FLOOD,1,175,96034,548.77,1,1,2,0,7,2,167,0,3,2,1,1.0,0.0057,0.0011,1,0.9168704726308851,1,1,0.7608133196738048,1
803,ICMP_FLOOD,1,176,101341,575.8,1,1,2,0,9,4,166,0,3,2,1,1.0,0.0057,0.0012,1,0.9336621157876263,1,1,0.7276010565836314,0
804,ICMP_FLOOD,1,22,11677,530.77,0,0,0,0,0,0,22,0,1,0,0,0.0,0.006,0.0,1,0.5200501092988218,0,1,0.8195990289784749,1
805,BENIGN,0,10,1335,133.5,1,1,2,0,9,4,0,0,2,2,1,1.0,0.0036,0.0036,0,0.0011703531075200708,0,0,0.05388108294564738,0
806,BENIGN,0,9,949,105.44,1,1,2,0,8,3,0,0,2,2,1,1.0,0.004,0.005,0,0.0,0,0,0.02295632766564759,0
807,BENIGN,0,9,1910,212.22,1,1,2,0,8,3,0,0,2,2,1,1.0,0.004,0.005,0,0.0,0,0,0.02953409042603528,0
808,BENIGN,0,9,1880,208.89,1,1,2,0,8,3,0,0,2,2,1,1.0,0.004,0.005,0,0.0,0,0,0.02509170572591248,0
809,BENIGN,0,10,2849,284.9,1,1,2,0,9,4,0,0,2,2,1,1.0,0.0036,0.0036,0,0.0011703531075200708,0,0,0.11398396747287574,0
811,BENIGN,0,8,1233,154.12,1,1,2,0,7,2,0,0,2,2,1,1.0,0.0046,0.0066,0,0.0,0,0,0.036432330702977626,0
812,BENIGN,0,8,1061,132.62,1,1,2,0,7,2,0,0,2,2,1,1.0,0.0046,0.0066,0,0.0,0,0,0.01528987831594742,0
813,BENIGN,0,9,1436,159.56,1,1,2,0,8,3,0,0,2,2,1,1.0,0.004,0.005,0,0.0,0,0,0.0022766713823464567,1
814,BENIGN,0,8,1028,128.5,1,1,2,0,7,2,0,0,2,2,1,1.0,0.0046,0.0066,0,0.0,0,0,0.014831330252815016,0
815,BENIGN,0,9,1992,221.33,1,1,2,0,8,3,0,0,2,2,1,1.0,0.004,0.005,0,0.0,0,0,0.033202555377099804,0
817,BENIGN,0,9,1786,198.44,1,1,2,0,8,3,0,0,2,2,1,1.0,0.004,0.005,0,0.0,0,0,0.016359447909420663,1
818,BENIGN,0,8,892,111.5,1,1,2,0,7,2,0,0,2,2,1,1.0,0.0046,0.0066,0,0.0,0,0,0.016940110613817665,0
819,BENIGN,0,8,705,88.12,1,1,2,0,7,2,0,0,2,2,1,1.0,0.0046,0.0066,0,0.0,0,0,0.03754183035264208,0
821,BENIGN,0,20,2675,133.75,2,2,4,0,17,7,1,0,2,3,2,1.0,0.0429,0.1652,0,0.11020536861476271,0,1,0.6304801510174423,0
822,BENIGN,0,10,2886,288.6,1,1,2,0,9,4,0,0,2,2,1,1.0,0.0036,0.0036,0,0.0011703531075200708,0,0,0.12391099815608073,0
824,BENIGN,0,8,1044,130.5,1,1,2,0,7,2,0,0,2,2,1,1.0,0.0046,0.0066,0,0.0,0,0,0.014104814761437474,0
825,BENIGN,0,8,864,108.0,1,1,2,0,7,2,0,0,2,2,1,1.0,0.0046,0.0066,0,0.0,0,0,0.02221533076371314,1
826,BENIGN,0,10,2684,268.4,1,1,2,0,9,4,0,0,2,2,1,1.0,0.0036,0.0036,0,0.0011703531075200708,0,0,0.08809131972317673,0
828,BENIGN,0,11,2663,242.09,1,1,2,0,9,4,1,0,3,2,1,1.0,0.004,0.0037,0,0.09973116731379301,1,0,0.4894765306327562,0
830,BENIGN,0,8,857,107.12,1,1,2,0,7,2,0,0,2,2,1,1.0,0.0046,0.0066,0,0.0,0,0,0.021680495029349767,0
831,BENIGN,0,8,1256,157.0,1,1,2,0,7,2,0,0,2,2,1,1.0,0.0046,0.0066,0,0.0,0,0,0.04435100618305992,1
832,BENIGN,0,9,1196,132.89,1,1,2,0,8,3,0,0,2,2,1,1.0,0.004,0.005,0,0.0,0,0,0.006727370257304888,1
833,BENIGN,0,11,1710,155.45,1,1,2,0,9,4,1,0,2,2,1,1.0,0.004,0.0037,0,0.0,0,0,0.24888885159365953,0
834,BENIGN,0,8,1231,153.88,1,1,2,0,7,2,0,0,2,2,1,1.0,0.0046,0.0066,0,0.0,0,0,0.03479339652582534,0
835,BENIGN,0,8,874,109.25,1,1,2,0,7,2,0,0,2,2,1,1.0,0.0046,0.0066,0,0.0,0,0,0.02152681614413123,0
836,BENIGN,0,10,2323,232.3,1,1,2,0,9,4,0,0,2,2,1,1.0,0.0036,0.0036,0,0.0011703531075200708,0,0,0.05423667454585442,0
837,BENIGN,0,10,2740,274.0,1,1,2,0,9,4,0,0,2,2,1,1.0,0.0036,0.0036,0,0.0011703531075200708,0,0,0.10158882717723225,0
838,BENIGN,0,9,1233,137.0,1,1,2,0,8,3,0,0,2,2,1,1.0,0.004,0.005,0,0.0,0,0,0.005254495299073821,0
839,BENIGN,0,9,1236,137.33,1,1,2,0,8,3,0,0,2,2,1,1.0,0.004,0.005,0,0.0,0,0,0.005254495299073821,1
840,BENIGN,0,10,1168,116.8,1,1,2,0,9,4,0,0,2,2,1,1.0,0.0036,0.0036,0,0.0010008741258741266,0,0,0.07233455618382265,0
841,BENIGN,0,8,869,108.62,1,1,2,0,7,2,0,0,2,2,1,1.0,0.0046,0.0066,0,0.0,0,0,0.02221533076371314,1
842,BENIGN,0,10,1639,163.9,1,1,2,0,9,4,0,0,2,2,1,1.0,0.0036,0.0036,0,0.0011703531075200708,0,0,0.03066148575215417,0
843,BENIGN,0,9,1585,176.11,1,1,2,0,8,3,0,0,2,2,1,1.0,0.004,0.005,0,0.0,0,0,0.0066027877797628755,0
844,BENIGN,0,11,2354,214.0,1,1,2,0,9,4,1,0,2,2,1,1.0,0.004,0.0037,0,0.0,0,0,0.2820650924686092,0
845,BENIGN,0,8,1095,136.88,1,1,2,0,7,2,0,0,2,2,1,1.0,0.0046,0.0066,0,0.0,0,0,0.019406856496141135,0
846,BENIGN,0,9,1011,112.33,1,1,2,0,8,3,0,0,2,2,1,1.0,0.004,0.005,0,0.0,0,0,0.01980643065903357,1
847,BENIGN,0,4,342,85.5,1,1,0,0,3,1,0,0,2,2,1,1.0,0.001,0.0,0,0.06745967587967326,0,1,0.5271530611491914,0
848,BENIGN,0,4,658,164.5,0,0,2,0,4,1,0,0,2,2,0,0.0,0.0073,0.009,0,0.19407500224744503,0,1,0.6612922258666608,0
849,BENIGN,0,10,2407,240.7,1,1,2,0,9,4,0,0,2,2,1,1.0,0.0036,0.0036,0,0.0011703531075200708,0,0,0.053900717515671354,0
850,BENIGN,0,8,1115,139.38,1,1,2,0,7,2,0,0,2,2,1,1.0,0.0046,0.0066,0,0.0,0,0,0.01955855628326205,0
851,BENIGN,0,9,905,100.56,1,1,2,0,8,3,0,0,2,2,1,1.0,0.004,0.005,0,0.0,0,0,0.0331925179277772,0
852,BENIGN,0,9,1973,219.22,1,1,2,0,8,3,0,0,2,2,1,1.0,0.004,0.005,0,0.0,0,0,0.029207871991784557,0
853,BENIGN,0,7,1742,248.86,1,1,0,0,6,4,0,0,2,2,1,1.0,0.003,0.0022,0,0.18873279679446578,0,0,0.2706323860693529,1
854,BENIGN,0,4,204,51.0,0,0,2,0,3,0,1,0,2,2,0,0.0,0.0033,0.0033,0,0.058535354592638436,0,1,0.7564718444496906,0
855,BENIGN,0,8,807,100.88,1,1,2,0,7,2,0,0,2,2,1,1.0,0.0046,0.0066,0,0.0,0,0,0.02762608606678448,0
856,BENIGN,0,9,1143,127.0,1,1,2,0,8,3,0,0,2,2,1,1.0,0.004,0.005,0,0.0,0,0,0.012978219529063136,1
857,BENIGN,0,1,40,40.0,1,0,0,0,0,0,0,0,1,1,1,1.0,1.0,0.0,1,0.9081349030783532,1,1,0.7064778804196928,1
858,BENIGN,0,8,980,122.5,0,1,2,0,8,3,0,0,2,2,0,0.0,0.0044,0.0052,0,0.0,0,0,0.43689074655654614,0
859,BENIGN,0,10,1387,138.7,1,1,2,0,9,4,0,0,2,2,1,1.0,0.0036,0.0036,0,0.0011703531075200708,0,0,0.05313445272784925,1
860,BENIGN,0,11,1669,151.73,1,1,2,0,9,4,1,0,3,2,1,1.0,0.004,0.0037,0,0.07075185605736506,1,0,0.4086839027213277,0
861,BENIGN,0,8,839,104.88,1,1,2,0,7,2,0,0,2,2,1,1.0,0.0046,0.0066,0,0.0,0,0,0.023603974961471725,0
863,BENIGN,0,10,2745,274.5,1,1,2,0,9,4,0,0,2,2,1,1.0,0.0036,0.0036,0,0.0011703531075200708,0,0,0.10106691949142499,1
864,BENIGN,0,8,713,89.12,1,1,2,0,7,2,0,0,2,2,1,1.0,0.0046,0.0066,0,0.0,0,0,0.035591753998871746,0
866,BENIGN,0,10,1859,185.9,1,1,2,0,9,4,0,0,2,2,1,1.0,0.0036,0.0036,0,0.0011703531075200708,0,0,0.03400496096072665,0
867,BENIGN,0,10,2013,201.3,1,1,2,0,8,3,1,0,2,2,1,1.0,0.0044,0.0049,0,0.00504426526675463,0,0,0.23160192715204742,0
868,BENIGN,0,10,1166,116.6,1,1,2,0,9,4,0,0,2,2,1,1.0,0.0036,0.0036,0,0.0010008741258741266,0,0,0.07233455618382265,1
869,BENIGN,0,9,1106,122.89,1,1,2,0,8,3,0,0,2,2,1,1.0,0.004,0.005,0,0.0,0,0,0.012380885533290935,0
870,BENIGN,0,9,1304,144.89,1,1,2,0,8,3,0,0,2,2,1,1.0,0.004,0.005,0,0.0,0,0,0.003943057942105674,1
871,BENIGN,0,8,1151,143.88,1,1,2,0,7,2,0,0,2,2,1,1.0,0.0046,0.0066,0,0.0,0,0,0.020977589912508914,0
872,BENIGN,0,10,2569,256.9,1,1,2,0,9,4,0,0,2,2,1,1.0,0.0036,0.0036,0,0.0011703531075200708,0,0,0.06962116674996632,1
874,BENIGN,0,9,1933,214.78,1,1,2,0,8,3,0,0,2,2,1,1.0,0.004,0.005,0,0.0,0,0,0.029445448221442412,0
875,BENIGN,0,9,1557,173.0,1,1,2,0,8,3,0,0,2,2,1,1.0,0.004,0.005,0,0.0,0,0,0.005587043107433844,0
876,BENIGN,0,10,1742,174.2,1,1,2,0,9,4,0,0,2,2,1,1.0,0.0036,0.0036,0,0.0011703531075200708,0,0,0.030244365156978446,0
877,BENIGN,0,9,1719,191.0,1,1,2,0,8,3,0,0,2,2,1,1.0,0.004,0.005,0,0.0,0,0,0.014166261558224483,0
878,BENIGN,0,9,1802,200.22,1,1,2,0,8,3,0,0,2,2,1,1.0,0.004,0.005,0,0.0,0,0,0.01744741529915662,0
879,BENIGN,0,8,946,118.25,1,1,2,0,7,2,0,0,2,2,1,1.0,0.0046,0.0066,0,0.0,0,0,0.014367556014100771,0
881,BENIGN,0,11,1572,142.91,1,1,2,0,9,4,1,0,3,2,1,1.0,0.004,0.0037,0,0.061927193244262935,1,0,0.4205035797238578,0
882,BENIGN,0,8,897,112.12,1,1,2,0,7,2,0,0,2,2,1,1.0,0.0046,0.0066,0,0.0,0,0,0.01547990470566967,0
883,BENIGN,0,85,16010,188.35,10,10,18,0,75,28,0,0,2,11,10,1.0,0.0061,0.0091,0,0.009549699751673002,0,1,0.8531652180306958,0
884,BENIGN,0,6,1560,260.0,0,0,2,0,6,3,0,0,2,2,0,0.0,0.0058,0.0056,0,0.28010152793779036,0,1,0.5778374421988464,1
885,BENIGN,0,9,1013,112.56,1,1,2,0,7,2,1,0,2,2,1,1.0,0.005,0.0063,0,0.0,0,0,0.2151032938028877,1
886,BENIGN,0,10,1709,170.9,1,1,2,0,9,4,0,0,2,2,1,1.0,0.0036,0.0036,0,0.0011703531075200708,0,0,0.033433466010617474,1
888,BENIGN,0,10,1745,174.5,1,1,2,0,9,4,0,0,2,2,1,1.0,0.0036,0.0036,0,0.0011703531075200708,0,0,0.03215446382853759,1
889,BENIGN,0,8,934,116.75,1,1,2,0,7,2,0,0,2,2,1,1.0,0.0046,0.0066,0,0.0,0,0,0.01411742881073348,0
891,BENIGN,0,17,2846,167.41,2,2,4,0,15,5,0,0,3,3,2,1.0,0.0403,0.1399,0,0.3779014654428765,1,1,0.5607866904710295,1
893,BENIGN,0,9,1396,155.11,1,1,2,0,8,3,0,0,2,2,1,1.0,0.004,0.005,0,0.0,0,0,0.0010620007410465611,1
894,BENIGN,0,9,949,105.44,1,1,2,0,7,2,1,0,2,2,1,1.0,0.005,0.0063,0,0.0,0,0,0.2132779330911361,0
896,BENIGN,0,9,972,108.0,1,1,2,0,8,3,0,0,2,2,1,1.0,0.004,0.005,0,0.0,0,0,0.02295632766564759,0
897,BENIGN,0,10,1841,184.1,1,1,2,0,9,4,0,0,2,2,1,1.0,0.0036,0.0036,0,0.0011703531075200708,0,0,0.033756555323003756,1
898,BENIGN,0,9,796,88.44,1,1,2,0,7,2,1,0,2,2,1,1.0,0.005,0.0063,0,0.0,0,0,0.23916063274324914,0
900,BENIGN,0,8,695,86.88,1,1,2,0,7,2,0,0,2,2,1,1.0,0.0046,0.0066,0,0.0,0,0,0.04043250964743471,1
901,BENIGN,0,10,2444,244.4,1,1,2,0,9,4,0,0,2,2,1,1.0,0.0036,0.0036,0,0.0011703531075200708,0,0,0.057097199085731465,0
903,BENIGN,0,9,1672,185.78,1,1,2,0,8,3,0,0,2,2,1,1.0,0.004,0.005,0,0.0,0,0,0.012428326567390607,1
904,BENIGN,0,10,1678,167.8,1,1,2,0,9,4,0,0,2,2,1,1.0,0.0036,0.0036,0,0.0011703531075200708,0,0,0.03396635949809275,1
905,BENIGN,0,9,1307,145.22,1,1,2,0,8,3,0,0,2,2,1,1.0,0.004,0.005,0,0.0,0,0,0.003943057942105674,1
906,BENIGN,0,10,2752,275.2,1,1,2,0,9,4,0,0,2,2,1,1.0,0.0036,0.0036,0,0.0011703531075200708,0,0,0.10279794519390281,1
907,BENIGN,0,10,1346,134.6,1,1,2,0,9,4,0,0,2,2,1,1.0,0.0036,0.0036,0,0.0011703531075200708,0,0,0.05207882816427868,0
908,BENIGN,0,8,834,104.25,1,1,2,0,7,2,0,0,2,2,1,1.0,0.0046,0.0066,0,0.0,0,0,0.025854105740628606,0
909,BENIGN,0,9,1287,143.0,1,1,2,0,8,3,0,0,2,2,1,1.0,0.004,0.005,0,0.0,0,0,0.004776579530109954,0
911,BENIGN,0,9,1803,200.33,1,1,2,0,8,3,0,0,2,2,1,1.0,0.004,0.005,0,0.0,0,0,0.01744741529915662,1
912,BENIGN,0,8,712,89.0,1,1,2,0,7,2,0,0,2,2,1,1.0,0.0046,0.0066,0,0.0,0,0,0.035591753998871746,0
913,BENIGN,0,19,2989,157.32,2,2,4,0,16,6,1,0,2,3,2,1.0,0.0046,0.005,0,0.2031054876253906,0,1,0.5823978164390856,0
914,BENIGN,0,45,8400,186.67,5,5,10,0,40,15,0,0,2,6,5,1.0,0.0037,0.0048,0,0.0976879629277227,0,1,0.7838447700093849,1
915,BENIGN,0,61,11306,185.34,7,7,12,0,54,22,0,0,2,8,7,1.0,0.0056,0.009,0,0.0851475990699926,0,1,0.7798510547978048,1
916,BENIGN,0,39,6840,175.38,4,4,10,0,35,12,0,0,2,6,4,1.0,0.0066,0.0109,0,0.14612971691894341,0,1,0.7946774183392441,0
917,BENIGN,0,9,2012,223.56,1,1,2,0,8,3,0,0,2,2,1,1.0,0.004,0.005,0,0.0,0,0,0.03894671368385314,1
918,BENIGN,0,8,967,120.88,1,1,2,0,7,2,0,0,2,2,1,1.0,0.0046,0.0066,0,0.0,0,0,0.014859015562129988,0
919,BENIGN,0,8,1137,142.12,1,1,2,0,7,2,0,0,2,2,1,1.0,0.0046,0.0066,0,0.0,0,0,0.020271261743876973,1
920,BENIGN,0,9,1328,147.56,1,1,2,0,8,3,0,0,2,2,1,1.0,0.004,0.005,0,0.0,0,0,0.00224040607575138,1
921,BENIGN,0,10,2541,254.1,1,1,2,0,9,4,0,0,2,2,1,1.0,0.0036,0.0036,0,0.0011703531075200708,0,0,0.06456551635188108,0
922,BENIGN,0,8,771,96.38,1,1,2,0,7,2,0,0,2,2,1,1.0,0.0046,0.0066,0,0.0,0,0,0.029962598524918154,0
924,BENIGN,0,8,966,120.75,1,1,2,0,7,2,0,0,2,2,1,1.0,0.0046,0.0066,0,0.0,0,0,0.014859015562129988,1
925,BENIGN,0,8,988,123.5,1,1,2,0,7,2,0,0,2,2,1,1.0,0.0046,0.0066,0,0.0,0,0,0.015688001099037424,0
926,BENIGN,0,8,727,90.88,1,1,2,0,7,2,0,0,2,2,1,1.0,0.0046,0.0066,0,0.0,0,0,0.03689945256631049,0
927,BENIGN,0,8,873,109.12,1,1,2,0,7,2,0,0,2,2,1,1.0,0.0046,0.0066,0,0.0,0,0,0.02152681614413123,1
928,BENIGN,0,8,896,112.0,1,1,2,0,7,2,0,0,2,2,1,1.0,0.0046,0.0066,0,0.0,0,0,0.01547990470566967,0
929,BENIGN,0,11,2523,229.36,1,1,2,0,9,4,1,0,3,2,1,1.0,0.004,0.0037,0,0.0902558910110958,1,0,0.4674177339760163,0
930,BENIGN,0,10,1143,114.3,1,1,2,0,9,4,0,0,2,2,1,1.0,0.0036,0.0036,0,0.0010008741258741266,0,0,0.07839517640121439,0
931,BENIGN,0,10,2683,268.3,1,1,2,0,9,4,0,0,2,2,1,1.0,0.0036,0.0036,0,0.0011703531075200708,0,0,0.08809131972317673,0
932,BENIGN,0,10,1640,164.0,1,1,2,0,9,4,0,0,2,2,1,1.0,0.0036,0.0036,0,0.0011703531075200708,0,0,0.03066148575215417,0
933,BENIGN,0,9,1183,131.44,1,1,2,0,8,3,0,0,2,2,1,1.0,0.004,0.005,0,0.0,0,0,0.007482582603906674,0
934,BENIGN,0,11,1281,116.45,1,1,2,0,9,4,1,0,2,2,1,1.0,0.004,0.0037,0,0.003001310615989516,0,0,0.2759986674207519,0
935,BENIGN,0,8,900,112.5,1,1,2,0,7,2,0,0,2,2,1,1.0,0.0046,0.0066,0,0.0,0,0,0.017424777195106548,1
936,BENIGN,0,55,10107,183.76,6,6,12,0,49,19,0,0,2,7,6,1.0,0.0058,0.009,0,0.041001653818446775,0,1,0.7821257393006522,0
937,BENIGN,0,36,6760,187.78,4,4,8,0,32,12,0,0,3,5,4,1.0,0.0254,0.1166,0,0.25117315393574335,1,1,0.8546992936185569,0
938,BENIGN,0,8,695,86.88,1,1,2,0,7,2,0,0,2,2,1,1.0,0.0046,0.0066,0,0.0,0,0,0.04043250964743471,1
939,BENIGN,0,9,1597,177.44,1,1,2,0,8,3,0,0,2,2,1,1.0,0.004,0.005,0,0.0,0,0,0.0066027877797628755,1
940,BENIGN,0,9,1679,186.56,1,1,2,0,8,3,0,0,2,2,1,1.0,0.004,0.005,0,0.0,0,0,0.013191861773008745,0
942,BENIGN,0,8,1212,151.5,1,1,2,0,7,2,0,0,2,2,1,1.0,0.0046,0.0066,0,0.0,0,0,0.028118239463430634,0
943,BENIGN,0,11,2367,215.18,1,1,2,0,9,4,1,0,2,2,1,1.0,0.004,0.0037,0,0.0,0,0,0.2820650924686092,0
944,BENIGN,0,19,3609,189.95,2,2,4,0,17,7,0,0,3,3,2,1.0,0.0373,0.1384,0,0.06247361470390035,1,1,0.5293640977661486,0
945,BENIGN,0,10,2388,238.8,1,1,2,0,9,4,0,0,2,2,1,1.0,0.0036,0.0036,0,0.0011703531075200708,0,0,0.05291870364263564,0
946,BENIGN,0,10,2873,287.3,1,1,2,0,9,4,0,0,2,2,1,1.0,0.0036,0.0036,0,0.0011703531075200708,0,0,0.11615630565708333,0
947,BENIGN,0,9,1223,135.89,1,1,2,0,8,3,0,0,2,2,1,1.0,0.004,0.005,0,0.0,0,0,0.005846601017568713,0
948,BENIGN,0,11,2150,195.45,1,1,2,0,9,4,1,0,2,2,1,1.0,0.004,0.0037,0,0.0,0,0,0.2643597041063404,0
949,BENIGN,0,10,2442,244.2,1,1,2,0,9,4,0,0,2,2,1,1.0,0.0036,0.0036,0,0.0011703531075200708,0,0,0.057097199085731465,0
950,BENIGN,0,8,1111,138.88,1,1,2,0,7,2,0,0,2,2,1,1.0,0.0046,0.0066,0,0.0,0,0,0.019613202439164812,0
952,BENIGN,0,10,1856,185.6,1,1,2,0,9,4,0,0,2,2,1,1.0,0.0036,0.0036,0,0.0011703531075200708,0,0,0.03391720359623648,0
953,CONN_FLOOD,1,87,6951,79.9,11,11,20,0,76,24,0,0,3,12,11,1.0,0.0043,0.0058,1,0.8453635996482569,1,1,0.980002545205993,0
954,CONN_FLOOD,1,200,12500,62.5,25,25,50,0,175,50,0,0,2,27,25,1.0,0.0049,0.0062,1,0.9381827776834547,1,1,0.9581266442482804,0
955,CONN_FLOOD,1,208,13644,65.6,26,26,52,0,182,52,0,0,3,28,26,1.0,0.0047,0.0061,1,0.9795647827275777,1,1,0.9974977135953134,0
956,CONN_FLOOD,1,140,9661,69.01,17,17,36,0,123,35,0,0,3,19,17,1.0,0.0046,0.0059,1,0.9708340240996027,1,1,0.9974977135953134,0
957,BENIGN,0,10,1927,192.7,1,1,2,0,9,4,0,0,2,2,1,1.0,0.0036,0.0036,0,0.0011703531075200708,0,0,0.03342477110109081,0
958,BENIGN,0,9,1133,125.89,1,1,2,0,8,3,0,0,2,2,1,1.0,0.004,0.005,0,0.0,0,0,0.013078391396349398,0
959,BENIGN,0,9,1581,175.67,1,1,2,0,8,3,0,0,2,2,1,1.0,0.004,0.005,0,0.0,0,0,0.0066027877797628755,0
960,BENIGN,0,8,760,95.0,1,1,2,0,7,2,0,0,2,2,1,1.0,0.0046,0.0066,0,0.0,0,0,0.028235131262517237,0
961,BENIGN,0,53,9613,181.38,6,6,12,0,47,17,0,0,2,7,6,1.0,0.005,0.0061,0,0.024215748881372554,0,1,0.7691138373723588,0
962,BENIGN,0,36,6720,186.67,4,4,8,0,32,12,0,0,2,5,4,1.0,0.0047,0.006,0,0.06696471859774579,0,1,0.7812744268518613,1
963,BENIGN,0,10,1543,154.3,1,1,2,0,9,4,0,0,2,2,1,1.0,0.0036,0.0036,0,0.0011703531075200708,0,0,0.04088101603152811,0
964,BENIGN,0,10,2943,294.3,1,1,2,0,9,4,0,0,2,2,1,1.0,0.0036,0.0036,0,0.00558268451407113,0,0,0.13741336527968617,1
965,BENIGN,0,18,2935,163.06,2,2,4,0,16,6,0,0,2,3,2,1.0,0.0387,0.1387,0,0.03106063852028071,0,0,0.4374588335173481,0
967,BENIGN,0,9,1694,188.22,1,1,2,0,8,3,0,0,2,2,1,1.0,0.004,0.005,0,0.0,0,0,0.012137820095445085,0
968,BENIGN,0,9,1036,115.11,1,1,2,0,8,3,0,0,2,2,1,1.0,0.004,0.005,0,0.0,0,0,0.018397421092943216,1
969,BENIGN,0,9,1525,169.44,1,1,2,0,8,3,0,0,2,2,1,1.0,0.004,0.005,0,0.0,0,0,0.00685820262676026,0
971,BENIGN,0,9,1729,192.11,1,1,2,0,8,3,0,0,2,2,1,1.0,0.004,0.005,0,0.0,0,0,0.01344339712587824,1
972,BENIGN,0,9,1985,220.56,1,1,2,0,8,3,0,0,2,2,1,1.0,0.004,0.005,0,0.0,0,0,0.02894117039484357,0
974,BENIGN,0,10,2096,209.6,1,1,2,0,8,3,1,0,2,2,1,1.0,0.0044,0.0049,0,0.00504426526675463,0,0,0.2434922057235207,0
975,BENIGN,0,10,1936,193.6,1,1,2,0,9,4,0,0,2,2,1,1.0,0.0036,0.0036,0,0.0011703531075200708,0,0,0.03474491818461723,0
976,BENIGN,0,9,1441,160.11,1,1,2,0,8,3,0,0,2,2,1,1.0,0.004,0.005,0,0.0,0,0,0.0006644718391321349,0
977,BENIGN,0,10,1138,113.8,2,2,2,0,8,2,0,0,2,3,2,1.0,0.0932,0.252,0,0.1884898443785982,1,1,0.6181510610206331,0
978,BENIGN,0,8,1508,188.5,0,0,2,0,8,4,0,0,2,2,0,0.0,0.0043,0.0038,0,0.02828637887494918,0,0,0.5109849854051597,1
979,BENIGN,0,8,615,76.88,1,1,2,0,7,2,0,0,2,2,1,1.0,0.0046,0.0066,0,0.02141115346319512,0,0,0.07073486386900706,0
980,BENIGN,0,8,1095,136.88,1,1,2,0,7,2,0,0,2,2,1,1.0,0.0046,0.0066,0,0.0,0,0,0.019406856496141135,0
981,BENIGN,0,8,1196,149.5,1,1,2,0,7,2,0,0,2,2,1,1.0,0.0046,0.0066,0,0.0,0,0,0.02673917494929097,0
983,BENIGN,0,18,3080,171.11,2,2,4,0,16,6,0,0,2,3,2,1.0,0.0414,0.1496,0,0.001981321063668582,0,0,0.42875086469122864,0
984,BENIGN,0,10,2807,280.7,1,1,2,0,9,4,0,0,2,2,1,1.0,0.0036,0.0036,0,0.0011703531075200708,0,0,0.12024141924170532,0
985,BENIGN,0,9,1647,183.0,1,1,2,0,8,3,0,0,2,2,1,1.0,0.004,0.005,0,0.0,0,0,0.011815750469156236,1
986,BENIGN,0,9,1601,177.89,1,1,2,0,8,3,0,0,2,2,1,1.0,0.004,0.005,0,0.0,0,0,0.006962621853857549,1
987,BENIGN,0,9,1527,169.67,1,1,2,0,8,3,0,0,2,2,1,1.0,0.004,0.005,0,0.0,0,0,0.00685820262676026,0
988,BENIGN,0,11,1464,133.09,1,1,2,0,9,4,1,0,2,2,1,1.0,0.004,0.0037,0,0.003001310615989516,0,0,0.2599854770418583,0
989,BENIGN,0,8,827,103.38,1,1,2,0,7,2,0,0,2,2,1,1.0,0.0046,0.0066,0,0.0,0,0,0.025235965775928782,0
991,BENIGN,0,8,1156,144.5,1,1,2,0,7,2,0,0,2,2,1,1.0,0.0046,0.0066,0,0.0,0,0,0.022063807881047677,1
993,BENIGN,0,20,5398,269.9,2,2,4,0,18,8,0,0,3,3,2,1.0,0.0355,0.1354,0,0.0990498613653119,0,1,0.6201696673122465,0
994,BENIGN,0,8,808,101.0,1,1,2,0,7,2,0,0,2,2,1,1.0,0.0046,0.0066,0,0.0,0,0,0.02762608606678448,0
996,BENIGN,0,72,12634,175.47,8,8,16,0,63,23,1,0,2,9,8,1.0,0.0062,0.009,0,0.0634512098306905,0,1,0.8517703072666213,1
997,BENIGN,0,10,2845,284.5,1,1,2,0,9,4,0,0,2,2,1,1.0,0.0036,0.0036,0,0.0011703531075200708,0,0,0.11457501916741474,0
998,BENIGN,0,10,1176,117.6,1,1,2,0,9,4,0,0,2,2,1,1.0,0.0036,0.0036,0,0.0010008741258741266,0,0,0.07130294429445613,0
999,BENIGN,0,8,853,106.62,1,1,2,0,7,2,0,0,2,2,1,1.0,0.0046,0.0066,0,0.0,0,0,0.021680495029349767,0
1000,SLOW_ATTACK,1,50,7970,159.4,6,6,10,0,44,17,0,0,3,7,6,1.0,0.0201,0.0602,1,0.7853976691027662,1,1,0.8844916383456096,1
1001,SLOW_ATTACK,1,38,5970,157.11,4,4,8,0,34,14,0,0,4,5,4,1.0,0.0226,0.0804,1,0.8337171471140672,1,1,0.857901716378171,0
1002,BENIGN,0,9,1564,173.78,1,1,2,0,8,3,0,0,2,2,1,1.0,0.004,0.005,0,0.0,0,0,0.004754355627430357,0
1003,SLOW_ATTACK,1,9,970,107.78,1,1,3,0,8,2,0,0,3,2,1,1.0,0.0967,0.2438,1,0.5643725593230069,1,1,0.6238740318717206,1
1004,BENIGN,0,9,1975,219.44,1,1,2,0,8,3,0,0,2,2,1,1.0,0.004,0.005,0,0.0,0,0,0.02894117039484357,1
1006,BENIGN,0,10,1256,125.6,1,1,2,0,9,4,0,0,2,2,1,1.0,0.0036,0.0036,0,0.0010008741258741266,0,0,0.06358473904061963,0
1007,BENIGN,0,10,2608,260.8,1,1,2,0,9,4,0,0,2,2,1,1.0,0.0036,0.0036,0,0.0011703531075200708,0,0,0.07190479840001976,0
1008,SLOW_ATTACK,1,15,2288,152.53,2,2,2,0,13,6,0,0,3,3,2,1.0,0.0429,0.1023,1,0.9604005839911659,1,1,0.6002766175288542,1
1009,SLOW_ATTACK,1,12,1990,165.83,1,1,2,0,11,6,0,0,3,2,1,1.0,0.0727,0.1261,1,0.977306889701821,1,1,0.5833411516491317,0
1011,SLOW_ATTACK,1,10,1764,176.4,1,1,3,0,9,3,0,0,3,2,1,1.0,0.0158,0.0338,1,0.9213347646172666,1,0,0.37387866798058683,1
1012,BENIGN,0,11,1709,155.36,1,1,2,0,9,4,1,0,2,2,1,1.0,0.004,0.0037,0,0.0,0,0,0.24888885159365953,1
1013,BENIGN,0,8,1077,134.62,1,1,2,0,7,2,0,0,2,2,1,1.0,0.0046,0.0066,0,0.0,0,0,0.017409286714936693,0
1015,BENIGN,0,18,3543,196.83,2,2,4,0,16,6,0,0,3,3,2,1.0,0.0518,0.1913,0,0.10309661866279647,1,1,0.5616320929539543,1
1017,BENIGN,0,9,770,85.56,1,1,2,0,7,2,1,0,2,2,1,1.0,0.005,0.0063,0,0.0,0,0,0.24248102188040632,0
1018,BENIGN,0,9,1804,200.44,1,1,2,0,8,3,0,0,2,2,1,1.0,0.004,0.005,0,0.0,0,0,0.01744741529915662,0
1020,BENIGN,0,10,2428,242.8,1,1,2,0,9,4,0,0,2,2,1,1.0,0.0036,0.0036,0,0.0011703531075200708,0,0,0.05652296505128809,1
1021,SLOW_ATTACK,1,13,1281,98.54,2,2,2,0,11,4,0,0,3,3,2,1.0,0.0239,0.0309,1,0.999603564557444,1,1,0.6032444068919647,0
1022,SLOW_ATTACK,1,12,1793,149.42,1,1,2,0,11,6,0,0,3,2,1,1.0,0.0397,0.114,1,0.9858063240723314,1,0,0.5234617953777326,0
1023,SLOW_ATTACK,1,10,1038,103.8,1,1,2,0,9,4,0,0,3,2,1,1.0,0.0473,0.1225,1,0.9953638542058624,1,0,0.5143909347444587,0
1024,SLOW_ATTACK,1,64,12067,188.55,7,7,15,0,57,21,0,0,3,8,7,1.0,0.0081,0.0276,1,0.6450041370700477,1,1,0.8556695938177662,0
1025,BENIGN,0,9,913,101.44,1,1,2,0,7,2,1,0,3,2,1,1.0,0.005,0.0063,0,0.03852090585266264,1,0,0.44944572752064665,0
1026,BENIGN,0,9,1205,133.89,1,1,2,0,8,3,0,0,2,2,1,1.0,0.004,0.005,0,0.0,0,0,0.006478222329759186,1
1027,BENIGN,0,9,1575,175.0,1,1,2,0,8,3,0,0,2,2,1,1.0,0.004,0.005,0,0.0,0,0,0.0066027877797628755,0
1029,BENIGN,0,8,875,109.38,1,1,2,0,7,2,0,0,2,2,1,1.0,0.0046,0.0066,0,0.0,0,0,0.02152681614413123,0
1030,BENIGN,0,10,1425,142.5,1,1,2,0,9,4,0,0,2,2,1,1.0,0.0036,0.0036,0,0.0011703531075200708,0,0,0.04857688237764311,0
1031,BENIGN,0,9,1308,145.33,1,1,2,0,8,3,0,0,2,2,1,1.0,0.004,0.005,0,0.0,0,0,0.003943057942105674,0
1032,BENIGN,0,16,4101,256.31,2,2,2,0,14,7,0,0,2,3,2,1.0,0.0484,0.1689,0,0.054015476830941926,0,1,0.5718073288632853,0
1033,SLOW_ATTACK,1,8,336,42.0,1,1,2,0,7,2,0,0,3,3,1,1.0,0.1233,0.1398,1,0.801869380677531,1,1,0.6764960750410223,0
1034,SLOW_ATTACK,1,10,1083,108.3,1,1,2,0,9,4,0,0,3,2,1,1.0,0.0575,0.1238,1,0.9941885170189644,1,1,0.5342714494898683,0
1035,SLOW_ATTACK,1,10,1790,179.0,1,1,2,0,9,4,0,0,3,2,1,1.0,0.0832,0.2241,1,0.7102472515572955,1,1,0.5646614623124986,1
1036,SLOW_ATTACK,1,1,40,40.0,0,0,1,0,1,0,0,0,1,1,0,0.0,1.0,0.0,1,0.9877653350232778,1,1,0.8211121081379963,1
1037,BENIGN,0,10,2867,286.7,1,1,2,0,9,4,0,0,2,2,1,1.0,0.0036,0.0036,0,0.0011703531075200708,0,0,0.11611237305848311,0
1038,BENIGN,0,9,1960,217.78,1,1,2,0,8,3,0,0,2,2,1,1.0,0.004,0.005,0,0.0,0,0,0.02993019008068172,0
1039,BENIGN,0,10,2582,258.2,1,1,2,0,9,4,0,0,2,2,1,1.0,0.0036,0.0036,0,0.0011703531075200708,0,0,0.06945355197471326,0
1040,BENIGN,0,9,1442,160.22,1,1,2,0,8,3,0,0,2,2,1,1.0,0.004,0.005,0,0.0,0,0,0.0006644718391321349,0
1041,BENIGN,0,9,1935,215.0,1,1,2,0,8,3,0,0,2,2,1,1.0,0.004,0.005,0,0.0,0,0,0.029445448221442412,0
1042,BENIGN,0,9,1980,220.0,1,1,2,0,8,3,0,0,2,2,1,1.0,0.004,0.005,0,0.0,0,0,0.02894117039484357,0
1043,SLOW_ATTACK,1,4,170,42.5,1,1,0,0,3,1,0,0,2,2,1,1.0,0.0667,0.0236,1,0.9278915997600155,1,1,0.6140106479601124,1
1044,SLOW_ATTACK,1,10,1068,106.8,1,1,2,0,9,4,0,0,3,2,1,1.0,0.0444,0.1142,1,0.9941885170189644,1,0,0.5024324889534505,0
1045,SLOW_ATTACK,1,11,1896,172.36,1,1,2,0,10,5,0,0,3,2,1,1.0,0.0579,0.1218,1,0.9688397538431961,1,1,0.5400285253058169,0
1046,SLOW_ATTACK,1,10,996,99.6,1,1,3,0,9,3,0,0,3,2,1,1.0,0.0269,0.0649,1,0.9787580263649766,1,0,0.45794368212621966,0
1047,BENIGN,0,8,727,90.88,1,1,2,0,7,2,0,0,2,2,1,1.0,0.0046,0.0066,0,0.0,0,0,0.03689945256631049,1
1048,BENIGN,0,8,1103,137.88,1,1,2,0,7,2,0,0,2,2,1,1.0,0.0046,0.0066,0,0.0,0,0,0.019613202439164812,1
1049,BENIGN,0,9,1812,201.33,1,1,2,0,8,3,0,0,2,2,1,1.0,0.004,0.005,0,0.0,0,0,0.01831175815837135,1
1050,BENIGN,0,10,1515,151.5,1,1,2,0,9,4,0,0,2,2,1,1.0,0.0036,0.0036,0,0.0011703531075200708,0,0,0.042113974391184174,0
1051,BENIGN,0,10,1997,199.7,1,1,2,0,9,4,0,0,2,2,1,1.0,0.0036,0.0036,0,0.0011703531075200708,0,0,0.03850689403159059,1
1052,BENIGN,0,9,1539,171.0,1,1,2,0,8,3,0,0,2,2,1,1.0,0.004,0.005,0,0.0,0,0,0.005917392778648808,0
1053,SLOW_ATTACK,1,4,170,42.5,1,1,0,0,3,1,0,0,2,2,1,1.0,0.0667,0.0236,1,0.9278915997600155,1,1,0.6140106479601124,0
1054,SLOW_ATTACK,1,10,754,75.4,1,1,2,0,9,4,0,0,3,2,1,1.0,0.0528,0.1235,1,0.9862452802382674,1,1,0.5494344103711863,1
1055,SLOW_ATTACK,1,19,2823,148.58,2,2,4,0,17,7,0,0,4,3,2,1.0,0.0527,0.1314,1,0.8151030384308158,1,1,0.5706659723980737,0
1056,SLOW_ATTACK,1,1,40,40.0,0,0,1,0,1,0,0,0,1,1,0,0.0,1.0,0.0,1,0.9877653350232778,1,1,0.8211121081379963,0
1057,BENIGN,0,14,2927,209.07,2,2,2,0,12,5,0,0,2,3,2,1.0,0.0538,0.1762,0,0.12809511120144573,0,1,0.5662782341055705,1
1058,BENIGN,0,15,3051,203.4,1,1,4,0,13,5,1,0,2,3,1,1.0,0.0601,0.1996,0,0.07311009871770767,0,1,0.6913345648888468,1
1060,BENIGN,0,80,14342,179.28,9,9,18,0,71,26,0,0,2,10,9,1.0,0.0045,0.0068,0,0.027193349319923704,0,1,0.8051665096694193,1
1061,BENIGN,0,81,14124,174.37,9,9,18,0,72,27,0,0,3,10,9,1.0,0.0115,0.063,0,0.2919160290163929,1,1,0.9085508025266728,1
1063,BENIGN,0,8,780,97.5,1,1,2,0,7,2,0,0,2,2,1,1.0,0.0046,0.0066,0,0.0,0,0,0.028983266833450743,1
1064,BENIGN,0,10,1786,178.6,1,1,2,0,9,4,0,0,2,2,1,1.0,0.0036,0.0036,0,0.0011703531075200708,0,0,0.032266456148168095,1
1066,SLOW_ATTACK,1,11,1196,108.73,2,2,2,0,9,2,0,0,3,3,2,1.0,0.0716,0.1718,1,0.8560102969453058,1,1,0.6927493262178426,0
1067,SLOW_ATTACK,1,11,922,83.82,1,1,2,0,10,5,0,0,3,2,1,1.0,0.08,0.13,1,0.9915816133808701,1,1,0.5901030304790673,0
1068,SLOW_ATTACK,1,12,2944,245.33,1,1,2,0,11,6,0,0,3,2,1,1.0,0.0364,0.0982,1,0.8987074256016345,0,1,0.530889333026532,1
1069,SLOW_ATTACK,1,11,1255,114.09,1,1,3,0,10,4,0,0,3,2,1,1.0,0.0537,0.1505,1,0.9665076782733196,1,1,0.569828875555048,0
1070,BENIGN,0,11,1587,144.27,1,1,2,0,9,4,1,0,2,2,1,1.0,0.004,0.0037,0,0.0,0,0,0.25516509665964815,1
1071,BENIGN,0,10,2874,287.4,1,1,2,0,9,4,0,0,2,2,1,1.0,0.0036,0.0036,0,0.0011703531075200708,0,0,0.11586019497470137,0
1073,BENIGN,0,9,2084,231.56,1,1,2,0,8,3,0,0,2,2,1,1.0,0.004,0.005,0,0.0,0,0,0.04760217361091746,1
1074,BENIGN,0,9,2061,229.0,1,1,2,0,8,3,0,0,2,2,1,1.0,0.004,0.005,0,0.0,0,0,0.043926377956929503,0
1075,BENIGN,0,10,1827,182.7,1,1,2,0,9,4,0,0,2,2,1,1.0,0.0036,0.0036,0,0.0011703531075200708,0,0,0.03364858797056232,0
1076,SLOW_ATTACK,1,14,1745,124.64,2,2,2,0,12,5,0,0,3,3,2,1.0,0.0462,0.0866,1,0.9997472968854365,1,1,0.6275191986028784,0
1077,SLOW_ATTACK,1,19,3186,167.68,2,2,4,0,17,7,0,0,3,3,2,1.0,0.0373,0.0954,1,0.8074272417347156,1,1,0.5336761596979852,0
1078,SLOW_ATTACK,1,11,1800,163.64,1,1,2,0,10,5,0,0,3,2,1,1.0,0.0973,0.2811,1,0.7730971145272405,1,1,0.6285195062985565,0
1079,SLOW_ATTACK,1,1,40,40.0,0,0,1,0,1,0,0,0,1,1,0,0.0,1.0,0.0,1,0.9877653350232778,1,1,0.8211121081379963,0
1080,BENIGN,0,8,944,118.0,1,1,2,0,7,2,0,0,2,2,1,1.0,0.0046,0.0066,0,0.0,0,0,0.014367556014100771,0
1081,BENIGN,0,10,2763,276.3,1,1,2,0,9,4,0,0,2,2,1,1.0,0.0036,0.0036,0,0.0011703531075200708,0,0,0.10702386022572992,1
1082,BENIGN,0,72,13809,191.79,8,8,16,0,64,24,0,0,2,9,8,1.0,0.0051,0.0076,0,0.013621550816029759,0,1,0.7709323306383278,0
1083,BENIGN,0,8,872,109.0,1,1,2,0,7,2,0,0,2,2,1,1.0,0.0046,0.0066,0,0.0,0,0,0.02221533076371314,0
1084,BENIGN,0,18,3652,202.89,2,2,4,0,16,6,0,0,2,3,2,1.0,0.0381,0.1365,0,0.001981321063668582,0,0,0.4540247216092048,0
1085,SLOW_ATTACK,1,4,170,42.5,1,1,0,0,3,1,0,0,2,2,1,1.0,0.0667,0.0236,1,0.9278915997600155,1,1,0.6140106479601124,1
1086,SLOW_ATTACK,1,22,2716,123.45,2,2,4,0,19,9,1,0,3,3,2,1.0,0.0458,0.1011,1,0.9089109395665277,1,1,0.7200846890463539,0
1087,SLOW_ATTACK,1,1,62,62.0,0,0,0,0,1,1,0,0,1,1,0,0.0,1.0,0.0,1,0.9864981359492915,1,1,0.817654016102018,0
1088,SLOW_ATTACK,1,9,1270,141.11,1,1,3,0,8,2,0,0,3,2,1,1.0,0.005,0.0063,0,0.10202241129181211,1,0,0.3010672121775714,1
1089,BENIGN,0,8,1251,156.38,1,1,2,0,7,2,0,0,2,2,1,1.0,0.0046,0.0066,0,0.0,0,0,0.042742510337411305,0
1090,BENIGN,0,9,2103,233.67,1,1,2,0,8,3,0,0,2,2,1,1.0,0.004,0.005,0,0.0,0,0,0.05212934668425588,0
1092,BENIGN,0,18,3108,172.67,2,2,4,0,16,6,0,0,2,3,2,1.0,0.041,0.1481,0,0.001981321063668582,0,0,0.4340996067141818,1
1093,SLOW_ATTACK,1,4,170,42.5,1,1,0,0,3,1,0,0,2,2,1,1.0,0.0667,0.0236,1,0.9278915997600155,1,1,0.6140106479601124,0
1094,SLOW_ATTACK,1,13,1756,135.08,1,1,2,0,11,6,1,0,3,2,1,1.0,0.0333,0.0704,1,0.9708039592984463,1,1,0.5976338783104215,0
1095,SLOW_ATTACK,1,11,1888,171.64,1,1,2,0,10,5,0,0,3,2,1,1.0,0.068,0.1325,1,0.9567868888293034,1,1,0.5622507504634221,0
1096,SLOW_ATTACK,1,1,40,40.0,0,0,1,0,1,0,0,0,1,1,0,0.0,1.0,0.0,1,0.9877653350232778,1,1,0.8211121081379963,1
1097,BENIGN,0,8,804,100.5,1,1,2,0,7,2,0,0,2,2,1,1.0,0.0046,0.0066,0,0.0,0,0,0.028659106765997935,1
1098,BENIGN,0,8,772,96.5,1,1,2,0,7,2,0,0,2,2,1,1.0,0.0046,0.0066,0,0.0,0,0,0.029962598524918154,1
1099,BENIGN,0,9,1128,125.33,1,1,2,0,7,2,1,0,2,2,1,1.0,0.005,0.0063,0,0.0,0,0,0.22116879673906192,0
1100,BENIGN,0,10,1425,142.5,1,1,2,0,9,4,0,0,2,2,1,1.0,0.0036,0.0036,0,0.0011703531075200708,0,0,0.04857688237764311,0
1101,BENIGN,0,8,1116,139.5,1,1,2,0,7,2,0,0,2,2,1,1.0,0.0046,0.0066,0,0.0,0,0,0.01955855628326205,1
1102,BENIGN,0,9,2116,235.11,1,1,2,0,8,3,0,0,2,2,1,1.0,0.004,0.005,0,0.0,0,0,0.0557647041360958,0
1103,BENIGN,0,9,2004,222.67,1,1,2,0,8,3,0,0,2,2,1,1.0,0.004,0.005,0,0.0,0,0,0.03557992622711998,0
1104,SLOW_ATTACK,1,157,8005,50.99,80,1,2,68,76,3,1,0,3,149,80,80.0,0.006,0.0054,1,0.99773543180866,1,1,0.9555518742483232,0
1105,SLOW_ATTACK,1,154,6160,40.0,84,0,0,70,70,0,0,0,2,153,84,84.0,0.0065,0.0055,1,0.9506170235067145,1,1,0.8950487070337098,0
1106,SLOW_ATTACK,1,157,8189,52.16,84,1,2,64,73,4,0,0,3,149,84,84.0,0.0063,0.0055,1,0.9982603627584203,1,1,0.914155864892962,0
1107,SLOW_ATTACK,1,23,3272,142.26,6,2,2,4,17,6,0,0,3,11,6,3.0,0.0438,0.1029,1,0.893868507355946,1,1,0.8091743978620687,1
1108,SLOW_ATTACK,1,12,1773,147.75,1,1,2,0,11,6,0,0,3,2,1,1.0,0.0757,0.1529,1,0.9473182717146762,1,1,0.6055541654442641,0
1110,SLOW_ATTACK,1,91,17132,188.26,10,10,21,0,81,30,0,0,3,11,10,1.0,0.0103,0.0474,0,0.07242348313971252,0,1,0.9495537026504772,1
1112,BENIGN,0,82,16144,196.88,9,9,18,0,73,28,0,0,2,10,9,1.0,0.0058,0.0094,0,0.019141945740977814,0,1,0.8125665436063318,1
1113,BENIGN,0,10,2480,248.0,1,1,2,0,9,4,0,0,2,2,1,1.0,0.0036,0.0036,0,0.0011703531075200708,0,0,0.06024182430746301,1
1114,BENIGN,0,10,2605,260.5,1,1,2,0,9,4,0,0,2,2,1,1.0,0.0036,0.0036,0,0.0011703531075200708,0,0,0.07162365516791795,0
1116,BENIGN,0,9,1034,114.89,1,1,2,0,8,3,0,0,2,2,1,1.0,0.004,0.005,0,0.0,0,0,0.018397421092943216,0
1117,BENIGN,0,8,1101,137.62,1,1,2,0,7,2,0,0,2,2,1,1.0,0.0046,0.0066,0,0.0,0,0,0.019406856496141135,0
1118,BENIGN,0,8,1239,154.88,1,1,2,0,7,2,0,0,2,2,1,1.0,0.0046,0.0066,0,0.0,0,0,0.04049903313554675,0
1119,SLOW_ATTACK,1,12,833,69.42,2,2,2,0,10,3,0,0,3,3,2,1.0,0.0182,0.0267,1,0.9839673778200203,1,1,0.591145885208276,0
1120,SLOW_ATTACK,1,3,145,48.33,0,0,0,0,3,3,0,0,1,1,0,0.0,0.4,0.0,1,0.9895259415338066,1,1,0.795594207215838,0
1121,SLOW_ATTACK,1,10,1399,139.9,1,1,2,0,9,4,0,0,3,2,1,1.0,0.0163,0.0351,1,0.8988419085552907,1,0,0.36080080370426804,1
1122,SLOW_ATTACK,1,18,2779,154.39,2,2,5,0,16,5,0,0,3,3,2,1.0,0.0426,0.1077,1,0.8374248744615801,1,1,0.5675504177957554,0
1123,BENIGN,0,10,1283,128.3,1,1,2,0,9,4,0,0,2,2,1,1.0,0.0036,0.0036,0,0.0010008741258741266,0,0,0.061877384917026684,1
1125,BENIGN,0,10,1244,124.4,1,1,2,0,8,3,1,0,2,2,1,1.0,0.0044,0.0049,0,0.0,0,0,0.18930543903230737,0
1126,BENIGN,0,9,903,100.33,1,1,2,0,8,3,0,0,2,2,1,1.0,0.004,0.005,0,0.0,0,0,0.0331925179277772,0
1127,BENIGN,0,9,1541,171.22,1,1,2,0,8,3,0,0,2,2,1,1.0,0.004,0.005,0,0.0,0,0,0.0053342660706548,0
1129,BENIGN,0,11,1229,111.73,1,1,2,0,9,4,1,0,2,2,1,1.0,0.004,0.0037,0,0.007413642022540576,0,0,0.2779797403408234,0
1130,BENIGN,0,10,1806,180.6,1,1,2,0,9,4,0,0,2,2,1,1.0,0.0036,0.0036,0,0.0011703531075200708,0,0,0.03442115876451445,1
1131,BENIGN,0,8,1104,138.0,1,1,2,0,7,2,0,0,2,2,1,1.0,0.0046,0.0066,0,0.0,0,0,0.019613202439164812,0
1132,BENIGN,0,9,1850,205.56,1,1,2,0,8,3,0,0,2,2,1,1.0,0.004,0.005,0,0.0,0,0,0.025381034994719793,0
1133,BENIGN,0,8,1174,146.75,1,1,2,0,7,2,0,0,2,2,1,1.0,0.0046,0.0066,0,0.0,0,0,0.02376175021899774,0
1134,BENIGN,0,14,2195,156.79,2,2,2,0,12,5,0,0,2,3,2,1.0,0.0524,0.1682,0,0.1719626779251785,0,1,0.5483728314765401,0
1135,BENIGN,0,4,537,134.25,0,0,2,0,4,1,0,0,2,2,0,0.0,0.0047,0.0052,0,0.19695860582727615,0,1,0.652346712763428,0
1136,BENIGN,0,19,2648,139.37,2,2,4,0,17,7,0,0,2,3,2,1.0,0.0383,0.1424,0,0.10774671387390264,0,0,0.47739348222458,1
1138,BENIGN,0,10,2448,244.8,1,1,2,0,9,4,0,0,2,2,1,1.0,0.0036,0.0036,0,0.0011703531075200708,0,0,0.05632594871923008,0
1139,BENIGN,0,8,894,111.75,1,1,2,0,7,2,0,0,2,2,1,1.0,0.0046,0.0066,0,0.0,0,0,0.016940110613817665,0
1141,BENIGN,0,8,1160,145.0,1,1,2,0,7,2,0,0,2,2,1,1.0,0.0046,0.0066,0,0.0,0,0,0.023793256916140485,0
1142,BENIGN,0,8,960,120.0,1,1,2,0,7,2,0,0,2,2,1,1.0,0.0046,0.0066,0,0.0,0,0,0.014636005317012384,0
1143,BENIGN,0,9,2044,227.11,1,1,2,0,8,3,0,0,2,2,1,1.0,0.004,0.005,0,0.0,0,0,0.04139137936468225,0
1144,BENIGN,0,8,1259,157.38,1,1,2,0,7,2,0,0,2,2,1,1.0,0.0046,0.0066,0,0.0,0,0,0.04435100618305992,0
1146,BENIGN,0,10,2837,283.7,1,1,2,0,9,4,0,0,2,2,1,1.0,0.0036,0.0036,0,0.0011703531075200708,0,0,0.11752083318949758,0
1147,BENIGN,0,18,1788,99.33,2,2,4,0,16,6,0,0,2,3,2,1.0,0.0404,0.1456,0,0.16113621998045957,0,0,0.49588296776870916,1
1149,BENIGN,0,10,2223,222.3,1,1,2,0,9,4,0,0,2,2,1,1.0,0.0036,0.0036,0,0.0011703531075200708,0,0,0.04659537196960474,0
1150,BENIGN,0,8,1214,151.75,1,1,2,0,7,2,0,0,2,2,1,1.0,0.0046,0.0066,0,0.0,0,0,0.02810201060894152,0
1151,BENIGN,0,8,892,111.5,1,1,2,0,7,2,0,0,2,2,1,1.0,0.0046,0.0066,0,0.0,0,0,0.016940110613817665,0
1152,BENIGN,0,8,1077,134.62,1,1,2,0,7,2,0,0,2,2,1,1.0,0.0046,0.0066,0,0.0,0,0,0.017409286714936693,0
1153,BENIGN,0,9,2025,225.0,1,1,2,0,8,3,0,0,2,2,1,1.0,0.004,0.005,0,0.0,0,0,0.04112055686763768,1
1154,BENIGN,0,18,3731,207.28,2,2,4,0,16,6,0,0,2,3,2,1.0,0.0455,0.1659,0,0.0004495484884177462,0,0,0.4536383469167389,0
1155,BENIGN,0,8,1119,139.88,1,1,2,0,7,2,0,0,2,2,1,1.0,0.0046,0.0066,0,0.0,0,0,0.01955855628326205,1
1157,BENIGN,0,72,13472,187.11,8,8,16,0,64,24,0,0,2,9,8,1.0,0.006,0.008,0,0.026734361912484222,0,1,0.7713732683301735,0
1158,BENIGN,0,9,1367,151.89,1,1,2,0,8,3,0,0,2,2,1,1.0,0.004,0.005,0,0.0,0,0,0.0011280021564829704,0
1159,BENIGN,0,10,1602,160.2,1,1,2,0,8,3,1,0,2,2,1,1.0,0.0044,0.0049,0,0.0014717223650385605,0,0,0.18953708053733778,0
1160,BENIGN,0,8,711,88.88,1,1,2,0,7,2,0,0,2,2,1,1.0,0.0046,0.0066,0,0.0,0,0,0.035591753998871746,0
1162,BENIGN,0,8,976,122.0,1,1,2,0,7,2,0,0,2,2,1,1.0,0.0046,0.0066,0,0.0,0,0,0.015814955298264398,0
1164,BENIGN,0,9,1225,136.11,1,1,2,0,8,3,0,0,2,2,1,1.0,0.004,0.005,0,0.0,0,0,0.005846601017568713,0
1165,BENIGN,0,8,1090,136.25,1,1,2,0,7,2,0,0,2,2,1,1.0,0.0046,0.0066,0,0.0,0,0,0.019406856496141135,0
1166,BENIGN,0,19,3398,178.84,2,2,4,0,17,7,0,0,3,3,2,1.0,0.0378,0.1404,0,0.07110484862088144,1,1,0.5346778039700525,0
1168,BENIGN,0,8,894,111.75,1,1,2,0,7,2,0,0,2,2,1,1.0,0.0046,0.0066,0,0.0,0,0,0.016940110613817665,0
1169,BENIGN,0,10,1293,129.3,1,1,2,0,9,4,0,0,2,2,1,1.0,0.0036,0.0036,0,0.0010008741258741266,0,0,0.06147314696237862,0
1170,BENIGN,0,8,738,92.25,1,1,2,0,7,2,0,0,2,2,1,1.0,0.0046,0.0066,0,0.0,0,0,0.032675314416037125,1
1172,BENIGN,0,9,1017,113.0,1,1,2,0,7,2,1,0,2,2,1,1.0,0.005,0.0063,0,0.0,0,0,0.21550137249929244,0
1173,BENIGN,0,10,1151,115.1,1,1,2,0,9,4,0,0,2,2,1,1.0,0.0036,0.0036,0,0.0010008741258741266,0,0,0.07828602037678932,1
1174,BENIGN,0,9,1416,157.33,1,1,2,0,8,3,0,0,2,2,1,1.0,0.004,0.005,0,0.0,0,0,0.0004482833871846624,0
1176,BENIGN,0,9,1472,163.56,1,1,2,0,8,3,0,0,2,2,1,1.0,0.004,0.005,0,0.0,0,0,0.0,0
1177,BENIGN,0,8,837,104.62,1,1,2,0,7,2,0,0,2,2,1,1.0,0.0046,0.0066,0,0.0,0,0,0.023603974961471725,0
1178,BENIGN,0,9,1906,211.78,1,1,2,0,8,3,0,0,2,2,1,1.0,0.004,0.005,0,0.0,0,0,0.028836268727042383,0
1179,BENIGN,0,9,1418,157.56,1,1,2,0,8,3,0,0,2,2,1,1.0,0.004,0.005,0,0.0,0,0,0.0004482833871846624,1
1180,BENIGN,0,10,2304,230.4,1,1,2,0,9,4,0,0,2,2,1,1.0,0.0036,0.0036,0,0.0011703531075200708,0,0,0.05289926698254466,0
1181,BENIGN,0,8,1096,137.0,1,1,2,0,7,2,0,0,2,2,1,1.0,0.0046,0.0066,0,0.0,0,0,0.019406856496141135,0
1182,BENIGN,0,8,1202,150.25,1,1,2,0,7,2,0,0,2,2,1,1.0,0.0046,0.0066,0,0.0,0,0,0.028698964904243878,0
1183,BENIGN,0,9,1895,210.56,1,1,2,0,8,3,0,0,2,2,1,1.0,0.004,0.005,0,0.0,0,0,0.028836268727042383,0
1185,BENIGN,0,19,2924,153.89,2,2,4,0,17,7,0,0,2,3,2,1.0,0.0359,0.1324,0,0.1321892837829825,0,0,0.46094776325806336,0
1186,BENIGN,0,9,805,89.44,1,1,2,0,7,2,1,0,2,2,1,1.0,0.005,0.0063,0,0.0,0,0,0.23949846217623524,0
1188,BENIGN,0,8,1295,161.88,1,1,2,0,7,2,0,0,2,2,1,1.0,0.0046,0.0066,0,0.0,0,0,0.05058053742907092,0
1189,BENIGN,0,10,2827,282.7,1,1,2,0,9,4,0,0,2,2,1,1.0,0.0036,0.0036,0,0.0011703531075200708,0,0,0.11849912054029503,0
1191,BENIGN,0,17,2654,156.12,2,2,4,0,15,5,0,0,2,3,2,1.0,0.0442,0.1546,0,0.0176032559266494,0,0,0.466550216920042,0
1192,BENIGN,0,9,941,104.56,1,1,2,0,8,3,0,0,2,2,1,1.0,0.004,0.005,0,0.0,0,0,0.024677474672674716,1
1194,BENIGN,0,9,907,100.78,1,1,2,0,8,3,0,0,2,2,1,1.0,0.004,0.005,0,0.0,0,0,0.031244522681529413,0
1195,BENIGN,0,8,1001,125.12,1,1,2,0,7,2,0,0,2,2,1,1.0,0.0046,0.0066,0,0.0,0,0,0.015057988905111246,1
1196,BENIGN,0,10,1710,171.0,1,1,2,0,8,3,1,0,2,2,1,1.0,0.0044,0.0049,0,0.0014717223650385605,0,0,0.19532285752476308,0
1197,BENIGN,0,8,923,115.38,1,1,2,0,7,2,0,0,2,2,1,1.0,0.0046,0.0066,0,0.0,0,0,0.014640889308819212,1
1198,BENIGN,0,8,925,115.62,1,1,2,0,7,2,0,0,2,2,1,1.0,0.0046,0.0066,0,0.0,0,0,0.014640889308819212,0
1199,BENIGN,0,64,11021,172.2,8,8,14,0,56,20,0,0,2,9,8,1.0,0.0062,0.009,0,0.11285938711985954,0,1,0.7922266889793372,1
1200,BENIGN,0,26,4425,170.19,2,2,6,0,24,10,0,0,2,4,2,1.0,0.0198,0.0761,0,0.15466468125492222,0,1,0.6381788097434563,0
1201,BENIGN,0,9,1597,177.44,1,1,2,0,8,3,0,0,2,2,1,1.0,0.004,0.005,0,0.0,0,0,0.0066027877797628755,0
1203,HTTP_ATTACK,1,32,3689,115.28,5,5,6,0,27,10,0,0,3,6,5,1.0,0.0237,0.0626,1,0.9944870497284021,1,1,0.841103678679865,0
1204,HTTP_ATTACK,1,33,3434,104.06,5,5,6,0,28,11,0,0,3,6,5,1.0,0.0276,0.0765,1,0.9939637418071042,1,1,0.8441251506207175,1
1205,HTTP_ATTACK,1,28,3511,125.39,4,4,5,0,23,9,1,0,3,5,4,1.0,0.022,0.0586,1,0.9953106216858087,1,1,0.8467478268062612,0
1206,HTTP_ATTACK,1,33,3596,108.97,5,5,6,0,28,11,0,0,3,6,5,1.0,0.0262,0.0681,1,0.9942759219504,1,1,0.8459837535063661,0
1208,BENIGN,0,10,1756,175.6,1,1,2,0,9,4,0,0,2,2,1,1.0,0.0036,0.0036,0,0.0011703531075200708,0,0,0.032879481164342056,0
1209,BENIGN,0,8,1173,146.62,1,1,2,0,7,2,0,0,2,2,1,1.0,0.0046,0.0066,0,0.0,0,0,0.02376175021899774,0
1210,BENIGN,0,9,1211,134.56,1,1,2,0,8,3,0,0,2,2,1,1.0,0.004,0.005,0,0.0,0,0,0.005714117597879804,0
1211,BENIGN,0,9,1501,166.78,1,1,2,0,8,3,0,0,2,2,1,1.0,0.004,0.005,0,0.0,0,0,0.002256370194202022,1
1212,BENIGN,0,8,1165,145.62,1,1,2,0,7,2,0,0,2,2,1,1.0,0.0046,0.0066,0,0.0,0,0,0.022396827258296188,0
1213,BENIGN,0,8,605,75.62,1,1,2,0,7,2,0,0,2,2,1,1.0,0.0046,0.0066,0,0.02141115346319512,0,0,0.07460060261198237,1
1215,BENIGN,0,9,1240,137.78,1,1,2,0,8,3,0,0,2,2,1,1.0,0.004,0.005,0,0.0,0,0,0.004757467095227901,0
1216,BENIGN,0,8,1081,135.12,1,1,2,0,7,2,0,0,2,2,1,1.0,0.0046,0.0066,0,0.0,0,0,0.018784221739701942,0
1217,BENIGN,0,8,1210,151.25,1,1,2,0,7,2,0,0,2,2,1,1.0,0.0046,0.0066,0,0.0,0,0,0.028118239463430634,1
1219,BENIGN,0,10,1817,181.7,1,1,2,0,9,4,0,0,2,2,1,1.0,0.0036,0.0036,0,0.0011703531075200708,0,0,0.03446009785774184,1
1220,BENIGN,0,8,1029,128.62,1,1,2,0,7,2,0,0,2,2,1,1.0,0.0046,0.0066,0,0.0,0,0,0.014831330252815016,0
1221,BENIGN,0,10,1334,133.4,1,1,2,0,9,4,0,0,2,2,1,1.0,0.0036,0.0036,0,0.0011703531075200708,0,0,0.05388108294564738,0
1223,BENIGN,0,10,2744,274.4,1,1,2,0,9,4,0,0,2,2,1,1.0,0.0036,0.0036,0,0.0011703531075200708,0,0,0.10106691949142499,1
1224,BENIGN,0,9,1516,168.44,1,1,2,0,8,3,0,0,2,2,1,1.0,0.004,0.005,0,0.0,0,0,0.005270623323328593,0
1225,BENIGN,0,50,9281,185.62,6,6,10,0,44,17,0,0,2,7,6,1.0,0.0064,0.0096,0,0.07762771737184003,0,1,0.7836908944097408,1
1226,BENIGN,0,31,5083,163.97,3,3,8,0,28,10,0,0,2,5,3,1.0,0.0109,0.0371,0,0.1312849532182281,0,1,0.7492800181615786,0
1227,BENIGN,0,9,1035,115.0,1,1,2,0,8,3,0,0,2,2,1,1.0,0.004,0.005,0,0.0,0,0,0.018397421092943216,1
1228,BENIGN,0,9,1935,215.0,1,1,2,0,8,3,0,0,2,2,1,1.0,0.004,0.005,0,0.0,0,0,0.029445448221442412,0
1229,BENIGN,0,8,1140,142.5,1,1,2,0,7,2,0,0,2,2,1,1.0,0.0046,0.0066,0,0.0,0,0,0.020535029873887133,0
1231,BENIGN,0,10,2241,224.1,1,1,2,0,9,4,0,0,2,2,1,1.0,0.0036,0.0036,0,0.0011703531075200708,0,0,0.048972591781643676,1
1232,BENIGN,0,10,2104,210.4,1,1,2,0,9,4,0,0,2,2,1,1.0,0.0036,0.0036,0,0.0011703531075200708,0,0,0.04497602167958868,0
1233,BENIGN,0,9,1333,148.11,1,1,2,0,8,3,0,0,2,2,1,1.0,0.004,0.005,0,0.0,0,0,0.00224040607575138,0
1234,BENIGN,0,10,2681,268.1,1,1,2,0,9,4,0,0,2,2,1,1.0,0.0036,0.0036,0,0.0011703531075200708,0,0,0.08815598075485494,1
1236,BENIGN,0,18,3596,199.78,2,2,4,0,16,6,0,0,3,3,2,1.0,0.0381,0.1365,0,0.049192805863484006,1,1,0.5317668702109873,0
1237,BENIGN,0,8,703,87.88,1,1,2,0,7,2,0,0,2,2,1,1.0,0.0046,0.0066,0,0.0,0,0,0.038765395410482816,0
1238,BENIGN,0,9,1844,204.89,1,1,2,0,8,3,0,0,2,2,1,1.0,0.004,0.005,0,0.0,0,0,0.022094273957648305,0
1239,BENIGN,0,10,2561,256.1,1,1,2,0,9,4,0,0,2,2,1,1.0,0.0036,0.0036,0,0.0011703531075200708,0,0,0.07082679003234854,0
1241,BENIGN,0,10,1805,180.5,1,1,2,0,9,4,0,0,2,2,1,1.0,0.0036,0.0036,0,0.0011703531075200708,0,0,0.03442115876451445,0
1242,BENIGN,0,10,2717,271.7,1,1,2,0,9,4,0,0,2,2,1,1.0,0.0036,0.0036,0,0.0011703531075200708,0,0,0.09306714981815702,0
1243,BENIGN,0,10,2437,243.7,1,1,2,0,9,4,0,0,2,2,1,1.0,0.0036,0.0036,0,0.0011703531075200708,0,0,0.057097199085731465,0
1244,BENIGN,0,11,2913,264.82,1,1,2,0,9,4,1,0,2,2,1,1.0,0.004,0.0037,0,0.0,0,0,0.34876909825715985,0
1245,BENIGN,0,9,1415,157.22,1,1,2,0,8,3,0,0,2,2,1,1.0,0.004,0.005,0,0.0,0,0,0.0004482833871846624,0
1247,BENIGN,0,10,1397,139.7,1,1,2,0,9,4,0,0,2,2,1,1.0,0.0036,0.0036,0,0.0011703531075200708,0,0,0.05172872603079657,0
1249,BENIGN,0,11,2145,195.0,1,1,2,0,9,4,1,0,3,2,1,1.0,0.004,0.0037,0,0.09394454795117492,1,0,0.43575370041679257,0
1250,BENIGN,0,10,2373,237.3,1,1,2,0,9,4,0,0,2,2,1,1.0,0.0036,0.0036,0,0.0011703531075200708,0,0,0.05303186539913979,0
1251,BENIGN,0,19,4021,211.63,2,2,4,0,17,7,0,0,3,3,2,1.0,0.0476,0.1809,0,0.01707256529147824,0,1,0.5603155453512051,0
1252,BENIGN,0,10,1590,159.0,1,1,2,0,8,3,1,0,2,2,1,1.0,0.0044,0.0049,0,0.0014717223650385605,0,0,0.18949053390689632,1
1254,BENIGN,0,8,1187,148.38,1,1,2,0,7,2,0,0,2,2,1,1.0,0.0046,0.0066,0,0.0,0,0,0.02475436563648315,1
1255,BENIGN,0,10,1462,146.2,1,1,2,0,9,4,0,0,2,2,1,1.0,0.0036,0.0036,0,0.0011703531075200708,0,0,0.04635695741180921,1
1256,BENIGN,0,19,4614,242.84,2,2,4,0,17,7,0,0,3,3,2,1.0,0.0376,0.1396,0,0.046657233590697206,0,1,0.5680687053403733,1
1258,BENIGN,0,9,1509,167.67,1,1,2,0,8,3,0,0,2,2,1,1.0,0.004,0.005,0,0.0,0,0,0.0025070742399788816,0
1260,BENIGN,0,9,1081,120.11,1,1,2,0,8,3,0,0,2,2,1,1.0,0.004,0.005,0,0.0,0,0,0.0158929431971785,0
1261,BENIGN,0,8,633,79.12,1,1,2,0,7,2,0,0,2,2,1,1.0,0.0046,0.0066,0,0.007623182343235666,0,0,0.05796578082788906,0
1262,BENIGN,0,8,1062,132.75,1,1,2,0,7,2,0,0,2,2,1,1.0,0.0046,0.0066,0,0.0,0,0,0.01528987831594742,0
1263,BENIGN,0,8,757,94.62,1,1,2,0,7,2,0,0,2,2,1,1.0,0.0046,0.0066,0,0.0,0,0,0.028235131262517237,0
1264,BENIGN,0,91,16956,186.33,10,10,20,0,81,31,0,0,3,11,10,1.0,0.0074,0.0237,0,0.09128931906475718,1,1,0.9322986077150953,0
1266,BENIGN,0,8,653,81.62,1,1,2,0,7,2,0,0,2,2,1,1.0,0.0046,0.0066,0,0.0046878198567041965,0,0,0.05191113512663604,0
1267,BENIGN,0,10,1508,150.8,1,1,2,0,8,3,1,0,2,2,1,1.0,0.0044,0.0049,0,0.0014717223650385605,0,0,0.18795270308610787,0
1268,BENIGN,0,20,3634,181.7,2,2,4,0,18,8,0,0,2,3,2,1.0,0.0357,0.1362,0,0.008810155757037773,0,0,0.5077876115201548,0
1269,BENIGN,0,8,914,114.25,1,1,2,0,7,2,0,0,2,2,1,1.0,0.0046,0.0066,0,0.0,0,0,0.014640889308819212,0
1270,BENIGN,0,10,2755,275.5,1,1,2,0,9,4,0,0,2,2,1,1.0,0.0036,0.0036,0,0.0011703531075200708,0,0,0.106188524630516,0
1271,BENIGN,0,8,721,90.12,1,1,2,0,7,2,0,0,2,2,1,1.0,0.0046,0.0066,0,0.0,0,0,0.03590169938214325,0
1272,BENIGN,0,10,1366,136.6,1,1,2,0,9,4,0,0,2,2,1,1.0,0.0036,0.0036,0,0.0011703531075200708,0,0,0.05367721922381137,1
1273,BENIGN,0,9,1280,142.22,1,1,2,0,8,3,0,0,2,2,1,1.0,0.004,0.005,0,0.0,0,0,0.004776579530109954,0
1275,BENIGN,0,10,1646,164.6,1,1,2,0,8,3,1,0,2,2,1,1.0,0.0044,0.0049,0,0.0014717223650385605,0,0,0.19130496441158162,0
1277,BENIGN,0,10,2473,247.3,1,1,2,0,9,4,0,0,2,2,1,1.0,0.0036,0.0036,0,0.0011703531075200708,0,0,0.058681359553443196,1
1278,BENIGN,0,9,1505,167.22,1,1,2,0,8,3,0,0,2,2,1,1.0,0.004,0.005,0,0.0,0,0,0.002256370194202022,0
1280,BENIGN,0,8,778,97.25,1,1,2,0,7,2,0,0,2,2,1,1.0,0.0046,0.0066,0,0.0,0,0,0.028983266833450743,0
1281,BENIGN,0,8,1125,140.62,1,1,2,0,7,2,0,0,2,2,1,1.0,0.0046,0.0066,0,0.0,0,0,0.019189128786054423,0
1282,BENIGN,0,8,895,111.88,1,1,2,0,7,2,0,0,2,2,1,1.0,0.0046,0.0066,0,0.0,0,0,0.01547990470566967,0
1283,BENIGN,0,10,1458,145.8,1,1,2,0,9,4,0,0,2,2,1,1.0,0.0036,0.0036,0,0.0011703531075200708,0,0,0.04635695741180921,1
1285,BENIGN,0,8,991,123.88,1,1,2,0,7,2,0,0,2,2,1,1.0,0.0046,0.0066,0,0.0,0,0,0.015405375989792035,0
1286,BENIGN,0,11,1791,162.82,1,1,2,0,9,4,1,0,3,2,1,1.0,0.004,0.0037,0,0.07979802300503484,1,0,0.4114158370211331,0
1288,BENIGN,0,10,1378,137.8,1,1,2,0,9,4,0,0,2,2,1,1.0,0.0036,0.0036,0,0.0011703531075200708,0,0,0.05295740204260355,0
1289,BENIGN,0,19,2434,128.11,2,2,4,0,15,5,2,0,2,3,2,1.0,0.0383,0.1387,0,0.16835513651306333,0,1,0.6352217335381929,1
1290,BENIGN,0,10,2507,250.7,1,1,2,0,9,4,0,0,2,2,1,1.0,0.0036,0.0036,0,0.0011703531075200708,0,0,0.060079899089944336,0
1291,BENIGN,0,8,962,120.25,1,1,2,0,7,2,0,0,2,2,1,1.0,0.0046,0.0066,0,0.0,0,0,0.014859015562129988,0
1292,BENIGN,0,9,1230,136.67,1,1,2,0,8,3,0,0,2,2,1,1.0,0.004,0.005,0,0.0,0,0,0.005846601017568713,1
1293,BENIGN,0,9,1670,185.56,1,1,2,0,8,3,0,0,2,2,1,1.0,0.004,0.005,0,0.0,0,0,0.012428326567390607,0
1294,BENIGN,0,9,952,105.78,1,1,2,0,8,3,0,0,2,2,1,1.0,0.004,0.005,0,0.0,0,0,0.02295632766564759,1
1295,BENIGN,0,10,1405,140.5,1,1,2,0,9,4,0,0,2,2,1,1.0,0.0036,0.0036,0,0.0011703531075200708,0,0,0.05125844195620794,0
1296,BENIGN,0,8,655,81.88,1,1,2,0,7,2,0,0,2,2,1,1.0,0.0046,0.0066,0,0.0046878198567041965,0,0,0.05191113512663604,0
1297,BENIGN,0,10,1354,135.4,1,1,2,0,8,3,1,0,2,2,1,1.0,0.0044,0.0049,0,0.0014717223650385605,0,0,0.18610664771781335,1
1298,BENIGN,0,9,979,108.78,1,1,2,0,8,3,0,0,2,2,1,1.0,0.004,0.005,0,0.0,0,0,0.02295632766564759,0
1300,ICMP_FLOOD,1,84,48770,580.6,1,1,2,0,7,2,76,0,3,2,1,1.0,0.0073,0.0126,1,0.9189100877419576,1,1,0.754583199694087,0
1301,ICMP_FLOOD,1,176,97487,553.9,1,1,2,0,8,3,167,0,3,2,1,1.0,0.0057,0.0012,1,0.9492082681281441,1,1,0.7445255680677353,0
1302,ICMP_FLOOD,1,174,91118,523.67,1,1,2,0,7,2,166,0,3,2,1,1.0,0.0057,0.0011,1,0.9168704726308851,1,1,0.7608133196738048,1
1303,ICMP_FLOOD,1,154,65733,426.84,7,7,14,0,55,20,92,0,3,8,7,1.0,0.0039,0.0032,1,0.7390994531565854,1,1,0.9487923825077714,0
1304,BENIGN,0,8,1030,128.75,1,1,2,0,7,2,0,0,2,2,1,1.0,0.0046,0.0066,0,0.0,0,0,0.014831330252815016,0
1305,BENIGN,0,13,1856,142.77,2,2,2,0,11,4,0,0,2,3,2,1.0,0.0567,0.1753,0,0.18465015067519505,0,1,0.5651264322473536,1
1306,BENIGN,0,12,1422,118.5,1,1,4,0,11,3,0,0,2,3,1,1.0,0.0582,0.1733,0,0.05040714932440005,0,1,0.5602322060062255,0
1307,BENIGN,0,9,1298,144.22,1,1,2,0,7,2,1,0,2,2,1,1.0,0.005,0.0063,0,0.0,0,0,0.2400178112669545,0
1308,BENIGN,0,8,701,87.62,1,1,2,0,7,2,0,0,2,2,1,1.0,0.0046,0.0066,0,0.0,0,0,0.04043250964743471,0
1309,BENIGN,0,9,936,104.0,1,1,2,0,8,3,0,0,2,2,1,1.0,0.004,0.005,0,0.0,0,0,0.027205842055147013,1
1310,BENIGN,0,9,1269,141.0,1,1,2,0,8,3,0,0,2,2,1,1.0,0.004,0.005,0,0.0,0,0,0.0034399887396295704,0
1311,BENIGN,0,6,914,152.33,1,1,1,0,5,2,0,0,2,2,1,1.0,0.006,0.0074,1,0.6117656602477697,0,0,0.22511927579157814,1
1312,BENIGN,0,57,9792,171.79,6,6,13,0,51,19,0,0,2,8,6,1.0,0.0174,0.0919,0,0.11741819029083915,0,1,0.8510494277419168,0
1313,BENIGN,0,27,5040,186.67,3,3,6,0,24,9,0,0,2,4,3,1.0,0.0046,0.0053,0,0.07062906916785822,0,1,0.6732724896816783,0
1314,BENIGN,0,9,1724,191.56,1,1,2,0,8,3,0,0,2,2,1,1.0,0.004,0.005,0,0.0,0,0,0.01344339712587824,1
1315,BENIGN,0,10,1794,179.4,1,1,2,0,9,4,0,0,2,2,1,1.0,0.0036,0.0036,0,0.0011703531075200708,0,0,0.03409672590137025,0
1317,BENIGN,0,10,1610,161.0,1,1,2,0,9,4,0,0,2,2,1,1.0,0.0036,0.0036,0,0.0011703531075200708,0,0,0.03576955754712285,1
1318,BENIGN,0,9,876,97.33,1,1,2,0,7,2,1,0,3,2,1,1.0,0.005,0.0063,0,0.05175729215140489,1,0,0.45490758629665434,0
1319,BENIGN,0,8,857,107.12,1,1,2,0,7,2,0,0,2,2,1,1.0,0.0046,0.0066,0,0.0,0,0,0.021680495029349767,0
1320,BENIGN,0,9,1730,192.22,1,1,2,0,8,3,0,0,2,2,1,1.0,0.004,0.005,0,0.0,0,0,0.01344339712587824,0
1321,BENIGN,0,8,629,78.62,1,1,2,0,7,2,0,0,2,2,1,1.0,0.0046,0.0066,0,0.007623182343235666,0,0,0.06534743736849515,0
1323,BENIGN,0,10,2462,246.2,1,1,2,0,9,4,0,0,2,2,1,1.0,0.0036,0.0036,0,0.0011703531075200708,0,0,0.05632594871923008,0
1325,BENIGN,0,8,700,87.5,1,1,2,0,7,2,0,0,2,2,1,1.0,0.0046,0.0066,0,0.0,0,0,0.04043250964743471,0
1326,BENIGN,0,11,2304,209.45,1,1,2,0,9,4,1,0,2,2,1,1.0,0.004,0.0037,0,0.0,0,0,0.2791509542077229,0
1328,BENIGN,0,98,18023,183.91,11,11,22,0,87,32,0,0,2,12,11,1.0,0.006,0.0085,0,0.07575131248783804,0,1,0.9397543197647206,0
1329,BENIGN,0,10,1908,190.8,1,1,2,0,9,4,0,0,2,2,1,1.0,0.0036,0.0036,0,0.0011703531075200708,0,0,0.03349943300762713,0
1331,BENIGN,0,10,1176,117.6,1,1,2,0,9,4,0,0,2,2,1,1.0,0.0036,0.0036,0,0.0010008741258741266,0,0,0.07130294429445613,0
1332,BENIGN,0,10,1584,158.4,1,1,2,0,9,4,0,0,2,2,1,1.0,0.0036,0.0036,0,0.0011703531075200708,0,0,0.035651907654669836,0
1333,BENIGN,0,8,987,123.38,1,1,2,0,7,2,0,0,2,2,1,1.0,0.0046,0.0066,0,0.0,0,0,0.015688001099037424,0
1334,BENIGN,0,10,2153,215.3,1,1,2,0,9,4,0,0,2,2,1,1.0,0.0036,0.0036,0,0.0011703531075200708,0,0,0.04739090193343845,1
1335,BENIGN,0,9,1611,179.0,1,1,2,0,8,3,0,0,2,2,1,1.0,0.004,0.005,0,0.0,0,0,0.007102455167361524,0
1337,BENIGN,0,8,1140,142.5,1,1,2,0,7,2,0,0,2,2,1,1.0,0.0046,0.0066,0,0.0,0,0,0.020535029873887133,0
1338,BENIGN,0,8,1191,148.88,1,1,2,0,7,2,0,0,2,2,1,1.0,0.0046,0.0066,0,0.0,0,0,0.025426903269710813,0
1339,BENIGN,0,5,842,168.4,1,1,0,0,4,2,0,0,2,2,1,1.0,0.0025,0.0026,0,0.03236885445930537,0,0,0.4120251828580004,0
1340,BENIGN,0,12,1732,144.33,1,1,4,0,11,3,0,0,3,3,1,1.0,0.0629,0.1834,0,0.20847415191701976,1,1,0.6732292315313407,0
1342,BENIGN,0,9,1838,204.22,1,1,2,0,8,3,0,0,2,2,1,1.0,0.004,0.005,0,0.0,0,0,0.022094273957648305,0
1343,BENIGN,0,10,1810,181.0,1,1,2,0,9,4,0,0,2,2,1,1.0,0.0036,0.0036,0,0.0011703531075200708,0,0,0.03419161976923301,0
1344,BENIGN,0,8,1134,141.75,1,1,2,0,7,2,0,0,2,2,1,1.0,0.0046,0.0066,0,0.0,0,0,0.021196241399233536,0
1345,BENIGN,0,9,1432,159.11,1,1,2,0,8,3,0,0,2,2,1,1.0,0.004,0.005,0,0.0,0,0,0.0022766713823464567,0
1347,BENIGN,0,8,945,118.12,1,1,2,0,7,2,0,0,2,2,1,1.0,0.0046,0.0066,0,0.0,0,0,0.014367556014100771,0
1348,BENIGN,0,10,1688,168.8,1,1,2,0,9,4,0,0,2,2,1,1.0,0.0036,0.0036,0,0.0011703531075200708,0,0,0.03396635949809275,0
1349,BENIGN,0,8,735,91.88,1,1,2,0,7,2,0,0,2,2,1,1.0,0.0046,0.0066,0,0.0,0,0,0.03389954877652737,1
1350,BENIGN,0,10,1730,173.0,1,1,2,0,9,4,0,0,2,2,1,1.0,0.0036,0.0036,0,0.0011703531075200708,0,0,0.032699110238374116,0
1352,BENIGN,0,91,16734,183.89,10,10,20,0,81,31,0,0,2,11,10,1.0,0.0062,0.0098,0,0.017910307020293025,0,1,0.8758006717844085,0
1353,BENIGN,0,10,1216,121.6,1,1,2,0,9,4,0,0,2,2,1,1.0,0.0036,0.0036,0,0.0010008741258741266,0,0,0.06471147918133201,0
1354,BENIGN,0,17,2398,141.06,2,2,4,0,15,5,0,0,2,3,2,1.0,0.0051,0.0065,0,0.2512608298248236,0,0,0.4127052545249757,1
1355,BENIGN,0,54,10080,186.67,6,6,12,0,48,18,0,0,2,7,6,1.0,0.0048,0.0073,0,0.011230874573105424,0,1,0.7760649577825129,0
1356,BENIGN,0,9,1494,166.0,1,1,2,0,8,3,0,0,2,2,1,1.0,0.004,0.005,0,0.0,0,0,0.0022199658781788902,1
1357,BENIGN,0,10,1411,141.1,1,1,2,0,9,4,0,0,2,2,1,1.0,0.0036,0.0036,0,0.0011703531075200708,0,0,0.05076691331097468,0
1358,BENIGN,0,9,1877,208.56,1,1,2,0,8,3,0,0,2,2,1,1.0,0.004,0.005,0,0.0,0,0,0.02453998358971088,1
1360,BENIGN,0,10,2597,259.7,1,1,2,0,9,4,0,0,2,2,1,1.0,0.0036,0.0036,0,0.0011703531075200708,0,0,0.07162365516791795,0
1361,BENIGN,0,10,2403,240.3,1,1,2,0,9,4,0,0,2,2,1,1.0,0.0036,0.0036,0,0.0011703531075200708,0,0,0.05291870364263564,0
1363,BENIGN,0,10,2605,260.5,1,1,2,0,9,4,0,0,2,2,1,1.0,0.0036,0.0036,0,0.0011703531075200708,0,0,0.07162365516791795,1
1364,BENIGN,0,8,1184,148.0,1,1,2,0,7,2,0,0,2,2,1,1.0,0.0046,0.0066,0,0.0,0,0,0.02475436563648315,0
1365,BENIGN,0,9,2075,230.56,1,1,2,0,8,3,0,0,2,2,1,1.0,0.004,0.005,0,0.0,0,0,0.04760217361091746,1
1366,BENIGN,0,8,732,91.5,1,1,2,0,7,2,0,0,2,2,1,1.0,0.0046,0.0066,0,0.0,0,0,0.03521642785788378,1
1368,BENIGN,0,8,1232,154.0,1,1,2,0,7,2,0,0,2,2,1,1.0,0.0046,0.0066,0,0.0,0,0,0.036432330702977626,0
1369,BENIGN,0,8,995,124.38,1,1,2,0,7,2,0,0,2,2,1,1.0,0.0046,0.0066,0,0.0,0,0,0.015057988905111246,1
1370,BENIGN,0,9,754,83.78,1,1,2,0,7,2,1,0,2,2,1,1.0,0.005,0.0063,0,0.0046878198567041965,0,0,0.24441684496429272,0
1371,BENIGN,0,10,2610,261.0,1,1,2,0,9,4,0,0,2,2,1,1.0,0.0036,0.0036,0,0.0011703531075200708,0,0,0.0721860367570424,1
1372,BENIGN,0,10,1320,132.0,1,1,2,0,9,4,0,0,2,2,1,1.0,0.0036,0.0036,0,0.0010008741258741266,0,0,0.05579182654692054,0
1373,BENIGN,0,8,1273,159.12,1,1,2,0,7,2,0,0,2,2,1,1.0,0.0046,0.0066,0,0.0,0,0,0.05024980731681003,0
1374,BENIGN,0,9,1985,220.56,1,1,2,0,8,3,0,0,2,2,1,1.0,0.004,0.005,0,0.0,0,0,0.02894117039484357,0
1376,BENIGN,0,10,1094,109.4,1,1,2,0,8,3,1,0,2,2,1,1.0,0.0044,0.0049,0,0.0,0,0,0.20956608358415096,0
1377,BENIGN,0,9,1485,165.0,1,1,2,0,8,3,0,0,2,2,1,1.0,0.004,0.005,0,0.0,0,0,0.0010385603129981148,0
1379,BENIGN,0,9,1745,193.89,1,1,2,0,8,3,0,0,2,2,1,1.0,0.004,0.005,0,0.0,0,0,0.01398596059361897,0
1381,BENIGN,0,10,2267,226.7,1,1,2,0,9,4,0,0,2,2,1,1.0,0.0036,0.0036,0,0.0011703531075200708,0,0,0.05036935604839783,1
1382,BENIGN,0,10,1786,178.6,1,1,2,0,9,4,0,0,2,2,1,1.0,0.0036,0.0036,0,0.0011703531075200708,0,0,0.032266456148168095,0
1383,BENIGN,0,10,2928,292.8,1,1,2,0,9,4,0,0,2,2,1,1.0,0.0036,0.0036,0,0.0011703531075200708,0,0,0.13463410374139795,0
1384,BENIGN,0,10,1648,164.8,1,1,2,0,9,4,0,0,2,2,1,1.0,0.0036,0.0036,0,0.0011703531075200708,0,0,0.03066148575215417,1
1385,BENIGN,0,8,1244,155.5,1,1,2,0,7,2,0,0,2,2,1,1.0,0.0046,0.0066,0,0.0,0,0,0.0406875439663005,0
1386,BENIGN,0,18,3414,189.67,2,2,4,0,16,6,0,0,3,3,2,1.0,0.0372,0.1329,0,0.09093751653074458,1,0,0.5208943304555935,0
1387,BENIGN,0,9,1044,116.0,1,1,2,0,7,2,1,0,3,2,1,1.0,0.005,0.0063,0,0.029696243039560522,1,0,0.4481124993851443,1
1388,BENIGN,0,10,1511,151.1,1,1,2,0,9,4,0,0,2,2,1,1.0,0.0036,0.0036,0,0.0011703531075200708,0,0,0.042113974391184174,1
1390,BENIGN,0,8,827,103.38,1,1,2,0,7,2,0,0,2,2,1,1.0,0.0046,0.0066,0,0.0,0,0,0.025235965775928782,0
1391,BENIGN,0,8,795,99.38,1,1,2,0,7,2,0,0,2,2,1,1.0,0.0046,0.0066,0,0.0,0,0,0.02927964393148246,0
1392,BENIGN,0,8,883,110.38,1,1,2,0,7,2,0,0,2,2,1,1.0,0.0046,0.0066,0,0.0,0,0,0.018178446825237653,0
1393,BENIGN,0,10,1434,143.4,1,1,2,0,9,4,0,0,2,2,1,1.0,0.0036,0.0036,0,0.0011703531075200708,0,0,0.04801391448695803,0
1395,BENIGN,0,9,1161,129.0,1,1,2,0,8,3,0,0,2,2,1,1.0,0.004,0.005,0,0.0,0,0,0.01103743477146029,0
1396,BENIGN,0,9,1060,117.78,1,1,2,0,8,3,0,0,2,2,1,1.0,0.004,0.005,0,0.0,0,0,0.016365499488962848,0
1397,BENIGN,0,10,2761,276.1,1,1,2,0,9,4,0,0,2,2,1,1.0,0.0036,0.0036,0,0.0011703531075200708,0,0,0.10643791581404026,0
1398,BENIGN,0,9,2018,224.22,1,1,2,0,8,3,0,0,2,2,1,1.0,0.004,0.005,0,0.0,0,0,0.039772630673704235,0
1400,STEALTH_WEB,1,15,1811,120.73,2,2,3,0,13,5,0,0,3,3,2,1.0,0.0516,0.1717,1,0.9153193186905999,1,1,0.6384845478836447,0
1401,BENIGN,0,10,1758,175.8,1,1,2,0,9,4,0,0,2,2,1,1.0,0.0036,0.0036,0,0.0011703531075200708,0,0,0.032879481164342056,1
1402,BENIGN,0,8,839,104.88,1,1,2,0,7,2,0,0,2,2,1,1.0,0.0046,0.0066,0,0.0,0,0,0.023603974961471725,1
1403,STEALTH_WEB,1,6,643,107.17,1,1,1,0,5,2,0,0,2,2,1,1.0,0.004,0.0038,1,0.993528477080047,0,0,0.22098379688792016,1
1404,BENIGN,0,10,1317,131.7,1,1,2,0,8,3,1,0,2,2,1,1.0,0.0044,0.0049,0,0.0014717223650385605,0,0,0.18952821006572512,1
1405,BENIGN,0,10,1004,100.4,1,1,2,0,8,3,1,0,2,2,1,1.0,0.0044,0.0049,0,0.00909451075532774,0,0,0.21687995628520396,0
1406,BENIGN,0,10,2254,225.4,1,1,2,0,9,4,0,0,2,2,1,1.0,0.0036,0.0036,0,0.0011703531075200708,0,0,0.04941338825564036,0
1407,STEALTH_WEB,1,14,1490,106.43,2,2,3,0,12,4,0,0,3,3,2,1.0,0.0271,0.0792,1,0.9999084168009145,1,1,0.6140423621850366,0
1409,BENIGN,0,8,1082,135.25,1,1,2,0,7,2,0,0,2,2,1,1.0,0.0046,0.0066,0,0.0,0,0,0.018784221739701942,0
1410,BENIGN,0,10,1219,121.9,1,1,2,0,9,4,0,0,2,2,1,1.0,0.0036,0.0036,0,0.0010008741258741266,0,0,0.06471147918133201,0
1411,STEALTH_WEB,1,14,1502,107.29,2,2,3,0,12,4,0,0,3,3,2,1.0,0.0522,0.1659,1,0.9031501915136453,1,1,0.6448921576411152,0
1413,BENIGN,0,89,15953,179.25,10,10,20,0,79,29,0,0,2,11,10,1.0,0.0043,0.0068,0,0.0586372515817676,0,1,0.8712671046464254,0
1414,BENIGN,0,10,1331,133.1,1,1,2,0,8,3,1,0,2,2,1,1.0,0.0044,0.0049,0,0.0014717223650385605,0,0,0.18859369896465525,0
1415,STEALTH_WEB,1,16,2340,146.25,2,2,3,0,14,6,0,0,3,3,2,1.0,0.0151,0.0427,1,0.9694394387787166,1,1,0.5664333536282049,0
1416,BENIGN,0,10,2087,208.7,1,1,2,0,9,4,0,0,2,2,1,1.0,0.0036,0.0036,0,0.0011703531075200708,0,0,0.04528646917942605,1
1417,BENIGN,0,9,923,102.56,1,1,2,0,8,3,0,0,2,2,1,1.0,0.004,0.005,0,0.0,0,0,0.02916197579258353,1
1418,BENIGN,0,9,1774,197.11,1,1,2,0,8,3,0,0,2,2,1,1.0,0.004,0.005,0,0.0,0,0,0.01802337389302742,0
1419,BENIGN,0,9,1324,147.11,1,1,2,0,7,2,1,0,2,2,1,1.0,0.005,0.0063,0,0.0,0,0,0.23919499489216617,0
1420,STEALTH_WEB,1,6,634,105.67,1,1,1,0,5,2,0,0,2,2,1,1.0,0.004,0.0038,1,0.9975606416171139,0,0,0.22488045049569452,0
1421,BENIGN,0,11,1619,147.18,1,1,2,0,9,4,1,0,2,2,1,1.0,0.004,0.0037,0,0.0,0,0,0.25373873693173554,0
1423,BENIGN,0,71,12614,177.66,8,8,16,0,63,23,0,0,2,9,8,1.0,0.0053,0.0076,0,0.027199025377877238,0,1,0.7785012730977077,1
1424,STEALTH_WEB,1,6,634,105.67,1,1,1,0,5,2,0,0,2,2,1,1.0,0.004,0.0038,1,0.9975606416171139,0,0,0.22488045049569452,0
1425,BENIGN,0,20,3201,160.05,2,2,4,0,17,7,1,0,2,3,2,1.0,0.0402,0.1537,0,0.025266404330432254,0,1,0.61363038430236,0
1426,BENIGN,0,9,1677,186.33,1,1,2,0,8,3,0,0,2,2,1,1.0,0.004,0.005,0,0.0,0,0,0.013191861773008745,1
1428,STEALTH_WEB,1,86,15294,177.84,10,10,19,0,76,28,0,0,3,11,10,1.0,0.0099,0.044,0,0.12254948733272872,1,1,0.9294397455920631,1
1429,BENIGN,0,10,1452,145.2,1,1,2,0,9,4,0,0,2,2,1,1.0,0.0036,0.0036,0,0.0011703531075200708,0,0,0.046589134578606695,1
1430,BENIGN,0,9,1169,129.89,1,1,2,0,8,3,0,0,2,2,1,1.0,0.004,0.005,0,0.0,0,0,0.007482582603906674,0
1431,BENIGN,0,9,1773,197.0,1,1,2,0,8,3,0,0,2,2,1,1.0,0.004,0.005,0,0.0,0,0,0.01802337389302742,0
1432,STEALTH_WEB,1,6,643,107.17,1,1,1,0,5,2,0,0,2,2,1,1.0,0.004,0.0038,1,0.993528477080047,0,0,0.22098379688792016,0
1433,BENIGN,0,8,643,80.38,1,1,2,0,7,2,0,0,2,2,1,1.0,0.0046,0.0066,0,0.007623182343235666,0,0,0.056089095861438946,0
1434,BENIGN,0,10,1574,157.4,1,1,2,0,8,3,1,0,2,2,1,1.0,0.0044,0.0049,0,0.0014717223650385605,0,0,0.19082488238879422,0
1435,BENIGN,0,9,1833,203.67,1,1,2,0,8,3,0,0,2,2,1,1.0,0.004,0.005,0,0.0,0,0,0.022094273957648305,0
1436,BENIGN,0,9,1435,159.44,1,1,2,0,8,3,0,0,2,2,1,1.0,0.004,0.005,0,0.0,0,0,0.0022766713823464567,1
1437,STEALTH_WEB,1,15,2104,140.27,2,2,3,0,13,5,0,0,3,3,2,1.0,0.0577,0.1937,1,0.6145613358910506,1,1,0.6632113032098474,1
1439,BENIGN,0,9,1376,152.89,1,1,2,0,8,3,0,0,2,2,1,1.0,0.004,0.005,0,0.0,0,0,0.0009742172939565372,0
1441,STEALTH_WEB,1,14,1793,128.07,2,2,3,0,12,4,0,0,3,3,2,1.0,0.0132,0.0311,1,0.9999084168009145,1,1,0.5641414919560037,1
1442,BENIGN,0,19,4844,254.95,2,2,4,0,17,7,0,0,3,3,2,1.0,0.0391,0.1458,0,0.05560550945276617,0,1,0.5860704515120503,0
1444,BENIGN,0,20,4150,207.5,2,2,4,0,17,7,1,0,2,3,2,1.0,0.0384,0.1459,0,0.010929596925737549,0,1,0.6216294438884403,0
1445,STEALTH_WEB,1,6,643,107.17,1,1,1,0,5,2,0,0,2,2,1,1.0,0.004,0.0038,1,0.993528477080047,0,0,0.22098379688792016,0
1446,BENIGN,0,8,790,98.75,1,1,2,0,7,2,0,0,2,2,1,1.0,0.0046,0.0066,0,0.0,0,0,0.028858302618094023,0
1447,BENIGN,0,8,1245,155.62,1,1,2,0,7,2,0,0,2,2,1,1.0,0.0046,0.0066,0,0.0,0,0,0.0406875439663005,1
1448,BENIGN,0,9,1723,191.44,1,1,2,0,8,3,0,0,2,2,1,1.0,0.004,0.005,0,0.0,0,0,0.01344339712587824,0
1449,STEALTH_WEB,1,16,2182,136.38,2,2,3,0,13,5,1,0,3,3,2,1.0,0.0168,0.0472,1,0.9595021260483492,1,1,0.6969894595113006,1
1451,BENIGN,0,8,1123,140.38,1,1,2,0,7,2,0,0,2,2,1,1.0,0.0046,0.0066,0,0.0,0,0,0.019293116753393687,0
1452,BENIGN,0,9,1311,145.67,1,1,2,0,8,3,0,0,2,2,1,1.0,0.004,0.005,0,0.0,0,0,0.003943057942105674,1
1453,BENIGN,0,8,1105,138.12,1,1,2,0,7,2,0,0,2,2,1,1.0,0.0046,0.0066,0,0.0,0,0,0.019613202439164812,1
1454,STEALTH_WEB,1,20,2754,137.7,3,3,3,0,17,7,0,0,3,4,3,1.0,0.0503,0.1384,1,0.8447461942598885,1,1,0.7079642732725324,0
1455,BENIGN,0,6,909,151.5,0,0,2,0,6,3,0,0,2,2,0,0.0,0.0044,0.004,0,0.16797370771891662,0,1,0.5630984700306801,0
1456,BENIGN,0,8,1111,138.88,1,1,2,0,7,2,0,0,2,2,1,1.0,0.0046,0.0066,0,0.0,0,0,0.019613202439164812,0
1457,BENIGN,0,9,1227,136.33,1,1,2,0,8,3,0,0,2,2,1,1.0,0.004,0.005,0,0.0,0,0,0.005846601017568713,0
1458,STEALTH_WEB,1,11,1505,136.82,2,2,1,0,9,4,0,0,3,3,2,1.0,0.0848,0.2444,1,0.5142913438839747,1,1,0.7312109241322485,1
1459,BENIGN,0,4,641,160.25,0,0,2,0,4,1,0,0,2,2,0,0.0,0.006,0.0071,0,0.27715957771657945,0,1,0.645762187167762,1
1460,BENIGN,0,8,815,101.88,1,1,2,0,7,2,0,0,2,2,1,1.0,0.0046,0.0066,0,0.0,0,0,0.02762608606678448,0
1461,STEALTH_WEB,1,16,2210,138.12,2,2,3,0,14,6,0,0,3,3,2,1.0,0.0343,0.1144,1,0.9539569379475467,1,1,0.5901646942328951,0
1462,BENIGN,0,8,1019,127.38,1,1,2,0,7,2,0,0,2,2,1,1.0,0.0046,0.0066,0,0.0,0,0,0.01521141018571839,1
1464,BENIGN,0,81,14524,179.31,9,9,18,0,72,27,0,0,2,10,9,1.0,0.0055,0.008,0,0.013497975613741968,0,1,0.7968305876510833,0
1465,STEALTH_WEB,1,15,2627,175.13,2,2,3,0,13,5,0,0,3,3,2,1.0,0.0149,0.0397,1,0.9319456625294557,1,1,0.5735701137301134,0
1467,BENIGN,0,10,1791,179.1,1,1,2,0,9,4,0,0,2,2,1,1.0,0.0036,0.0036,0,0.0011703531075200708,0,0,0.03409672590137025,0
1468,BENIGN,0,9,1925,213.89,1,1,2,0,8,3,0,0,2,2,1,1.0,0.004,0.005,0,0.0,0,0,0.02917866626768136,0
1469,BENIGN,0,8,1152,144.0,1,1,2,0,7,2,0,0,2,2,1,1.0,0.0046,0.0066,0,0.0,0,0,0.022063807881047677,0
1471,BENIGN,0,8,1215,151.88,1,1,2,0,7,2,0,0,2,2,1,1.0,0.0046,0.0066,0,0.0,0,0,0.02810201060894152,0
1472,BENIGN,0,8,1273,159.12,1,1,2,0,7,2,0,0,2,2,1,1.0,0.0046,0.0066,0,0.0,0,0,0.05024980731681003,0
1473,BENIGN,0,9,1839,204.33,1,1,2,0,8,3,0,0,2,2,1,1.0,0.004,0.005,0,0.0,0,0,0.022094273957648305,0
1475,BENIGN,0,98,17889,182.54,11,11,22,0,87,32,0,0,2,12,11,1.0,0.0048,0.0068,0,0.18916083257821711,0,1,0.9413602085992577,1
1476,BENIGN,0,10,2349,234.9,1,1,2,0,9,4,0,0,2,2,1,1.0,0.0036,0.0036,0,0.0011703531075200708,0,0,0.05774648136935177,0
1477,BENIGN,0,9,772,85.78,1,1,2,0,7,2,1,0,2,2,1,1.0,0.005,0.0063,0,0.0,0,0,0.24248102188040632,0
1479,BENIGN,0,8,1036,129.5,1,1,2,0,7,2,0,0,2,2,1,1.0,0.0046,0.0066,0,0.0,0,0,0.015133947447431262,0
1480,BENIGN,0,13,2096,161.23,2,2,2,0,11,4,0,0,3,3,2,1.0,0.0814,0.2575,0,0.45948280241589023,1,1,0.6955061248109752,0
1481,BENIGN,0,4,204,51.0,0,0,2,0,3,0,1,0,2,2,0,0.0,0.0033,0.0033,0,0.058535354592638436,0,1,0.7564718444496906,1
1482,BENIGN,0,10,2434,243.4,1,1,2,0,9,4,0,0,2,2,1,1.0,0.0036,0.0036,0,0.0011703531075200708,0,0,0.057097199085731465,0
1483,BENIGN,0,9,1678,186.44,1,1,2,0,8,3,0,0,2,2,1,1.0,0.004,0.005,0,0.0,0,0,0.013191861773008745,0
1484,BENIGN,0,9,927,103.0,1,1,2,0,8,3,0,0,2,2,1,1.0,0.004,0.005,0,0.0,0,0,0.02916197579258353,0
1485,BENIGN,0,9,952,105.78,1,1,2,0,8,3,0,0,2,2,1,1.0,0.004,0.005,0,0.0,0,0,0.02295632766564759,0
1487,BENIGN,0,97,16617,171.31,11,11,22,0,86,31,0,0,3,12,11,1.0,0.0072,0.021,0,0.2362819681164722,1,1,0.993588393656859,0
1489,BENIGN,0,95,17076,179.75,11,11,20,0,84,32,0,0,3,12,11,1.0,0.0101,0.0526,0,0.08353876009470065,1,1,0.9870776247154667,0
1490,BENIGN,0,7,2095,299.29,1,0,2,0,6,3,0,0,3,2,1,1.0,0.1661,0.3617,1,0.5653422774052992,0,1,0.6954923736867784,1
1491,BENIGN,0,7,956,136.57,0,1,2,0,7,2,0,0,2,2,0,0.0,0.0052,0.007,0,0.029537120092228534,0,0,0.481792739706334,0
1492,BENIGN,0,15,2852,190.13,2,2,2,0,13,6,0,0,2,3,2,1.0,0.0599,0.2031,0,0.14015094286021954,0,1,0.5723417894316769,1
1493,BENIGN,0,3,120,40.0,0,0,2,0,3,0,0,0,2,2,0,0.0,0.001,0.0,0,0.023004300971034754,0,1,0.737416240478715,0
1494,BENIGN,0,9,1546,171.78,1,1,2,0,8,3,0,0,2,2,1,1.0,0.004,0.005,0,0.0,0,0,0.005360651973808124,0
1495,BENIGN,0,10,2883,288.3,1,1,2,0,9,4,0,0,2,2,1,1.0,0.0036,0.0036,0,0.0011703531075200708,0,0,0.11992639757349033,0
1496,BENIGN,0,11,1287,117.0,1,1,2,0,9,4,1,0,3,2,1,1.0,0.004,0.0037,0,0.08073029673443749,1,0,0.44287385544349755,0
1498,BENIGN,0,16,2183,136.44,2,2,2,0,14,7,0,0,2,3,2,1.0,0.064,0.2271,0,0.1034774747033397,0,1,0.5983703405896924,0
1499,BENIGN,0,11,782,71.09,1,1,4,0,10,2,0,0,2,3,1,1.0,0.0962,0.2773,0,0.12667415546591793,0,1,0.6427092227351694,0
1501,BENIGN,0,10,2182,218.2,1,1,2,0,9,4,0,0,2,2,1,1.0,0.0036,0.0036,0,0.0011703531075200708,0,0,0.04708593730408867,0
1502,BENIGN,0,8,1104,138.0,1,1,2,0,7,2,0,0,2,2,1,1.0,0.0046,0.0066,0,0.0,0,0,0.019613202439164812,0
1503,BENIGN,0,9,1752,194.67,1,1,2,0,8,3,0,0,2,2,1,1.0,0.004,0.005,0,0.0,0,0,0.016506764764169343,1
1504,SYN_SCAN,1,130,6957,53.52,68,1,2,53,62,4,0,0,3,122,68,68.0,0.0061,0.0054,1,0.9981731201954912,1,1,0.8959191641629937,1
1505,SYN_SCAN,1,148,5920,40.0,84,0,0,64,64,0,0,0,2,148,84,84.0,0.0068,0.0055,1,0.9491895664084307,1,1,0.892252798586271,0
1506,SYN_SCAN,1,164,7235,44.12,84,1,2,73,80,2,0,0,3,158,84,84.0,0.0061,0.0055,1,0.995,1,1,0.9159277002367545,0
1507,SYN_SCAN,1,39,2314,59.33,17,1,2,14,22,3,0,0,3,32,17,17.0,0.0092,0.0217,1,0.9823897920935019,1,1,0.8304550319118665,1
1508,BENIGN,0,9,1953,217.0,1,1,2,0,8,3,0,0,2,2,1,1.0,0.004,0.005,0,0.0,0,0,0.028723573777450894,0
1509,BENIGN,0,10,2637,263.7,1,1,2,0,9,4,0,0,2,2,1,1.0,0.0036,0.0036,0,0.0011703531075200708,0,0,0.0802684877273577,0
1510,BENIGN,0,9,1130,125.56,1,1,2,0,8,3,0,0,2,2,1,1.0,0.004,0.005,0,0.0,0,0,0.013078391396349398,1
1511,BENIGN,0,10,1414,141.4,1,1,2,0,8,3,1,0,2,2,1,1.0,0.0044,0.0049,0,0.0014717223650385605,0,0,0.18661387731100101,0
1512,BENIGN,0,9,1204,133.78,1,1,2,0,8,3,0,0,2,2,1,1.0,0.004,0.005,0,0.0,0,0,0.006478222329759186,0
1513,BENIGN,0,10,1597,159.7,1,1,2,0,9,4,0,0,2,2,1,1.0,0.0036,0.0036,0,0.0011703531075200708,0,0,0.03626967090142621,0
1514,BENIGN,0,9,1016,112.89,1,1,2,0,8,3,0,0,2,2,1,1.0,0.004,0.005,0,0.0,0,0,0.01980643065903357,0
1515,BENIGN,0,4,337,84.25,1,1,0,0,3,1,0,0,2,2,1,1.0,0.001,0.0,0,0.06745967587967326,0,1,0.5297500565066989,1
1516,BENIGN,0,14,2375,169.64,1,1,4,0,13,5,0,0,2,3,1,1.0,0.0578,0.1847,0,0.04837689729689907,0,1,0.5745669660714509,0
1518,BENIGN,0,9,1212,134.67,1,1,2,0,8,3,0,0,2,2,1,1.0,0.004,0.005,0,0.0,0,0,0.005846601017568713,0
1519,BENIGN,0,10,2731,273.1,1,1,2,0,9,4,0,0,2,2,1,1.0,0.0036,0.0036,0,0.0011703531075200708,0,0,0.09844014263344573,0
1521,BENIGN,0,8,1096,137.0,1,1,2,0,7,2,0,0,2,2,1,1.0,0.0046,0.0066,0,0.0,0,0,0.019406856496141135,0
1522,BENIGN,0,9,1244,138.22,1,1,2,0,8,3,0,0,2,2,1,1.0,0.004,0.005,0,0.0,0,0,0.004757467095227901,1
1523,BENIGN,0,9,2028,225.33,1,1,2,0,8,3,0,0,2,2,1,1.0,0.004,0.005,0,0.0,0,0,0.04112055686763768,0
1525,BENIGN,0,9,1624,180.44,1,1,2,0,8,3,0,0,2,2,1,1.0,0.004,0.005,0,0.0,0,0,0.008517834355855455,0
1526,BENIGN,0,82,14990,182.8,9,9,18,0,73,28,0,0,2,10,9,1.0,0.0063,0.0097,0,0.02732263842684408,0,1,0.7926248555123175,1
1527,BENIGN,0,8,1198,149.75,1,1,2,0,7,2,0,0,2,2,1,1.0,0.0046,0.0066,0,0.0,0,0,0.027271178037660347,0
1529,BENIGN,0,10,1902,190.2,1,1,2,0,9,4,0,0,2,2,1,1.0,0.0036,0.0036,0,0.0011703531075200708,0,0,0.033534206354184894,0
1530,BENIGN,0,62,11236,181.23,7,7,14,0,55,20,0,0,2,8,7,1.0,0.0055,0.0068,0,0.05822194791026028,0,1,0.7828077218245341,1
1532,BENIGN,0,8,1039,129.88,1,1,2,0,7,2,0,0,2,2,1,1.0,0.0046,0.0066,0,0.0,0,0,0.013890135212257227,1
1533,BENIGN,0,10,2914,291.4,1,1,2,0,9,4,0,0,2,2,1,1.0,0.0036,0.0036,0,0.0011703531075200708,0,0,0.13321289823398424,1
1535,BENIGN,0,8,1186,148.25,1,1,2,0,7,2,0,0,2,2,1,1.0,0.0046,0.0066,0,0.0,0,0,0.02475436563648315,0
1536,BENIGN,0,9,855,95.0,1,1,2,0,7,2,1,0,2,2,1,1.0,0.005,0.0063,0,0.0,0,0,0.22991581887155652,1
1537,BENIGN,0,10,1241,124.1,1,1,2,0,9,4,0,0,2,2,1,1.0,0.0036,0.0036,0,0.0010008741258741266,0,0,0.06265203759004416,1
1538,BENIGN,0,8,928,116.0,1,1,2,0,7,2,0,0,2,2,1,1.0,0.0046,0.0066,0,0.0,0,0,0.01411742881073348,1
1539,BENIGN,0,53,9381,177.0,6,6,12,0,47,17,0,0,2,7,6,1.0,0.0053,0.0075,0,0.011970418567740655,0,1,0.7732558543999619,0
1540,BENIGN,0,45,8400,186.67,5,5,10,0,40,15,0,0,2,6,5,1.0,0.0053,0.0067,0,0.03704380945490616,0,1,0.7812993445706641,0
1541,BENIGN,0,9,2000,222.22,1,1,2,0,8,3,0,0,2,2,1,1.0,0.004,0.005,0,0.0,0,0,0.035042303454745245,0
1542,BENIGN,0,9,927,103.0,1,1,2,0,7,2,1,0,2,2,1,1.0,0.005,0.0063,0,0.0,0,0,0.21473924474104442,0
1544,BENIGN,0,9,1860,206.67,1,1,2,0,8,3,0,0,2,2,1,1.0,0.004,0.005,0,0.0,0,0,0.024850310318739844,0
1545,BENIGN,0,11,1229,111.73,1,1,2,0,9,4,1,0,2,2,1,1.0,0.004,0.0037,0,0.007413642022540576,0,0,0.2779797403408234,1
1546,BENIGN,0,9,1206,134.0,1,1,2,0,8,3,0,0,2,2,1,1.0,0.004,0.005,0,0.0,0,0,0.006478222329759186,1
1547,BENIGN,0,8,808,101.0,1,1,2,0,7,2,0,0,2,2,1,1.0,0.0046,0.0066,0,0.0,0,0,0.02762608606678448,1
1548,BENIGN,0,10,2382,238.2,1,1,2,0,9,4,0,0,2,2,1,1.0,0.0036,0.0036,0,0.0011703531075200708,0,0,0.05445625791554115,0
1550,BENIGN,0,8,1000,125.0,1,1,2,0,7,2,0,0,2,2,1,1.0,0.0046,0.0066,0,0.0,0,0,0.015057988905111246,0
1552,BENIGN,0,10,2400,240.0,1,1,2,0,9,4,0,0,2,2,1,1.0,0.0036,0.0036,0,0.0011703531075200708,0,0,0.05291870364263564,0
1553,BENIGN,0,9,1465,162.78,1,1,2,0,8,3,0,0,2,2,1,1.0,0.004,0.005,0,0.0,0,0,0.0,0
1554,BENIGN,0,8,861,107.62,1,1,2,0,7,2,0,0,2,2,1,1.0,0.0046,0.0066,0,0.0,0,0,0.02221533076371314,1
1556,BENIGN,0,19,3095,162.89,2,2,4,0,17,7,0,0,2,3,2,1.0,0.0441,0.1665,0,0.019642910492525076,0,0,0.44980877448213646,0
1558,BENIGN,0,8,961,120.12,1,1,2,0,7,2,0,0,2,2,1,1.0,0.0046,0.0066,0,0.0,0,0,0.014636005317012384,1
1559,BENIGN,0,9,1779,197.67,1,1,2,0,8,3,0,0,2,2,1,1.0,0.004,0.005,0,0.0,0,0,0.01802337389302742,1
1561,BENIGN,0,10,1961,196.1,1,1,2,0,9,4,0,0,2,2,1,1.0,0.0036,0.0036,0,0.0011703531075200708,0,0,0.03803985646512793,0
1562,BENIGN,0,10,1781,178.1,1,1,2,0,9,4,0,0,2,2,1,1.0,0.0036,0.0036,0,0.0011703531075200708,0,0,0.032266456148168095,0
1563,BENIGN,0,17,2334,137.29,2,2,4,0,14,4,1,0,3,3,2,1.0,0.0519,0.1824,0,0.286451909944033,1,1,0.7167295339835373,0
1565,BENIGN,0,10,2335,233.5,1,1,2,0,9,4,0,0,2,2,1,1.0,0.0036,0.0036,0,0.0011703531075200708,0,0,0.05699870528525985,1
1566,BENIGN,0,10,1596,159.6,1,1,2,0,8,3,1,0,3,2,1,1.0,0.0044,0.0049,0,0.014362424646401419,1,0,0.40678988446558034,0
1567,BENIGN,0,8,698,87.25,1,1,2,0,7,2,0,0,2,2,1,1.0,0.0046,0.0066,0,0.0,0,0,0.04043250964743471,1
1568,BENIGN,0,9,1645,182.78,1,1,2,0,8,3,0,0,2,2,1,1.0,0.004,0.005,0,0.0,0,0,0.011815750469156236,1
1569,BENIGN,0,9,902,100.22,1,1,2,0,8,3,0,0,2,2,1,1.0,0.004,0.005,0,0.0,0,0,0.0331925179277772,0
1570,BENIGN,0,8,898,112.25,1,1,2,0,7,2,0,0,2,2,1,1.0,0.0046,0.0066,0,0.0,0,0,0.01547990470566967,0
1572,BENIGN,0,9,1889,209.89,1,1,2,0,8,3,0,0,2,2,1,1.0,0.004,0.005,0,0.0,0,0,0.02856969281968206,0
1573,BENIGN,0,10,1872,187.2,1,1,2,0,9,4,0,0,2,2,1,1.0,0.0036,0.0036,0,0.0011703531075200708,0,0,0.03457805960509051,0
1574,BENIGN,0,8,825,103.12,1,1,2,0,7,2,0,0,2,2,1,1.0,0.0046,0.0066,0,0.0,0,0,0.025235965775928782,0
1576,BENIGN,0,9,1154,128.22,1,1,2,0,8,3,0,0,2,2,1,1.0,0.004,0.005,0,0.0,0,0,0.011416832687126892,1
1577,BENIGN,0,8,1032,129.0,1,1,2,0,7,2,0,0,2,2,1,1.0,0.0046,0.0066,0,0.0,0,0,0.015133947447431262,0
1578,BENIGN,0,9,1988,220.89,1,1,2,0,8,3,0,0,2,2,1,1.0,0.004,0.005,0,0.0,0,0,0.033202555377099804,1
1579,BENIGN,0,9,894,99.33,1,1,2,0,7,2,1,0,2,2,1,1.0,0.005,0.0063,0,0.0,0,0,0.21870083988811168,0
1580,BENIGN,0,9,1053,117.0,1,1,2,0,8,3,0,0,2,2,1,1.0,0.004,0.005,0,0.0,0,0,0.01701926516821476,0
1581,BENIGN,0,5,503,100.6,1,1,0,0,4,2,0,0,2,2,1,1.0,0.0025,0.0026,0,0.04630911979403317,0,0,0.4371507286057354,0
1582,BENIGN,0,3,120,40.0,0,0,2,0,3,0,0,0,2,2,0,0.0,0.001,0.0,0,0.023004300971034754,0,1,0.737416240478715,0
1583,BENIGN,0,9,954,106.0,1,1,2,0,8,3,0,0,2,2,1,1.0,0.004,0.005,0,0.0,0,0,0.02295632766564759,0
1584,BENIGN,0,9,1373,152.56,1,1,2,0,8,3,0,0,2,2,1,1.0,0.004,0.005,0,0.0,0,0,0.0009742172939565372,1
1585,BENIGN,0,10,2766,276.6,1,1,2,0,9,4,0,0,2,2,1,1.0,0.0036,0.0036,0,0.0011703531075200708,0,0,0.10651775291819096,0
1587,BENIGN,0,8,1054,131.75,1,1,2,0,7,2,0,0,2,2,1,1.0,0.0046,0.0066,0,0.0,0,0,0.014778719740957241,0
1588,BENIGN,0,20,4715,235.75,2,2,4,0,18,8,0,0,2,3,2,1.0,0.0391,0.1508,0,0.016939998458603986,0,1,0.5411722991286252,0
1590,BENIGN,0,10,1584,158.4,1,1,2,0,9,4,0,0,2,2,1,1.0,0.0036,0.0036,0,0.0011703531075200708,0,0,0.035651907654669836,0
1591,BENIGN,0,9,1415,157.22,1,1,2,0,8,3,0,0,2,2,1,1.0,0.004,0.005,0,0.0,0,0,0.0004482833871846624,0
1592,BENIGN,0,7,783,111.86,1,1,2,0,6,2,0,0,2,2,1,1.0,0.0052,0.007,0,0.12916512429880528,0,0,0.09284608135758601,1
1593,BENIGN,0,11,2823,256.64,1,1,2,0,10,4,0,0,3,2,1,1.0,0.0988,0.2858,1,0.6836163117031441,0,1,0.6489599547063108,1
1594,BENIGN,0,8,904,113.0,1,1,2,0,7,2,0,0,2,2,1,1.0,0.0046,0.0066,0,0.0,0,0,0.017804452756845442,0
1596,BENIGN,0,9,923,102.56,1,1,2,0,7,2,1,0,3,2,1,1.0,0.005,0.0063,0,0.03410857444611158,1,0,0.44936562765925714,0
1597,BENIGN,0,14,3056,218.29,2,2,2,0,12,5,0,0,3,3,2,1.0,0.0606,0.2,0,0.43677943852382695,1,1,0.6777297678215746,0
1598,BENIGN,0,5,1128,225.6,0,0,2,0,5,2,0,0,2,2,0,0.0,0.0055,0.0062,0,0.23344411833631656,0,1,0.5977742434860301,1
1599,BENIGN,0,9,1518,168.67,1,1,2,0,8,3,0,0,2,2,1,1.0,0.004,0.005,0,0.0,0,0,0.005844097214797003,0
1600,BENIGN,0,8,986,123.25,1,1,2,0,7,2,0,0,2,2,1,1.0,0.0046,0.0066,0,0.0,0,0,0.015688001099037424,0
1602,BENIGN,0,35,4981,142.31,5,4,8,0,30,10,0,0,3,5,5,1.25,0.0262,0.1129,1,0.70593279756859,1,1,0.8727081623552784,0
1603,BENIGN,0,81,14882,183.73,8,9,18,0,72,27,1,0,3,10,8,0.889,0.0107,0.0513,0,0.1705943972620474,1,1,0.957856162151061,0
1604,CONN_FLOOD,1,157,11051,70.39,20,20,38,0,137,40,0,0,3,21,20,1.0,0.0046,0.006,1,0.9866342362470586,1,1,0.9998765728922625,0
1605,CONN_FLOOD,1,200,12500,62.5,25,25,50,0,175,50,0,0,2,27,25,1.0,0.005,0.0063,1,0.9248221704148346,1,1,0.9575457489345671,0
1606,CONN_FLOOD,1,210,14609,69.57,26,26,52,0,184,54,0,0,3,28,26,1.0,0.0048,0.0061,1,0.9695647827275777,1,1,0.998092126671656,0
1607,CONN_FLOOD,1,70,5389,76.99,8,8,18,0,62,19,0,0,3,10,8,1.0,0.0072,0.0198,1,0.9287279274583156,1,1,0.8875005966473009,0
1608,BENIGN,0,9,1854,206.0,1,1,2,0,8,3,0,0,2,2,1,1.0,0.004,0.005,0,0.0,0,0,0.024850310318739844,1
1610,BENIGN,0,10,1716,171.6,1,1,2,0,9,4,0,0,2,2,1,1.0,0.0036,0.0036,0,0.0011703531075200708,0,0,0.032699110238374116,0
1611,BENIGN,0,8,704,88.0,1,1,2,0,7,2,0,0,2,2,1,1.0,0.0046,0.0066,0,0.0,0,0,0.03849546111559696,0
1613,BENIGN,0,8,969,121.12,1,1,2,0,7,2,0,0,2,2,1,1.0,0.0046,0.0066,0,0.0,0,0,0.014859015562129988,0
1614,BENIGN,0,9,1182,131.33,1,1,2,0,8,3,0,0,2,2,1,1.0,0.004,0.005,0,0.0,0,0,0.007482582603906674,0
1615,BENIGN,0,8,871,108.88,1,1,2,0,7,2,0,0,2,2,1,1.0,0.0046,0.0066,0,0.0,0,0,0.02221533076371314,1
1616,BENIGN,0,10,2853,285.3,1,1,2,0,9,4,0,0,2,2,1,1.0,0.0036,0.0036,0,0.0011703531075200708,0,0,0.11398396747287574,0
1617,BENIGN,0,9,1857,206.33,1,1,2,0,8,3,0,0,2,2,1,1.0,0.004,0.005,0,0.0,0,0,0.024850310318739844,0
1618,BENIGN,0,37,6780,183.24,4,4,8,0,32,12,1,0,2,5,4,1.0,0.0045,0.0049,0,0.07805587453057353,0,1,0.8322198867066714,1
1619,BENIGN,0,63,11832,187.81,7,7,14,0,56,21,0,0,3,8,7,1.0,0.0131,0.0664,0,0.4307767984043974,1,1,0.8867732550529354,0
1621,BENIGN,0,9,2065,229.44,1,1,2,0,8,3,0,0,2,2,1,1.0,0.004,0.005,0,0.0,0,0,0.043926377956929503,0
1622,BENIGN,0,8,730,91.25,1,1,2,0,7,2,0,0,2,2,1,1.0,0.0046,0.0066,0,0.0,0,0,0.03521642785788378,0
1624,BENIGN,0,10,1817,181.7,1,1,2,0,8,3,1,0,2,2,1,1.0,0.0044,0.0049,0,0.00504426526675463,0,0,0.20531025318902416,0
1625,BENIGN,0,9,1339,148.78,1,1,2,0,8,3,0,0,2,2,1,1.0,0.004,0.005,0,0.0,0,0,0.00224040607575138,1
1627,BENIGN,0,71,12737,179.39,8,8,16,0,63,23,0,0,2,9,8,1.0,0.005,0.0064,0,0.03934411118130938,0,1,0.7805835918152279,0
1628,BENIGN,0,8,632,79.0,1,1,2,0,7,2,0,0,2,2,1,1.0,0.0046,0.0066,0,0.007623182343235666,0,0,0.05914942363072502,0
1629,BENIGN,0,9,1517,168.56,1,1,2,0,8,3,0,0,2,2,1,1.0,0.004,0.005,0,0.0,0,0,0.005844097214797003,0
1631,BENIGN,0,9,1747,194.11,1,1,2,0,8,3,0,0,2,2,1,1.0,0.004,0.005,0,0.0,0,0,0.01398596059361897,0
1632,BENIGN,0,9,2095,232.78,1,1,2,0,8,3,0,0,2,2,1,1.0,0.004,0.005,0,0.0,0,0,0.05047217936256306,0
1633,BENIGN,0,10,2661,266.1,1,1,2,0,9,4,0,0,2,2,1,1.0,0.0036,0.0036,0,0.0011703531075200708,0,0,0.08332233198110142,0
1634,BENIGN,0,8,1076,134.5,1,1,2,0,7,2,0,0,2,2,1,1.0,0.0046,0.0066,0,0.0,0,0,0.017409286714936693,1
1636,BENIGN,0,9,1542,171.33,1,1,2,0,8,3,0,0,2,2,1,1.0,0.004,0.005,0,0.0,0,0,0.0053342660706548,0
1637,BENIGN,0,10,1309,130.9,1,1,2,0,9,4,0,0,2,2,1,1.0,0.0036,0.0036,0,0.0010008741258741266,0,0,0.059120781845827176,0
1639,BENIGN,0,10,2169,216.9,1,1,2,0,9,4,0,0,2,2,1,1.0,0.0036,0.0036,0,0.0011703531075200708,0,0,0.04742304613753667,0
1640,BENIGN,0,10,1882,188.2,1,1,2,0,9,4,0,0,2,2,1,1.0,0.0036,0.0036,0,0.0011703531075200708,0,0,0.03349483709837999,0
1641,BENIGN,0,10,2880,288.0,1,1,2,0,9,4,0,0,2,2,1,1.0,0.0036,0.0036,0,0.0011703531075200708,0,0,0.1164238154456632,0
1642,BENIGN,0,8,1267,158.38,1,1,2,0,7,2,0,0,2,2,1,1.0,0.0046,0.0066,0,0.0,0,0,0.04816820941917503,0
1643,BENIGN,0,8,772,96.5,1,1,2,0,7,2,0,0,2,2,1,1.0,0.0046,0.0066,0,0.0,0,0,0.029962598524918154,0
1644,BENIGN,0,10,2542,254.2,1,1,2,0,9,4,0,0,2,2,1,1.0,0.0036,0.0036,0,0.0011703531075200708,0,0,0.06456551635188108,0
1645,BENIGN,0,63,10968,174.1,7,7,14,0,55,20,1,0,2,8,7,1.0,0.0055,0.0082,0,0.07780986512721039,0,1,0.853519329566546,1
1646,BENIGN,0,8,1132,141.5,1,1,2,0,7,2,0,0,2,2,1,1.0,0.0046,0.0066,0,0.0,0,0,0.021087056308944998,0
1647,BENIGN,0,9,1912,212.44,1,1,2,0,8,3,0,0,2,2,1,1.0,0.004,0.005,0,0.0,0,0,0.02953409042603528,1
1648,BENIGN,0,8,663,82.88,1,1,2,0,7,2,0,0,2,2,1,1.0,0.0046,0.0066,0,0.0046878198567041965,0,0,0.051519777216538096,0
1649,BENIGN,0,8,842,105.25,1,1,2,0,7,2,0,0,2,2,1,1.0,0.0046,0.0066,0,0.0,0,0,0.023019094926367886,0
1650,BENIGN,0,10,1851,185.1,1,1,2,0,8,3,1,0,2,2,1,1.0,0.0044,0.0049,0,0.00504426526675463,0,0,0.21000056310595616,1
1652,HTTP_ATTACK,1,34,5486,161.35,5,5,6,0,29,12,0,0,3,6,5,1.0,0.0263,0.0723,1,0.9355201430556721,1,1,0.8400401871684865,0
1653,HTTP_ATTACK,1,23,2507,109.0,4,4,3,0,19,8,0,0,2,5,4,1.0,0.0372,0.0846,1,0.7502574107779254,1,1,0.7056879342261152,1
1654,HTTP_ATTACK,1,28,3980,142.14,4,4,6,0,24,9,0,0,3,5,4,1.0,0.0322,0.0734,1,0.9518094694692836,1,1,0.8077767520134634,1
1655,HTTP_ATTACK,1,27,3538,131.04,4,4,5,0,23,9,0,0,3,5,4,1.0,0.024,0.0698,1,0.9965621544270843,1,1,0.8021251569046963,0
1656,HTTP_ATTACK,1,6,628,104.67,1,1,1,0,5,2,0,0,2,2,1,1.0,0.004,0.0038,1,0.9847092200056935,0,0,0.22742154865302752,0
1657,BENIGN,0,8,897,112.12,1,1,2,0,7,2,0,0,2,2,1,1.0,0.0046,0.0066,0,0.0,0,0,0.01547990470566967,1
1658,BENIGN,0,10,2227,222.7,1,1,2,0,9,4,0,0,2,2,1,1.0,0.0036,0.0036,0,0.0011703531075200708,0,0,0.04659537196960474,0
1659,BENIGN,0,10,2594,259.4,1,1,2,0,9,4,0,0,2,2,1,1.0,0.0036,0.0036,0,0.0011703531075200708,0,0,0.07162365516791795,0
1660,BENIGN,0,10,2294,229.4,1,1,2,0,9,4,0,0,2,2,1,1.0,0.0036,0.0036,0,0.0011703531075200708,0,0,0.05082601077754441,1
1661,BENIGN,0,11,2254,204.91,1,1,2,0,9,4,1,0,2,2,1,1.0,0.004,0.0037,0,0.0,0,0,0.2745217855120734,0
1662,BENIGN,0,10,2099,209.9,1,1,2,0,8,3,1,0,2,2,1,1.0,0.0044,0.0049,0,0.00504426526675463,0,0,0.2434922057235207,1
1664,BENIGN,0,34,6410,188.53,4,4,6,0,30,13,0,0,2,5,4,1.0,0.0259,0.124,0,0.22651344990023292,0,1,0.8166796615335048,1
1665,BENIGN,0,85,15190,178.71,9,9,20,0,76,28,0,0,2,11,9,1.0,0.01,0.045,0,0.004861879894968806,0,1,0.8563952904029907,0
1667,BENIGN,0,8,713,89.12,1,1,2,0,7,2,0,0,2,2,1,1.0,0.0046,0.0066,0,0.0,0,0,0.035591753998871746,0
1668,BENIGN,0,11,2646,240.55,1,1,2,0,9,4,1,0,3,2,1,1.0,0.004,0.0037,0,0.09973116731379301,1,0,0.48458966601022013,1
1670,BENIGN,0,9,1425,158.33,1,1,2,0,8,3,0,0,2,2,1,1.0,0.004,0.005,0,0.0,0,0,0.0008175048325708034,1
1672,BENIGN,0,62,10970,176.94,7,7,14,0,55,20,0,0,2,8,7,1.0,0.0053,0.0074,0,0.03536208787926502,0,1,0.7828851125630824,0
1673,BENIGN,0,10,1258,125.8,1,1,2,0,9,4,0,0,2,2,1,1.0,0.0036,0.0036,0,0.0010008741258741266,0,0,0.06358473904061963,0
1674,BENIGN,0,8,626,78.25,1,1,2,0,7,2,0,0,2,2,1,1.0,0.0046,0.0066,0,0.007623182343235666,0,0,0.06534743736849515,0
1676,BENIGN,0,8,1198,149.75,1,1,2,0,7,2,0,0,2,2,1,1.0,0.0046,0.0066,0,0.0,0,0,0.027271178037660347,0
1678,BENIGN,0,10,2339,233.9,1,1,2,0,9,4,0,0,2,2,1,1.0,0.0036,0.0036,0,0.0011703531075200708,0,0,0.05699870528525985,1
1679,BENIGN,0,8,1172,146.5,1,1,2,0,7,2,0,0,2,2,1,1.0,0.0046,0.0066,0,0.0,0,0,0.02376175021899774,1
1680,BENIGN,0,10,2846,284.6,1,1,2,0,9,4,0,0,2,2,1,1.0,0.0036,0.0036,0,0.0011703531075200708,0,0,0.11427944333295965,1
1681,BENIGN,0,10,2847,284.7,1,1,2,0,9,4,0,0,2,2,1,1.0,0.0036,0.0036,0,0.0011703531075200708,0,0,0.11427944333295965,0
1682,BENIGN,0,9,1588,176.44,1,1,2,0,8,3,0,0,2,2,1,1.0,0.004,0.005,0,0.0,0,0,0.0066027877797628755,0
1684,BENIGN,0,9,916,101.78,1,1,2,0,7,2,1,0,3,2,1,1.0,0.005,0.0063,0,0.03410857444611158,1,0,0.44870326322836496,0
1685,BENIGN,0,8,631,78.88,1,1,2,0,7,2,0,0,2,2,1,1.0,0.0046,0.0066,0,0.007623182343235666,0,0,0.06170006222647213,0
1687,BENIGN,0,16,2195,137.19,2,2,4,0,14,4,0,0,2,3,2,1.0,0.0552,0.1896,0,0.043080728913842126,0,1,0.5431390576111056,1
1689,BENIGN,0,8,1054,131.75,1,1,2,0,7,2,0,0,2,2,1,1.0,0.0046,0.0066,0,0.0,0,0,0.014778719740957241,0
1690,BENIGN,0,16,2413,150.81,2,2,4,0,14,4,0,0,2,3,2,1.0,0.0531,0.1816,0,0.047672974903146946,0,0,0.5127920500212646,0
1691,BENIGN,0,26,4466,171.77,3,3,6,0,23,8,0,0,2,4,3,1.0,0.005,0.0061,0,0.09015757221500968,0,1,0.6729104715397628,0
1692,BENIGN,0,72,13614,189.08,8,8,16,0,64,24,0,0,3,9,8,1.0,0.0068,0.0122,0,0.30659975830648545,1,1,0.8548968351004267,0
1693,BENIGN,0,9,1927,214.11,1,1,2,0,8,3,0,0,2,2,1,1.0,0.004,0.005,0,0.0,0,0,0.02917866626768136,1
1695,BENIGN,0,8,758,94.75,1,1,2,0,7,2,0,0,2,2,1,1.0,0.0046,0.0066,0,0.0,0,0,0.028235131262517237,0
1696,BENIGN,0,10,1851,185.1,1,1,2,0,8,3,1,0,2,2,1,1.0,0.0044,0.0049,0,0.00504426526675463,0,0,0.21000056310595616,1
1697,BENIGN,0,10,1595,159.5,1,1,2,0,9,4,0,0,2,2,1,1.0,0.0036,0.0036,0,0.0011703531075200708,0,0,0.03538302645325073,1
1698,BENIGN,0,9,1836,204.0,1,1,2,0,8,3,0,0,2,2,1,1.0,0.004,0.005,0,0.0,0,0,0.022094273957648305,0
1699,BENIGN,0,10,1689,168.9,1,1,2,0,8,3,1,0,2,2,1,1.0,0.0044,0.0049,0,0.0014717223650385605,0,0,0.1939381905430825,0
1700,BENIGN,0,8,768,96.0,1,1,2,0,7,2,0,0,2,2,1,1.0,0.0046,0.0066,0,0.0,0,0,0.029177624108603424,1
1701,BENIGN,0,10,1737,173.7,1,1,2,0,9,4,0,0,2,2,1,1.0,0.0036,0.0036,0,0.0011703531075200708,0,0,0.03171875358052112,0
1702,BENIGN,0,9,1772,196.89,1,1,2,0,8,3,0,0,2,2,1,1.0,0.004,0.005,0,0.0,0,0,0.01802337389302742,1
1703,BENIGN,0,9,1707,189.67,1,1,2,0,8,3,0,0,2,2,1,1.0,0.004,0.005,0,0.0,0,0,0.014166261558224483,0
1704,BENIGN,0,9,1278,142.0,1,1,2,0,8,3,0,0,2,2,1,1.0,0.004,0.005,0,0.0,0,0,0.004776579530109954,1
1706,BENIGN,0,8,672,84.0,1,1,2,0,7,2,0,0,2,2,1,1.0,0.0046,0.0066,0,0.0046878198567041965,0,0,0.04847348929603961,0
1707,BENIGN,0,8,1118,139.75,1,1,2,0,7,2,0,0,2,2,1,1.0,0.0046,0.0066,0,0.0,0,0,0.01955855628326205,1
1709,BENIGN,0,9,1108,123.11,1,1,2,0,8,3,0,0,2,2,1,1.0,0.004,0.005,0,0.0,0,0,0.012380885533290935,1
1710,BENIGN,0,8,635,79.38,1,1,2,0,7,2,0,0,2,2,1,1.0,0.0046,0.0066,0,0.007623182343235666,0,0,0.05857629824739902,0
1712,BENIGN,0,9,1241,137.89,1,1,2,0,7,2,1,0,3,2,1,1.0,0.005,0.0063,0,0.02133624369185142,1,0,0.4627107238743675,0
1713,BENIGN,0,9,2083,231.44,1,1,2,0,8,3,0,0,2,2,1,1.0,0.004,0.005,0,0.0,0,0,0.04760217361091746,1
1715,BENIGN,0,10,2609,260.9,1,1,2,0,9,4,0,0,2,2,1,1.0,0.0036,0.0036,0,0.0011703531075200708,0,0,0.0721860367570424,1
1716,BENIGN,0,10,2832,283.2,1,1,2,0,9,4,0,0,2,2,1,1.0,0.0036,0.0036,0,0.0011703531075200708,0,0,0.11811427868869515,1
1717,BENIGN,0,10,1690,169.0,1,1,2,0,9,4,0,0,2,2,1,1.0,0.0036,0.0036,0,0.0011703531075200708,0,0,0.034551977798119596,0
1718,BENIGN,0,8,1025,128.12,1,1,2,0,7,2,0,0,2,2,1,1.0,0.0046,0.0066,0,0.0,0,0,0.014831330252815016,0
1719,BENIGN,0,9,1368,152.0,1,1,2,0,8,3,0,0,2,2,1,1.0,0.004,0.005,0,0.0,0,0,0.0011280021564829704,0
1720,BENIGN,0,10,2528,252.8,1,1,2,0,9,4,0,0,2,2,1,1.0,0.0036,0.0036,0,0.0011703531075200708,0,0,0.06360571155258751,0
1721,BENIGN,0,10,2668,266.8,1,1,2,0,9,4,0,0,2,2,1,1.0,0.0036,0.0036,0,0.0011703531075200708,0,0,0.08554880561818352,0
1723,BENIGN,0,10,1423,142.3,1,1,2,0,9,4,0,0,2,2,1,1.0,0.0036,0.0036,0,0.0011703531075200708,0,0,0.04857688237764311,0
1724,BENIGN,0,9,1842,204.67,1,1,2,0,8,3,0,0,2,2,1,1.0,0.004,0.005,0,0.0,0,0,0.022094273957648305,0
1725,BENIGN,0,8,1170,146.25,1,1,2,0,7,2,0,0,2,2,1,1.0,0.0046,0.0066,0,0.0,0,0,0.024206635617529875,0
1726,BENIGN,0,10,1137,113.7,1,1,2,0,8,3,1,0,3,2,1,1.0,0.0044,0.0049,0,0.015875576589629986,1,0,0.4178521114807102,1
1727,BENIGN,0,10,2223,222.3,1,1,2,0,9,4,0,0,2,2,1,1.0,0.0036,0.0036,0,0.0011703531075200708,0,0,0.04659537196960474,0
1728,BENIGN,0,8,844,105.5,1,1,2,0,7,2,0,0,2,2,1,1.0,0.0046,0.0066,0,0.0,0,0,0.023019094926367886,0
1729,BENIGN,0,82,15759,192.18,9,9,18,0,73,28,0,0,2,10,9,1.0,0.0063,0.0092,0,0.023554277147528876,0,1,0.8053860491393681,1
1730,BENIGN,0,10,1731,173.1,1,1,2,0,9,4,0,0,2,2,1,1.0,0.0036,0.0036,0,0.0011703531075200708,0,0,0.032699110238374116,1
1731,BENIGN,0,9,1470,163.33,1,1,2,0,8,3,0,0,2,2,1,1.0,0.004,0.005,0,0.0,0,0,0.0,1
1732,BENIGN,0,7,1081,154.43,1,1,2,0,6,2,0,0,2,2,1,1.0,0.0052,0.007,0,0.11538748159086427,0,0,0.0991556576895041,1
1733,BENIGN,0,11,1714,155.82,1,1,2,0,10,4,0,0,2,2,1,1.0,0.0757,0.2166,0,0.22137744416306543,0,0,0.46843764686734574,0
1734,BENIGN,0,10,1785,178.5,1,1,2,0,9,4,0,0,2,2,1,1.0,0.0036,0.0036,0,0.0011703531075200708,0,0,0.032266456148168095,0
1736,BENIGN,0,9,1397,155.22,1,1,2,0,8,3,0,0,2,2,1,1.0,0.004,0.005,0,0.0,0,0,0.0010620007410465611,0
1737,BENIGN,0,8,729,91.12,1,1,2,0,7,2,0,0,2,2,1,1.0,0.0046,0.0066,0,0.0,0,0,0.03689945256631049,0
1739,BENIGN,0,9,1721,191.22,1,1,2,0,8,3,0,0,2,2,1,1.0,0.004,0.005,0,0.0,0,0,0.014166261558224483,1
1740,BENIGN,0,8,836,104.5,1,1,2,0,7,2,0,0,2,2,1,1.0,0.0046,0.0066,0,0.0,0,0,0.023603974961471725,0
1741,BENIGN,0,9,1662,184.67,1,1,2,0,8,3,0,0,2,2,1,1.0,0.004,0.005,0,0.0,0,0,0.011561415334132807,0
1743,BENIGN,0,8,1162,145.25,1,1,2,0,7,2,0,0,2,2,1,1.0,0.0046,0.0066,0,0.0,0,0,0.02327060069452655,1
1744,BENIGN,0,8,1166,145.75,1,1,2,0,7,2,0,0,2,2,1,1.0,0.0046,0.0066,0,0.0,0,0,0.022396827258296188,0
1746,BENIGN,0,10,2004,200.4,1,1,2,0,9,4,0,0,2,2,1,1.0,0.0036,0.0036,0,0.0011703531075200708,0,0,0.03850689403159059,0
1747,BENIGN,0,10,1733,173.3,1,1,2,0,9,4,0,0,2,2,1,1.0,0.0036,0.0036,0,0.0011703531075200708,0,0,0.03342666004203363,0
1748,BENIGN,0,9,1221,135.67,1,1,2,0,8,3,0,0,2,2,1,1.0,0.004,0.005,0,0.0,0,0,0.005846601017568713,1
1749,BENIGN,0,10,2224,222.4,1,1,2,0,9,4,0,0,2,2,1,1.0,0.0036,0.0036,0,0.0011703531075200708,0,0,0.04659537196960474,0
1750,BENIGN,0,9,2007,223.0,1,1,2,0,8,3,0,0,2,2,1,1.0,0.004,0.005,0,0.0,0,0,0.03525532190196967,1
1751,BENIGN,0,8,1215,151.88,1,1,2,0,7,2,0,0,2,2,1,1.0,0.0046,0.0066,0,0.0,0,0,0.02810201060894152,0
1752,BENIGN,0,10,2022,202.2,1,1,2,0,9,4,0,0,2,2,1,1.0,0.0036,0.0036,0,0.0011703531075200708,0,0,0.03822661793283419,0
1753,BENIGN,0,9,1307,145.22,1,1,2,0,8,3,0,0,2,2,1,1.0,0.004,0.005,0,0.0,0,0,0.003943057942105674,0
1754,BENIGN,0,20,4021,201.05,2,2,4,0,17,7,1,0,3,3,2,1.0,0.0467,0.1812,0,0.031517259618817246,1,1,0.6775808963692637,0
1756,BENIGN,0,10,1173,117.3,1,1,2,0,8,3,1,0,2,2,1,1.0,0.0044,0.0049,0,0.0,0,0,0.19379327770445115,1
1757,BENIGN,0,9,1017,113.0,1,1,2,0,8,3,0,0,2,2,1,1.0,0.004,0.005,0,0.0,0,0,0.01980643065903357,0
1758,BENIGN,0,9,1420,157.78,1,1,2,0,8,3,0,0,2,2,1,1.0,0.004,0.005,0,0.0,0,0,0.0004482833871846624,0
1760,BENIGN,0,9,1481,164.56,1,1,2,0,8,3,0,0,2,2,1,1.0,0.004,0.005,0,0.0,0,0,0.0010385603129981148,0
1761,BENIGN,0,13,1394,107.23,2,2,2,0,11,4,0,0,3,3,2,1.0,0.0717,0.2274,1,0.5766408034112898,1,1,0.7108099725399007,1
1762,BENIGN,0,4,790,197.5,0,0,2,0,4,1,0,0,2,2,0,0.0,0.0073,0.009,0,0.17292303359931424,0,1,0.6550779431336549,0
1763,BENIGN,0,9,1763,195.89,1,1,2,0,8,3,0,0,2,2,1,1.0,0.004,0.005,0,0.0,0,0,0.016506764764169343,1
1765,BENIGN,0,10,1173,117.3,1,1,2,0,9,4,0,0,2,2,1,1.0,0.0036,0.0036,0,0.0010008741258741266,0,0,0.07102200463104515,1
1766,BENIGN,0,8,1126,140.75,1,1,2,0,7,2,0,0,2,2,1,1.0,0.0046,0.0066,0,0.0,0,0,0.019189128786054423,0
1767,BENIGN,0,9,1170,130.0,1,1,2,0,8,3,0,0,2,2,1,1.0,0.004,0.005,0,0.0,0,0,0.007482582603906674,0
1768,BENIGN,0,8,993,124.12,1,1,2,0,7,2,0,0,2,2,1,1.0,0.0046,0.0066,0,0.0,0,0,0.015405375989792035,1
1769,BENIGN,0,8,661,82.62,1,1,2,0,7,2,0,0,2,2,1,1.0,0.0046,0.0066,0,0.0046878198567041965,0,0,0.05124552893129658,0
1771,BENIGN,0,10,2477,247.7,1,1,2,0,9,4,0,0,2,2,1,1.0,0.0036,0.0036,0,0.0011703531075200708,0,0,0.0590515739610214,0
1772,BENIGN,0,8,997,124.62,1,1,2,0,7,2,0,0,2,2,1,1.0,0.0046,0.0066,0,0.0,0,0,0.015057988905111246,0
1773,BENIGN,0,9,1937,215.22,1,1,2,0,8,3,0,0,2,2,1,1.0,0.004,0.005,0,0.0,0,0,0.029445448221442412,0
1774,BENIGN,0,10,1302,130.2,1,1,2,0,9,4,0,0,2,2,1,1.0,0.0036,0.0036,0,0.0010008741258741266,0,0,0.05875345750999882,1
1775,BENIGN,0,9,1748,194.22,1,1,2,0,8,3,0,0,2,2,1,1.0,0.004,0.005,0,0.0,0,0,0.016153714895591417,0
1776,BENIGN,0,9,1826,202.89,1,1,2,0,8,3,0,0,2,2,1,1.0,0.004,0.005,0,0.0,0,0,0.021965876617986144,0
1777,BENIGN,0,8,748,93.5,1,1,2,0,7,2,0,0,2,2,1,1.0,0.0046,0.0066,0,0.0,0,0,0.029085677979063515,0
1778,BENIGN,0,9,1752,194.67,1,1,2,0,8,3,0,0,2,2,1,1.0,0.004,0.005,0,0.0,0,0,0.016506764764169343,0
1779,BENIGN,0,9,2021,224.56,1,1,2,0,8,3,0,0,2,2,1,1.0,0.004,0.005,0,0.0,0,0,0.039772630673704235,1
1780,BENIGN,0,8,996,124.5,1,1,2,0,7,2,0,0,2,2,1,1.0,0.0046,0.0066,0,0.0,0,0,0.015057988905111246,0
1781,BENIGN,0,17,1815,106.76,2,2,4,0,14,4,1,0,2,3,2,1.0,0.0541,0.191,0,0.09391459746782559,0,1,0.6793842430154263,1
1783,BENIGN,0,9,1751,194.56,1,1,2,0,8,3,0,0,2,2,1,1.0,0.004,0.005,0,0.0,0,0,0.016506764764169343,0
1785,BENIGN,0,9,1657,184.11,1,1,2,0,8,3,0,0,2,2,1,1.0,0.004,0.005,0,0.0,0,0,0.01127080090933138,0
1786,BENIGN,0,11,2745,249.55,1,1,2,0,9,4,1,0,2,2,1,1.0,0.004,0.0037,0,0.0,0,0,0.3239192281048876,1
1788,BENIGN,0,10,2768,276.8,1,1,2,0,9,4,0,0,2,2,1,1.0,0.0036,0.0036,0,0.0011703531075200708,0,0,0.10763879583344195,0
1789,BENIGN,0,19,2914,153.37,2,2,4,0,17,7,0,0,3,3,2,1.0,0.0533,0.2042,0,0.2784973684527711,1,1,0.5973089482211542,0
1791,BENIGN,0,18,3365,186.94,2,2,4,0,16,6,0,0,3,3,2,1.0,0.0481,0.1763,0,0.052207763492012844,1,1,0.5389397963014976,0
1793,BENIGN,0,8,1183,147.88,1,1,2,0,7,2,0,0,2,2,1,1.0,0.0046,0.0066,0,0.0,0,0,0.02475436563648315,0
1795,BENIGN,0,9,1298,144.22,1,1,2,0,8,3,0,0,2,2,1,1.0,0.004,0.005,0,0.0,0,0,0.003943057942105674,0
1796,BENIGN,0,9,1639,182.11,1,1,2,0,8,3,0,0,2,2,1,1.0,0.004,0.005,0,0.0,0,0,0.011815750469156236,0
1798,BENIGN,0,8,1142,142.75,1,1,2,0,7,2,0,0,2,2,1,1.0,0.0046,0.0066,0,0.0,0,0,0.020535029873887133,0
1799,BENIGN,0,8,751,93.88,1,1,2,0,7,2,0,0,2,2,1,1.0,0.0046,0.0066,0,0.0,0,0,0.029085677979063515,0
